{
"type": "FeatureCollection",
"name": "wi_grid",
"crs": { "type": "name", "properties": { "name": "urn:ogc:def:crs:OGC:1.3:CRS84" } },
"features": [
{ "type": "Feature", "properties": { "lat": 42.4, "lng": -93.0 }, "geometry": { "type": "Polygon", "coordinates": [ [ [ -93.05, 42.45 ], [ -92.95, 42.45 ], [ -92.95, 42.35 ], [ -93.05, 42.35 ], [ -93.05, 42.45 ] ] ] } },
{ "type": "Feature", "properties": { "lat": 42.4, "lng": -92.9 }, "geometry": { "type": "Polygon", "coordinates": [ [ [ -92.95, 42.45 ], [ -92.85, 42.45 ], [ -92.85, 42.35 ], [ -92.95, 42.35 ], [ -92.95, 42.45 ] ] ] } },
{ "type": "Feature", "properties": { "lat": 42.4, "lng": -92.8 }, "geometry": { "type": "Polygon", "coordinates": [ [ [ -92.85, 42.45 ], [ -92.75, 42.45 ], [ -92.75, 42.35 ], [ -92.85, 42.35 ], [ -92.85, 42.45 ] ] ] } },
{ "type": "Feature", "properties": { "lat": 42.4, "lng": -92.7 }, "geometry": { "type": "Polygon", "coordinates": [ [ [ -92.75, 42.45 ], [ -92.65, 42.45 ], [ -92.65, 42.35 ], [ -92.75, 42.35 ], [ -92.75, 42.45 ] ] ] } },
{ "type": "Feature", "properties": { "lat": 42.4, "lng": -92.6 }, "geometry": { "type": "Polygon", "coordinates": [ [ [ -92.65, 42.45 ], [ -92.55, 42.45 ], [ -92.55, 42.35 ], [ -92.65, 42.35 ], [ -92.65, 42.45 ] ] ] } },
{ "type": "Feature", "properties": { "lat": 42.4, "lng": -92.5 }, "geometry": { "type": "Polygon", "coordinates": [ [ [ -92.55, 42.45 ], [ -92.45, 42.45 ], [ -92.45, 42.35 ], [ -92.55, 42.35 ], [ -92.55, 42.45 ] ] ] } },
{ "type": "Feature", "properties": { "lat": 42.4, "lng": -92.4 }, "geometry": { "type": "Polygon", "coordinates": [ [ [ -92.45, 42.45 ], [ -92.35, 42.45 ], [ -92.35, 42.35 ], [ -92.45, 42.35 ], [ -92.45, 42.45 ] ] ] } },
{ "type": "Feature", "properties": { "lat": 42.4, "lng": -92.3 }, "geometry": { "type": "Polygon", "coordinates": [ [ [ -92.35, 42.45 ], [ -92.25, 42.45 ], [ -92.25, 42.35 ], [ -92.35, 42.35 ], [ -92.35, 42.45 ] ] ] } },
{ "type": "Feature", "properties": { "lat": 42.4, "lng": -92.2 }, "geometry": { "type": "Polygon", "coordinates": [ [ [ -92.25, 42.45 ], [ -92.15, 42.45 ], [ -92.15, 42.35 ], [ -92.25, 42.35 ], [ -92.25, 42.45 ] ] ] } },
{ "type": "Feature", "properties": { "lat": 42.4, "lng": -92.1 }, "geometry": { "type": "Polygon", "coordinates": [ [ [ -92.15, 42.45 ], [ -92.05, 42.45 ], [ -92.05, 42.35 ], [ -92.15, 42.35 ], [ -92.15, 42.45 ] ] ] } },
{ "type": "Feature", "properties": { "lat": 42.4, "lng": -92.0 }, "geometry": { "type": "Polygon", "coordinates": [ [ [ -92.05, 42.45 ], [ -91.95, 42.45 ], [ -91.95, 42.35 ], [ -92.05, 42.35 ], [ -92.05, 42.45 ] ] ] } },
{ "type": "Feature", "properties": { "lat": 42.4, "lng": -91.9 }, "geometry": { "type": "Polygon", "coordinates": [ [ [ -91.95, 42.45 ], [ -91.85, 42.45 ], [ -91.85, 42.35 ], [ -91.95, 42.35 ], [ -91.95, 42.45 ] ] ] } },
{ "type": "Feature", "properties": { "lat": 42.4, "lng": -91.8 }, "geometry": { "type": "Polygon", "coordinates": [ [ [ -91.85, 42.45 ], [ -91.75, 42.45 ], [ -91.75, 42.35 ], [ -91.85, 42.35 ], [ -91.85, 42.45 ] ] ] } },
{ "type": "Feature", "properties": { "lat": 42.4, "lng": -91.7 }, "geometry": { "type": "Polygon", "coordinates": [ [ [ -91.75, 42.45 ], [ -91.65, 42.45 ], [ -91.65, 42.35 ], [ -91.75, 42.35 ], [ -91.75, 42.45 ] ] ] } },
{ "type": "Feature", "properties": { "lat": 42.4, "lng": -91.6 }, "geometry": { "type": "Polygon", "coordinates": [ [ [ -91.65, 42.45 ], [ -91.55, 42.45 ], [ -91.55, 42.35 ], [ -91.65, 42.35 ], [ -91.65, 42.45 ] ] ] } },
{ "type": "Feature", "properties": { "lat": 42.4, "lng": -91.5 }, "geometry": { "type": "Polygon", "coordinates": [ [ [ -91.55, 42.45 ], [ -91.45, 42.45 ], [ -91.45, 42.35 ], [ -91.55, 42.35 ], [ -91.55, 42.45 ] ] ] } },
{ "type": "Feature", "properties": { "lat": 42.4, "lng": -91.4 }, "geometry": { "type": "Polygon", "coordinates": [ [ [ -91.45, 42.45 ], [ -91.35, 42.45 ], [ -91.35, 42.35 ], [ -91.45, 42.35 ], [ -91.45, 42.45 ] ] ] } },
{ "type": "Feature", "properties": { "lat": 42.4, "lng": -91.3 }, "geometry": { "type": "Polygon", "coordinates": [ [ [ -91.35, 42.45 ], [ -91.25, 42.45 ], [ -91.25, 42.35 ], [ -91.35, 42.35 ], [ -91.35, 42.45 ] ] ] } },
{ "type": "Feature", "properties": { "lat": 42.4, "lng": -91.2 }, "geometry": { "type": "Polygon", "coordinates": [ [ [ -91.25, 42.45 ], [ -91.15, 42.45 ], [ -91.15, 42.35 ], [ -91.25, 42.35 ], [ -91.25, 42.45 ] ] ] } },
{ "type": "Feature", "properties": { "lat": 42.4, "lng": -91.1 }, "geometry": { "type": "Polygon", "coordinates": [ [ [ -91.15, 42.45 ], [ -91.05, 42.45 ], [ -91.05, 42.35 ], [ -91.15, 42.35 ], [ -91.15, 42.45 ] ] ] } },
{ "type": "Feature", "properties": { "lat": 42.4, "lng": -91.0 }, "geometry": { "type": "Polygon", "coordinates": [ [ [ -91.05, 42.45 ], [ -90.95, 42.45 ], [ -90.95, 42.35 ], [ -91.05, 42.35 ], [ -91.05, 42.45 ] ] ] } },
{ "type": "Feature", "properties": { "lat": 42.4, "lng": -90.9 }, "geometry": { "type": "Polygon", "coordinates": [ [ [ -90.95, 42.45 ], [ -90.85, 42.45 ], [ -90.85, 42.35 ], [ -90.95, 42.35 ], [ -90.95, 42.45 ] ] ] } },
{ "type": "Feature", "properties": { "lat": 42.4, "lng": -90.8 }, "geometry": { "type": "Polygon", "coordinates": [ [ [ -90.85, 42.45 ], [ -90.75, 42.45 ], [ -90.75, 42.35 ], [ -90.85, 42.35 ], [ -90.85, 42.45 ] ] ] } },
{ "type": "Feature", "properties": { "lat": 42.4, "lng": -90.7 }, "geometry": { "type": "Polygon", "coordinates": [ [ [ -90.75, 42.45 ], [ -90.65, 42.45 ], [ -90.65, 42.35 ], [ -90.75, 42.35 ], [ -90.75, 42.45 ] ] ] } },
{ "type": "Feature", "properties": { "lat": 42.4, "lng": -90.6 }, "geometry": { "type": "Polygon", "coordinates": [ [ [ -90.65, 42.45 ], [ -90.55, 42.45 ], [ -90.55, 42.35 ], [ -90.65, 42.35 ], [ -90.65, 42.45 ] ] ] } },
{ "type": "Feature", "properties": { "lat": 42.4, "lng": -90.5 }, "geometry": { "type": "Polygon", "coordinates": [ [ [ -90.55, 42.45 ], [ -90.45, 42.45 ], [ -90.45, 42.35 ], [ -90.55, 42.35 ], [ -90.55, 42.45 ] ] ] } },
{ "type": "Feature", "properties": { "lat": 42.4, "lng": -90.4 }, "geometry": { "type": "Polygon", "coordinates": [ [ [ -90.45, 42.45 ], [ -90.35, 42.45 ], [ -90.35, 42.35 ], [ -90.45, 42.35 ], [ -90.45, 42.45 ] ] ] } },
{ "type": "Feature", "properties": { "lat": 42.4, "lng": -90.3 }, "geometry": { "type": "Polygon", "coordinates": [ [ [ -90.35, 42.45 ], [ -90.25, 42.45 ], [ -90.25, 42.35 ], [ -90.35, 42.35 ], [ -90.35, 42.45 ] ] ] } },
{ "type": "Feature", "properties": { "lat": 42.4, "lng": -90.2 }, "geometry": { "type": "Polygon", "coordinates": [ [ [ -90.25, 42.45 ], [ -90.15, 42.45 ], [ -90.15, 42.35 ], [ -90.25, 42.35 ], [ -90.25, 42.45 ] ] ] } },
{ "type": "Feature", "properties": { "lat": 42.4, "lng": -90.1 }, "geometry": { "type": "Polygon", "coordinates": [ [ [ -90.15, 42.45 ], [ -90.05, 42.45 ], [ -90.05, 42.35 ], [ -90.15, 42.35 ], [ -90.15, 42.45 ] ] ] } },
{ "type": "Feature", "properties": { "lat": 42.4, "lng": -90.0 }, "geometry": { "type": "Polygon", "coordinates": [ [ [ -90.05, 42.45 ], [ -89.95, 42.45 ], [ -89.95, 42.35 ], [ -90.05, 42.35 ], [ -90.05, 42.45 ] ] ] } },
{ "type": "Feature", "properties": { "lat": 42.4, "lng": -89.9 }, "geometry": { "type": "Polygon", "coordinates": [ [ [ -89.95, 42.45 ], [ -89.85, 42.45 ], [ -89.85, 42.35 ], [ -89.95, 42.35 ], [ -89.95, 42.45 ] ] ] } },
{ "type": "Feature", "properties": { "lat": 42.4, "lng": -89.8 }, "geometry": { "type": "Polygon", "coordinates": [ [ [ -89.85, 42.45 ], [ -89.75, 42.45 ], [ -89.75, 42.35 ], [ -89.85, 42.35 ], [ -89.85, 42.45 ] ] ] } },
{ "type": "Feature", "properties": { "lat": 42.4, "lng": -89.7 }, "geometry": { "type": "Polygon", "coordinates": [ [ [ -89.75, 42.45 ], [ -89.65, 42.45 ], [ -89.65, 42.35 ], [ -89.75, 42.35 ], [ -89.75, 42.45 ] ] ] } },
{ "type": "Feature", "properties": { "lat": 42.4, "lng": -89.6 }, "geometry": { "type": "Polygon", "coordinates": [ [ [ -89.65, 42.45 ], [ -89.55, 42.45 ], [ -89.55, 42.35 ], [ -89.65, 42.35 ], [ -89.65, 42.45 ] ] ] } },
{ "type": "Feature", "properties": { "lat": 42.4, "lng": -89.5 }, "geometry": { "type": "Polygon", "coordinates": [ [ [ -89.55, 42.45 ], [ -89.45, 42.45 ], [ -89.45, 42.35 ], [ -89.55, 42.35 ], [ -89.55, 42.45 ] ] ] } },
{ "type": "Feature", "properties": { "lat": 42.4, "lng": -89.4 }, "geometry": { "type": "Polygon", "coordinates": [ [ [ -89.45, 42.45 ], [ -89.35, 42.45 ], [ -89.35, 42.35 ], [ -89.45, 42.35 ], [ -89.45, 42.45 ] ] ] } },
{ "type": "Feature", "properties": { "lat": 42.4, "lng": -89.3 }, "geometry": { "type": "Polygon", "coordinates": [ [ [ -89.35, 42.45 ], [ -89.25, 42.45 ], [ -89.25, 42.35 ], [ -89.35, 42.35 ], [ -89.35, 42.45 ] ] ] } },
{ "type": "Feature", "properties": { "lat": 42.4, "lng": -89.2 }, "geometry": { "type": "Polygon", "coordinates": [ [ [ -89.25, 42.45 ], [ -89.15, 42.45 ], [ -89.15, 42.35 ], [ -89.25, 42.35 ], [ -89.25, 42.45 ] ] ] } },
{ "type": "Feature", "properties": { "lat": 42.4, "lng": -89.1 }, "geometry": { "type": "Polygon", "coordinates": [ [ [ -89.15, 42.45 ], [ -89.05, 42.45 ], [ -89.05, 42.35 ], [ -89.15, 42.35 ], [ -89.15, 42.45 ] ] ] } },
{ "type": "Feature", "properties": { "lat": 42.4, "lng": -89.0 }, "geometry": { "type": "Polygon", "coordinates": [ [ [ -89.05, 42.45 ], [ -88.95, 42.45 ], [ -88.95, 42.35 ], [ -89.05, 42.35 ], [ -89.05, 42.45 ] ] ] } },
{ "type": "Feature", "properties": { "lat": 42.4, "lng": -88.9 }, "geometry": { "type": "Polygon", "coordinates": [ [ [ -88.95, 42.45 ], [ -88.85, 42.45 ], [ -88.85, 42.35 ], [ -88.95, 42.35 ], [ -88.95, 42.45 ] ] ] } },
{ "type": "Feature", "properties": { "lat": 42.4, "lng": -88.8 }, "geometry": { "type": "Polygon", "coordinates": [ [ [ -88.85, 42.45 ], [ -88.75, 42.45 ], [ -88.75, 42.35 ], [ -88.85, 42.35 ], [ -88.85, 42.45 ] ] ] } },
{ "type": "Feature", "properties": { "lat": 42.4, "lng": -88.7 }, "geometry": { "type": "Polygon", "coordinates": [ [ [ -88.75, 42.45 ], [ -88.65, 42.45 ], [ -88.65, 42.35 ], [ -88.75, 42.35 ], [ -88.75, 42.45 ] ] ] } },
{ "type": "Feature", "properties": { "lat": 42.4, "lng": -88.6 }, "geometry": { "type": "Polygon", "coordinates": [ [ [ -88.65, 42.45 ], [ -88.55, 42.45 ], [ -88.55, 42.35 ], [ -88.65, 42.35 ], [ -88.65, 42.45 ] ] ] } },
{ "type": "Feature", "properties": { "lat": 42.4, "lng": -88.5 }, "geometry": { "type": "Polygon", "coordinates": [ [ [ -88.55, 42.45 ], [ -88.45, 42.45 ], [ -88.45, 42.35 ], [ -88.55, 42.35 ], [ -88.55, 42.45 ] ] ] } },
{ "type": "Feature", "properties": { "lat": 42.4, "lng": -88.4 }, "geometry": { "type": "Polygon", "coordinates": [ [ [ -88.45, 42.45 ], [ -88.35, 42.45 ], [ -88.35, 42.35 ], [ -88.45, 42.35 ], [ -88.45, 42.45 ] ] ] } },
{ "type": "Feature", "properties": { "lat": 42.4, "lng": -88.3 }, "geometry": { "type": "Polygon", "coordinates": [ [ [ -88.35, 42.45 ], [ -88.25, 42.45 ], [ -88.25, 42.35 ], [ -88.35, 42.35 ], [ -88.35, 42.45 ] ] ] } },
{ "type": "Feature", "properties": { "lat": 42.4, "lng": -88.2 }, "geometry": { "type": "Polygon", "coordinates": [ [ [ -88.25, 42.45 ], [ -88.15, 42.45 ], [ -88.15, 42.35 ], [ -88.25, 42.35 ], [ -88.25, 42.45 ] ] ] } },
{ "type": "Feature", "properties": { "lat": 42.4, "lng": -88.1 }, "geometry": { "type": "Polygon", "coordinates": [ [ [ -88.15, 42.45 ], [ -88.05, 42.45 ], [ -88.05, 42.35 ], [ -88.15, 42.35 ], [ -88.15, 42.45 ] ] ] } },
{ "type": "Feature", "properties": { "lat": 42.4, "lng": -88.0 }, "geometry": { "type": "Polygon", "coordinates": [ [ [ -88.05, 42.45 ], [ -87.95, 42.45 ], [ -87.95, 42.35 ], [ -88.05, 42.35 ], [ -88.05, 42.45 ] ] ] } },
{ "type": "Feature", "properties": { "lat": 42.4, "lng": -87.9 }, "geometry": { "type": "Polygon", "coordinates": [ [ [ -87.95, 42.45 ], [ -87.85, 42.45 ], [ -87.85, 42.35 ], [ -87.95, 42.35 ], [ -87.95, 42.45 ] ] ] } },
{ "type": "Feature", "properties": { "lat": 42.4, "lng": -87.8 }, "geometry": { "type": "Polygon", "coordinates": [ [ [ -87.85, 42.45 ], [ -87.75, 42.45 ], [ -87.75, 42.35 ], [ -87.85, 42.35 ], [ -87.85, 42.45 ] ] ] } },
{ "type": "Feature", "properties": { "lat": 42.4, "lng": -87.7 }, "geometry": { "type": "Polygon", "coordinates": [ [ [ -87.75, 42.45 ], [ -87.65, 42.45 ], [ -87.65, 42.35 ], [ -87.75, 42.35 ], [ -87.75, 42.45 ] ] ] } },
{ "type": "Feature", "properties": { "lat": 42.4, "lng": -87.6 }, "geometry": { "type": "Polygon", "coordinates": [ [ [ -87.65, 42.45 ], [ -87.55, 42.45 ], [ -87.55, 42.35 ], [ -87.65, 42.35 ], [ -87.65, 42.45 ] ] ] } },
{ "type": "Feature", "properties": { "lat": 42.4, "lng": -87.5 }, "geometry": { "type": "Polygon", "coordinates": [ [ [ -87.55, 42.45 ], [ -87.45, 42.45 ], [ -87.45, 42.35 ], [ -87.55, 42.35 ], [ -87.55, 42.45 ] ] ] } },
{ "type": "Feature", "properties": { "lat": 42.4, "lng": -87.4 }, "geometry": { "type": "Polygon", "coordinates": [ [ [ -87.45, 42.45 ], [ -87.35, 42.45 ], [ -87.35, 42.35 ], [ -87.45, 42.35 ], [ -87.45, 42.45 ] ] ] } },
{ "type": "Feature", "properties": { "lat": 42.4, "lng": -87.3 }, "geometry": { "type": "Polygon", "coordinates": [ [ [ -87.35, 42.45 ], [ -87.25, 42.45 ], [ -87.25, 42.35 ], [ -87.35, 42.35 ], [ -87.35, 42.45 ] ] ] } },
{ "type": "Feature", "properties": { "lat": 42.4, "lng": -87.2 }, "geometry": { "type": "Polygon", "coordinates": [ [ [ -87.25, 42.45 ], [ -87.15, 42.45 ], [ -87.15, 42.35 ], [ -87.25, 42.35 ], [ -87.25, 42.45 ] ] ] } },
{ "type": "Feature", "properties": { "lat": 42.4, "lng": -87.1 }, "geometry": { "type": "Polygon", "coordinates": [ [ [ -87.15, 42.45 ], [ -87.05, 42.45 ], [ -87.05, 42.35 ], [ -87.15, 42.35 ], [ -87.15, 42.45 ] ] ] } },
{ "type": "Feature", "properties": { "lat": 42.4, "lng": -87.0 }, "geometry": { "type": "Polygon", "coordinates": [ [ [ -87.05, 42.45 ], [ -86.95, 42.45 ], [ -86.95, 42.35 ], [ -87.05, 42.35 ], [ -87.05, 42.45 ] ] ] } },
{ "type": "Feature", "properties": { "lat": 42.4, "lng": -86.9 }, "geometry": { "type": "Polygon", "coordinates": [ [ [ -86.95, 42.45 ], [ -86.85, 42.45 ], [ -86.85, 42.35 ], [ -86.95, 42.35 ], [ -86.95, 42.45 ] ] ] } },
{ "type": "Feature", "properties": { "lat": 42.4, "lng": -86.8 }, "geometry": { "type": "Polygon", "coordinates": [ [ [ -86.85, 42.45 ], [ -86.75, 42.45 ], [ -86.75, 42.35 ], [ -86.85, 42.35 ], [ -86.85, 42.45 ] ] ] } },
{ "type": "Feature", "properties": { "lat": 42.5, "lng": -93.0 }, "geometry": { "type": "Polygon", "coordinates": [ [ [ -93.05, 42.55 ], [ -92.95, 42.55 ], [ -92.95, 42.45 ], [ -93.05, 42.45 ], [ -93.05, 42.55 ] ] ] } },
{ "type": "Feature", "properties": { "lat": 42.5, "lng": -92.9 }, "geometry": { "type": "Polygon", "coordinates": [ [ [ -92.95, 42.55 ], [ -92.85, 42.55 ], [ -92.85, 42.45 ], [ -92.95, 42.45 ], [ -92.95, 42.55 ] ] ] } },
{ "type": "Feature", "properties": { "lat": 42.5, "lng": -92.8 }, "geometry": { "type": "Polygon", "coordinates": [ [ [ -92.85, 42.55 ], [ -92.75, 42.55 ], [ -92.75, 42.45 ], [ -92.85, 42.45 ], [ -92.85, 42.55 ] ] ] } },
{ "type": "Feature", "properties": { "lat": 42.5, "lng": -92.7 }, "geometry": { "type": "Polygon", "coordinates": [ [ [ -92.75, 42.55 ], [ -92.65, 42.55 ], [ -92.65, 42.45 ], [ -92.75, 42.45 ], [ -92.75, 42.55 ] ] ] } },
{ "type": "Feature", "properties": { "lat": 42.5, "lng": -92.6 }, "geometry": { "type": "Polygon", "coordinates": [ [ [ -92.65, 42.55 ], [ -92.55, 42.55 ], [ -92.55, 42.45 ], [ -92.65, 42.45 ], [ -92.65, 42.55 ] ] ] } },
{ "type": "Feature", "properties": { "lat": 42.5, "lng": -92.5 }, "geometry": { "type": "Polygon", "coordinates": [ [ [ -92.55, 42.55 ], [ -92.45, 42.55 ], [ -92.45, 42.45 ], [ -92.55, 42.45 ], [ -92.55, 42.55 ] ] ] } },
{ "type": "Feature", "properties": { "lat": 42.5, "lng": -92.4 }, "geometry": { "type": "Polygon", "coordinates": [ [ [ -92.45, 42.55 ], [ -92.35, 42.55 ], [ -92.35, 42.45 ], [ -92.45, 42.45 ], [ -92.45, 42.55 ] ] ] } },
{ "type": "Feature", "properties": { "lat": 42.5, "lng": -92.3 }, "geometry": { "type": "Polygon", "coordinates": [ [ [ -92.35, 42.55 ], [ -92.25, 42.55 ], [ -92.25, 42.45 ], [ -92.35, 42.45 ], [ -92.35, 42.55 ] ] ] } },
{ "type": "Feature", "properties": { "lat": 42.5, "lng": -92.2 }, "geometry": { "type": "Polygon", "coordinates": [ [ [ -92.25, 42.55 ], [ -92.15, 42.55 ], [ -92.15, 42.45 ], [ -92.25, 42.45 ], [ -92.25, 42.55 ] ] ] } },
{ "type": "Feature", "properties": { "lat": 42.5, "lng": -92.1 }, "geometry": { "type": "Polygon", "coordinates": [ [ [ -92.15, 42.55 ], [ -92.05, 42.55 ], [ -92.05, 42.45 ], [ -92.15, 42.45 ], [ -92.15, 42.55 ] ] ] } },
{ "type": "Feature", "properties": { "lat": 42.5, "lng": -92.0 }, "geometry": { "type": "Polygon", "coordinates": [ [ [ -92.05, 42.55 ], [ -91.95, 42.55 ], [ -91.95, 42.45 ], [ -92.05, 42.45 ], [ -92.05, 42.55 ] ] ] } },
{ "type": "Feature", "properties": { "lat": 42.5, "lng": -91.9 }, "geometry": { "type": "Polygon", "coordinates": [ [ [ -91.95, 42.55 ], [ -91.85, 42.55 ], [ -91.85, 42.45 ], [ -91.95, 42.45 ], [ -91.95, 42.55 ] ] ] } },
{ "type": "Feature", "properties": { "lat": 42.5, "lng": -91.8 }, "geometry": { "type": "Polygon", "coordinates": [ [ [ -91.85, 42.55 ], [ -91.75, 42.55 ], [ -91.75, 42.45 ], [ -91.85, 42.45 ], [ -91.85, 42.55 ] ] ] } },
{ "type": "Feature", "properties": { "lat": 42.5, "lng": -91.7 }, "geometry": { "type": "Polygon", "coordinates": [ [ [ -91.75, 42.55 ], [ -91.65, 42.55 ], [ -91.65, 42.45 ], [ -91.75, 42.45 ], [ -91.75, 42.55 ] ] ] } },
{ "type": "Feature", "properties": { "lat": 42.5, "lng": -91.6 }, "geometry": { "type": "Polygon", "coordinates": [ [ [ -91.65, 42.55 ], [ -91.55, 42.55 ], [ -91.55, 42.45 ], [ -91.65, 42.45 ], [ -91.65, 42.55 ] ] ] } },
{ "type": "Feature", "properties": { "lat": 42.5, "lng": -91.5 }, "geometry": { "type": "Polygon", "coordinates": [ [ [ -91.55, 42.55 ], [ -91.45, 42.55 ], [ -91.45, 42.45 ], [ -91.55, 42.45 ], [ -91.55, 42.55 ] ] ] } },
{ "type": "Feature", "properties": { "lat": 42.5, "lng": -91.4 }, "geometry": { "type": "Polygon", "coordinates": [ [ [ -91.45, 42.55 ], [ -91.35, 42.55 ], [ -91.35, 42.45 ], [ -91.45, 42.45 ], [ -91.45, 42.55 ] ] ] } },
{ "type": "Feature", "properties": { "lat": 42.5, "lng": -91.3 }, "geometry": { "type": "Polygon", "coordinates": [ [ [ -91.35, 42.55 ], [ -91.25, 42.55 ], [ -91.25, 42.45 ], [ -91.35, 42.45 ], [ -91.35, 42.55 ] ] ] } },
{ "type": "Feature", "properties": { "lat": 42.5, "lng": -91.2 }, "geometry": { "type": "Polygon", "coordinates": [ [ [ -91.25, 42.55 ], [ -91.15, 42.55 ], [ -91.15, 42.45 ], [ -91.25, 42.45 ], [ -91.25, 42.55 ] ] ] } },
{ "type": "Feature", "properties": { "lat": 42.5, "lng": -91.1 }, "geometry": { "type": "Polygon", "coordinates": [ [ [ -91.15, 42.55 ], [ -91.05, 42.55 ], [ -91.05, 42.45 ], [ -91.15, 42.45 ], [ -91.15, 42.55 ] ] ] } },
{ "type": "Feature", "properties": { "lat": 42.5, "lng": -91.0 }, "geometry": { "type": "Polygon", "coordinates": [ [ [ -91.05, 42.55 ], [ -90.95, 42.55 ], [ -90.95, 42.45 ], [ -91.05, 42.45 ], [ -91.05, 42.55 ] ] ] } },
{ "type": "Feature", "properties": { "lat": 42.5, "lng": -90.9 }, "geometry": { "type": "Polygon", "coordinates": [ [ [ -90.95, 42.55 ], [ -90.85, 42.55 ], [ -90.85, 42.45 ], [ -90.95, 42.45 ], [ -90.95, 42.55 ] ] ] } },
{ "type": "Feature", "properties": { "lat": 42.5, "lng": -90.8 }, "geometry": { "type": "Polygon", "coordinates": [ [ [ -90.85, 42.55 ], [ -90.75, 42.55 ], [ -90.75, 42.45 ], [ -90.85, 42.45 ], [ -90.85, 42.55 ] ] ] } },
{ "type": "Feature", "properties": { "lat": 42.5, "lng": -90.7 }, "geometry": { "type": "Polygon", "coordinates": [ [ [ -90.75, 42.55 ], [ -90.65, 42.55 ], [ -90.65, 42.45 ], [ -90.75, 42.45 ], [ -90.75, 42.55 ] ] ] } },
{ "type": "Feature", "properties": { "lat": 42.5, "lng": -90.6 }, "geometry": { "type": "Polygon", "coordinates": [ [ [ -90.65, 42.55 ], [ -90.55, 42.55 ], [ -90.55, 42.45 ], [ -90.65, 42.45 ], [ -90.65, 42.55 ] ] ] } },
{ "type": "Feature", "properties": { "lat": 42.5, "lng": -90.5 }, "geometry": { "type": "Polygon", "coordinates": [ [ [ -90.55, 42.55 ], [ -90.45, 42.55 ], [ -90.45, 42.45 ], [ -90.55, 42.45 ], [ -90.55, 42.55 ] ] ] } },
{ "type": "Feature", "properties": { "lat": 42.5, "lng": -90.4 }, "geometry": { "type": "Polygon", "coordinates": [ [ [ -90.45, 42.55 ], [ -90.35, 42.55 ], [ -90.35, 42.45 ], [ -90.45, 42.45 ], [ -90.45, 42.55 ] ] ] } },
{ "type": "Feature", "properties": { "lat": 42.5, "lng": -90.3 }, "geometry": { "type": "Polygon", "coordinates": [ [ [ -90.35, 42.55 ], [ -90.25, 42.55 ], [ -90.25, 42.45 ], [ -90.35, 42.45 ], [ -90.35, 42.55 ] ] ] } },
{ "type": "Feature", "properties": { "lat": 42.5, "lng": -90.2 }, "geometry": { "type": "Polygon", "coordinates": [ [ [ -90.25, 42.55 ], [ -90.15, 42.55 ], [ -90.15, 42.45 ], [ -90.25, 42.45 ], [ -90.25, 42.55 ] ] ] } },
{ "type": "Feature", "properties": { "lat": 42.5, "lng": -90.1 }, "geometry": { "type": "Polygon", "coordinates": [ [ [ -90.15, 42.55 ], [ -90.05, 42.55 ], [ -90.05, 42.45 ], [ -90.15, 42.45 ], [ -90.15, 42.55 ] ] ] } },
{ "type": "Feature", "properties": { "lat": 42.5, "lng": -90.0 }, "geometry": { "type": "Polygon", "coordinates": [ [ [ -90.05, 42.55 ], [ -89.95, 42.55 ], [ -89.95, 42.45 ], [ -90.05, 42.45 ], [ -90.05, 42.55 ] ] ] } },
{ "type": "Feature", "properties": { "lat": 42.5, "lng": -89.9 }, "geometry": { "type": "Polygon", "coordinates": [ [ [ -89.95, 42.55 ], [ -89.85, 42.55 ], [ -89.85, 42.45 ], [ -89.95, 42.45 ], [ -89.95, 42.55 ] ] ] } },
{ "type": "Feature", "properties": { "lat": 42.5, "lng": -89.8 }, "geometry": { "type": "Polygon", "coordinates": [ [ [ -89.85, 42.55 ], [ -89.75, 42.55 ], [ -89.75, 42.45 ], [ -89.85, 42.45 ], [ -89.85, 42.55 ] ] ] } },
{ "type": "Feature", "properties": { "lat": 42.5, "lng": -89.7 }, "geometry": { "type": "Polygon", "coordinates": [ [ [ -89.75, 42.55 ], [ -89.65, 42.55 ], [ -89.65, 42.45 ], [ -89.75, 42.45 ], [ -89.75, 42.55 ] ] ] } },
{ "type": "Feature", "properties": { "lat": 42.5, "lng": -89.6 }, "geometry": { "type": "Polygon", "coordinates": [ [ [ -89.65, 42.55 ], [ -89.55, 42.55 ], [ -89.55, 42.45 ], [ -89.65, 42.45 ], [ -89.65, 42.55 ] ] ] } },
{ "type": "Feature", "properties": { "lat": 42.5, "lng": -89.5 }, "geometry": { "type": "Polygon", "coordinates": [ [ [ -89.55, 42.55 ], [ -89.45, 42.55 ], [ -89.45, 42.45 ], [ -89.55, 42.45 ], [ -89.55, 42.55 ] ] ] } },
{ "type": "Feature", "properties": { "lat": 42.5, "lng": -89.4 }, "geometry": { "type": "Polygon", "coordinates": [ [ [ -89.45, 42.55 ], [ -89.35, 42.55 ], [ -89.35, 42.45 ], [ -89.45, 42.45 ], [ -89.45, 42.55 ] ] ] } },
{ "type": "Feature", "properties": { "lat": 42.5, "lng": -89.3 }, "geometry": { "type": "Polygon", "coordinates": [ [ [ -89.35, 42.55 ], [ -89.25, 42.55 ], [ -89.25, 42.45 ], [ -89.35, 42.45 ], [ -89.35, 42.55 ] ] ] } },
{ "type": "Feature", "properties": { "lat": 42.5, "lng": -89.2 }, "geometry": { "type": "Polygon", "coordinates": [ [ [ -89.25, 42.55 ], [ -89.15, 42.55 ], [ -89.15, 42.45 ], [ -89.25, 42.45 ], [ -89.25, 42.55 ] ] ] } },
{ "type": "Feature", "properties": { "lat": 42.5, "lng": -89.1 }, "geometry": { "type": "Polygon", "coordinates": [ [ [ -89.15, 42.55 ], [ -89.05, 42.55 ], [ -89.05, 42.45 ], [ -89.15, 42.45 ], [ -89.15, 42.55 ] ] ] } },
{ "type": "Feature", "properties": { "lat": 42.5, "lng": -89.0 }, "geometry": { "type": "Polygon", "coordinates": [ [ [ -89.05, 42.55 ], [ -88.95, 42.55 ], [ -88.95, 42.45 ], [ -89.05, 42.45 ], [ -89.05, 42.55 ] ] ] } },
{ "type": "Feature", "properties": { "lat": 42.5, "lng": -88.9 }, "geometry": { "type": "Polygon", "coordinates": [ [ [ -88.95, 42.55 ], [ -88.85, 42.55 ], [ -88.85, 42.45 ], [ -88.95, 42.45 ], [ -88.95, 42.55 ] ] ] } },
{ "type": "Feature", "properties": { "lat": 42.5, "lng": -88.8 }, "geometry": { "type": "Polygon", "coordinates": [ [ [ -88.85, 42.55 ], [ -88.75, 42.55 ], [ -88.75, 42.45 ], [ -88.85, 42.45 ], [ -88.85, 42.55 ] ] ] } },
{ "type": "Feature", "properties": { "lat": 42.5, "lng": -88.7 }, "geometry": { "type": "Polygon", "coordinates": [ [ [ -88.75, 42.55 ], [ -88.65, 42.55 ], [ -88.65, 42.45 ], [ -88.75, 42.45 ], [ -88.75, 42.55 ] ] ] } },
{ "type": "Feature", "properties": { "lat": 42.5, "lng": -88.6 }, "geometry": { "type": "Polygon", "coordinates": [ [ [ -88.65, 42.55 ], [ -88.55, 42.55 ], [ -88.55, 42.45 ], [ -88.65, 42.45 ], [ -88.65, 42.55 ] ] ] } },
{ "type": "Feature", "properties": { "lat": 42.5, "lng": -88.5 }, "geometry": { "type": "Polygon", "coordinates": [ [ [ -88.55, 42.55 ], [ -88.45, 42.55 ], [ -88.45, 42.45 ], [ -88.55, 42.45 ], [ -88.55, 42.55 ] ] ] } },
{ "type": "Feature", "properties": { "lat": 42.5, "lng": -88.4 }, "geometry": { "type": "Polygon", "coordinates": [ [ [ -88.45, 42.55 ], [ -88.35, 42.55 ], [ -88.35, 42.45 ], [ -88.45, 42.45 ], [ -88.45, 42.55 ] ] ] } },
{ "type": "Feature", "properties": { "lat": 42.5, "lng": -88.3 }, "geometry": { "type": "Polygon", "coordinates": [ [ [ -88.35, 42.55 ], [ -88.25, 42.55 ], [ -88.25, 42.45 ], [ -88.35, 42.45 ], [ -88.35, 42.55 ] ] ] } },
{ "type": "Feature", "properties": { "lat": 42.5, "lng": -88.2 }, "geometry": { "type": "Polygon", "coordinates": [ [ [ -88.25, 42.55 ], [ -88.15, 42.55 ], [ -88.15, 42.45 ], [ -88.25, 42.45 ], [ -88.25, 42.55 ] ] ] } },
{ "type": "Feature", "properties": { "lat": 42.5, "lng": -88.1 }, "geometry": { "type": "Polygon", "coordinates": [ [ [ -88.15, 42.55 ], [ -88.05, 42.55 ], [ -88.05, 42.45 ], [ -88.15, 42.45 ], [ -88.15, 42.55 ] ] ] } },
{ "type": "Feature", "properties": { "lat": 42.5, "lng": -88.0 }, "geometry": { "type": "Polygon", "coordinates": [ [ [ -88.05, 42.55 ], [ -87.95, 42.55 ], [ -87.95, 42.45 ], [ -88.05, 42.45 ], [ -88.05, 42.55 ] ] ] } },
{ "type": "Feature", "properties": { "lat": 42.5, "lng": -87.9 }, "geometry": { "type": "Polygon", "coordinates": [ [ [ -87.95, 42.55 ], [ -87.85, 42.55 ], [ -87.85, 42.45 ], [ -87.95, 42.45 ], [ -87.95, 42.55 ] ] ] } },
{ "type": "Feature", "properties": { "lat": 42.5, "lng": -87.8 }, "geometry": { "type": "Polygon", "coordinates": [ [ [ -87.85, 42.55 ], [ -87.75, 42.55 ], [ -87.75, 42.45 ], [ -87.85, 42.45 ], [ -87.85, 42.55 ] ] ] } },
{ "type": "Feature", "properties": { "lat": 42.5, "lng": -87.7 }, "geometry": { "type": "Polygon", "coordinates": [ [ [ -87.75, 42.55 ], [ -87.65, 42.55 ], [ -87.65, 42.45 ], [ -87.75, 42.45 ], [ -87.75, 42.55 ] ] ] } },
{ "type": "Feature", "properties": { "lat": 42.5, "lng": -87.6 }, "geometry": { "type": "Polygon", "coordinates": [ [ [ -87.65, 42.55 ], [ -87.55, 42.55 ], [ -87.55, 42.45 ], [ -87.65, 42.45 ], [ -87.65, 42.55 ] ] ] } },
{ "type": "Feature", "properties": { "lat": 42.5, "lng": -87.5 }, "geometry": { "type": "Polygon", "coordinates": [ [ [ -87.55, 42.55 ], [ -87.45, 42.55 ], [ -87.45, 42.45 ], [ -87.55, 42.45 ], [ -87.55, 42.55 ] ] ] } },
{ "type": "Feature", "properties": { "lat": 42.5, "lng": -87.4 }, "geometry": { "type": "Polygon", "coordinates": [ [ [ -87.45, 42.55 ], [ -87.35, 42.55 ], [ -87.35, 42.45 ], [ -87.45, 42.45 ], [ -87.45, 42.55 ] ] ] } },
{ "type": "Feature", "properties": { "lat": 42.5, "lng": -87.3 }, "geometry": { "type": "Polygon", "coordinates": [ [ [ -87.35, 42.55 ], [ -87.25, 42.55 ], [ -87.25, 42.45 ], [ -87.35, 42.45 ], [ -87.35, 42.55 ] ] ] } },
{ "type": "Feature", "properties": { "lat": 42.5, "lng": -87.2 }, "geometry": { "type": "Polygon", "coordinates": [ [ [ -87.25, 42.55 ], [ -87.15, 42.55 ], [ -87.15, 42.45 ], [ -87.25, 42.45 ], [ -87.25, 42.55 ] ] ] } },
{ "type": "Feature", "properties": { "lat": 42.5, "lng": -87.1 }, "geometry": { "type": "Polygon", "coordinates": [ [ [ -87.15, 42.55 ], [ -87.05, 42.55 ], [ -87.05, 42.45 ], [ -87.15, 42.45 ], [ -87.15, 42.55 ] ] ] } },
{ "type": "Feature", "properties": { "lat": 42.5, "lng": -87.0 }, "geometry": { "type": "Polygon", "coordinates": [ [ [ -87.05, 42.55 ], [ -86.95, 42.55 ], [ -86.95, 42.45 ], [ -87.05, 42.45 ], [ -87.05, 42.55 ] ] ] } },
{ "type": "Feature", "properties": { "lat": 42.5, "lng": -86.9 }, "geometry": { "type": "Polygon", "coordinates": [ [ [ -86.95, 42.55 ], [ -86.85, 42.55 ], [ -86.85, 42.45 ], [ -86.95, 42.45 ], [ -86.95, 42.55 ] ] ] } },
{ "type": "Feature", "properties": { "lat": 42.5, "lng": -86.8 }, "geometry": { "type": "Polygon", "coordinates": [ [ [ -86.85, 42.55 ], [ -86.75, 42.55 ], [ -86.75, 42.45 ], [ -86.85, 42.45 ], [ -86.85, 42.55 ] ] ] } },
{ "type": "Feature", "properties": { "lat": 42.6, "lng": -93.0 }, "geometry": { "type": "Polygon", "coordinates": [ [ [ -93.05, 42.65 ], [ -92.95, 42.65 ], [ -92.95, 42.55 ], [ -93.05, 42.55 ], [ -93.05, 42.65 ] ] ] } },
{ "type": "Feature", "properties": { "lat": 42.6, "lng": -92.9 }, "geometry": { "type": "Polygon", "coordinates": [ [ [ -92.95, 42.65 ], [ -92.85, 42.65 ], [ -92.85, 42.55 ], [ -92.95, 42.55 ], [ -92.95, 42.65 ] ] ] } },
{ "type": "Feature", "properties": { "lat": 42.6, "lng": -92.8 }, "geometry": { "type": "Polygon", "coordinates": [ [ [ -92.85, 42.65 ], [ -92.75, 42.65 ], [ -92.75, 42.55 ], [ -92.85, 42.55 ], [ -92.85, 42.65 ] ] ] } },
{ "type": "Feature", "properties": { "lat": 42.6, "lng": -92.7 }, "geometry": { "type": "Polygon", "coordinates": [ [ [ -92.75, 42.65 ], [ -92.65, 42.65 ], [ -92.65, 42.55 ], [ -92.75, 42.55 ], [ -92.75, 42.65 ] ] ] } },
{ "type": "Feature", "properties": { "lat": 42.6, "lng": -92.6 }, "geometry": { "type": "Polygon", "coordinates": [ [ [ -92.65, 42.65 ], [ -92.55, 42.65 ], [ -92.55, 42.55 ], [ -92.65, 42.55 ], [ -92.65, 42.65 ] ] ] } },
{ "type": "Feature", "properties": { "lat": 42.6, "lng": -92.5 }, "geometry": { "type": "Polygon", "coordinates": [ [ [ -92.55, 42.65 ], [ -92.45, 42.65 ], [ -92.45, 42.55 ], [ -92.55, 42.55 ], [ -92.55, 42.65 ] ] ] } },
{ "type": "Feature", "properties": { "lat": 42.6, "lng": -92.4 }, "geometry": { "type": "Polygon", "coordinates": [ [ [ -92.45, 42.65 ], [ -92.35, 42.65 ], [ -92.35, 42.55 ], [ -92.45, 42.55 ], [ -92.45, 42.65 ] ] ] } },
{ "type": "Feature", "properties": { "lat": 42.6, "lng": -92.3 }, "geometry": { "type": "Polygon", "coordinates": [ [ [ -92.35, 42.65 ], [ -92.25, 42.65 ], [ -92.25, 42.55 ], [ -92.35, 42.55 ], [ -92.35, 42.65 ] ] ] } },
{ "type": "Feature", "properties": { "lat": 42.6, "lng": -92.2 }, "geometry": { "type": "Polygon", "coordinates": [ [ [ -92.25, 42.65 ], [ -92.15, 42.65 ], [ -92.15, 42.55 ], [ -92.25, 42.55 ], [ -92.25, 42.65 ] ] ] } },
{ "type": "Feature", "properties": { "lat": 42.6, "lng": -92.1 }, "geometry": { "type": "Polygon", "coordinates": [ [ [ -92.15, 42.65 ], [ -92.05, 42.65 ], [ -92.05, 42.55 ], [ -92.15, 42.55 ], [ -92.15, 42.65 ] ] ] } },
{ "type": "Feature", "properties": { "lat": 42.6, "lng": -92.0 }, "geometry": { "type": "Polygon", "coordinates": [ [ [ -92.05, 42.65 ], [ -91.95, 42.65 ], [ -91.95, 42.55 ], [ -92.05, 42.55 ], [ -92.05, 42.65 ] ] ] } },
{ "type": "Feature", "properties": { "lat": 42.6, "lng": -91.9 }, "geometry": { "type": "Polygon", "coordinates": [ [ [ -91.95, 42.65 ], [ -91.85, 42.65 ], [ -91.85, 42.55 ], [ -91.95, 42.55 ], [ -91.95, 42.65 ] ] ] } },
{ "type": "Feature", "properties": { "lat": 42.6, "lng": -91.8 }, "geometry": { "type": "Polygon", "coordinates": [ [ [ -91.85, 42.65 ], [ -91.75, 42.65 ], [ -91.75, 42.55 ], [ -91.85, 42.55 ], [ -91.85, 42.65 ] ] ] } },
{ "type": "Feature", "properties": { "lat": 42.6, "lng": -91.7 }, "geometry": { "type": "Polygon", "coordinates": [ [ [ -91.75, 42.65 ], [ -91.65, 42.65 ], [ -91.65, 42.55 ], [ -91.75, 42.55 ], [ -91.75, 42.65 ] ] ] } },
{ "type": "Feature", "properties": { "lat": 42.6, "lng": -91.6 }, "geometry": { "type": "Polygon", "coordinates": [ [ [ -91.65, 42.65 ], [ -91.55, 42.65 ], [ -91.55, 42.55 ], [ -91.65, 42.55 ], [ -91.65, 42.65 ] ] ] } },
{ "type": "Feature", "properties": { "lat": 42.6, "lng": -91.5 }, "geometry": { "type": "Polygon", "coordinates": [ [ [ -91.55, 42.65 ], [ -91.45, 42.65 ], [ -91.45, 42.55 ], [ -91.55, 42.55 ], [ -91.55, 42.65 ] ] ] } },
{ "type": "Feature", "properties": { "lat": 42.6, "lng": -91.4 }, "geometry": { "type": "Polygon", "coordinates": [ [ [ -91.45, 42.65 ], [ -91.35, 42.65 ], [ -91.35, 42.55 ], [ -91.45, 42.55 ], [ -91.45, 42.65 ] ] ] } },
{ "type": "Feature", "properties": { "lat": 42.6, "lng": -91.3 }, "geometry": { "type": "Polygon", "coordinates": [ [ [ -91.35, 42.65 ], [ -91.25, 42.65 ], [ -91.25, 42.55 ], [ -91.35, 42.55 ], [ -91.35, 42.65 ] ] ] } },
{ "type": "Feature", "properties": { "lat": 42.6, "lng": -91.2 }, "geometry": { "type": "Polygon", "coordinates": [ [ [ -91.25, 42.65 ], [ -91.15, 42.65 ], [ -91.15, 42.55 ], [ -91.25, 42.55 ], [ -91.25, 42.65 ] ] ] } },
{ "type": "Feature", "properties": { "lat": 42.6, "lng": -91.1 }, "geometry": { "type": "Polygon", "coordinates": [ [ [ -91.15, 42.65 ], [ -91.05, 42.65 ], [ -91.05, 42.55 ], [ -91.15, 42.55 ], [ -91.15, 42.65 ] ] ] } },
{ "type": "Feature", "properties": { "lat": 42.6, "lng": -91.0 }, "geometry": { "type": "Polygon", "coordinates": [ [ [ -91.05, 42.65 ], [ -90.95, 42.65 ], [ -90.95, 42.55 ], [ -91.05, 42.55 ], [ -91.05, 42.65 ] ] ] } },
{ "type": "Feature", "properties": { "lat": 42.6, "lng": -90.9 }, "geometry": { "type": "Polygon", "coordinates": [ [ [ -90.95, 42.65 ], [ -90.85, 42.65 ], [ -90.85, 42.55 ], [ -90.95, 42.55 ], [ -90.95, 42.65 ] ] ] } },
{ "type": "Feature", "properties": { "lat": 42.6, "lng": -90.8 }, "geometry": { "type": "Polygon", "coordinates": [ [ [ -90.85, 42.65 ], [ -90.75, 42.65 ], [ -90.75, 42.55 ], [ -90.85, 42.55 ], [ -90.85, 42.65 ] ] ] } },
{ "type": "Feature", "properties": { "lat": 42.6, "lng": -90.7 }, "geometry": { "type": "Polygon", "coordinates": [ [ [ -90.75, 42.65 ], [ -90.65, 42.65 ], [ -90.65, 42.55 ], [ -90.75, 42.55 ], [ -90.75, 42.65 ] ] ] } },
{ "type": "Feature", "properties": { "lat": 42.6, "lng": -90.6 }, "geometry": { "type": "Polygon", "coordinates": [ [ [ -90.65, 42.65 ], [ -90.55, 42.65 ], [ -90.55, 42.55 ], [ -90.65, 42.55 ], [ -90.65, 42.65 ] ] ] } },
{ "type": "Feature", "properties": { "lat": 42.6, "lng": -90.5 }, "geometry": { "type": "Polygon", "coordinates": [ [ [ -90.55, 42.65 ], [ -90.45, 42.65 ], [ -90.45, 42.55 ], [ -90.55, 42.55 ], [ -90.55, 42.65 ] ] ] } },
{ "type": "Feature", "properties": { "lat": 42.6, "lng": -90.4 }, "geometry": { "type": "Polygon", "coordinates": [ [ [ -90.45, 42.65 ], [ -90.35, 42.65 ], [ -90.35, 42.55 ], [ -90.45, 42.55 ], [ -90.45, 42.65 ] ] ] } },
{ "type": "Feature", "properties": { "lat": 42.6, "lng": -90.3 }, "geometry": { "type": "Polygon", "coordinates": [ [ [ -90.35, 42.65 ], [ -90.25, 42.65 ], [ -90.25, 42.55 ], [ -90.35, 42.55 ], [ -90.35, 42.65 ] ] ] } },
{ "type": "Feature", "properties": { "lat": 42.6, "lng": -90.2 }, "geometry": { "type": "Polygon", "coordinates": [ [ [ -90.25, 42.65 ], [ -90.15, 42.65 ], [ -90.15, 42.55 ], [ -90.25, 42.55 ], [ -90.25, 42.65 ] ] ] } },
{ "type": "Feature", "properties": { "lat": 42.6, "lng": -90.1 }, "geometry": { "type": "Polygon", "coordinates": [ [ [ -90.15, 42.65 ], [ -90.05, 42.65 ], [ -90.05, 42.55 ], [ -90.15, 42.55 ], [ -90.15, 42.65 ] ] ] } },
{ "type": "Feature", "properties": { "lat": 42.6, "lng": -90.0 }, "geometry": { "type": "Polygon", "coordinates": [ [ [ -90.05, 42.65 ], [ -89.95, 42.65 ], [ -89.95, 42.55 ], [ -90.05, 42.55 ], [ -90.05, 42.65 ] ] ] } },
{ "type": "Feature", "properties": { "lat": 42.6, "lng": -89.9 }, "geometry": { "type": "Polygon", "coordinates": [ [ [ -89.95, 42.65 ], [ -89.85, 42.65 ], [ -89.85, 42.55 ], [ -89.95, 42.55 ], [ -89.95, 42.65 ] ] ] } },
{ "type": "Feature", "properties": { "lat": 42.6, "lng": -89.8 }, "geometry": { "type": "Polygon", "coordinates": [ [ [ -89.85, 42.65 ], [ -89.75, 42.65 ], [ -89.75, 42.55 ], [ -89.85, 42.55 ], [ -89.85, 42.65 ] ] ] } },
{ "type": "Feature", "properties": { "lat": 42.6, "lng": -89.7 }, "geometry": { "type": "Polygon", "coordinates": [ [ [ -89.75, 42.65 ], [ -89.65, 42.65 ], [ -89.65, 42.55 ], [ -89.75, 42.55 ], [ -89.75, 42.65 ] ] ] } },
{ "type": "Feature", "properties": { "lat": 42.6, "lng": -89.6 }, "geometry": { "type": "Polygon", "coordinates": [ [ [ -89.65, 42.65 ], [ -89.55, 42.65 ], [ -89.55, 42.55 ], [ -89.65, 42.55 ], [ -89.65, 42.65 ] ] ] } },
{ "type": "Feature", "properties": { "lat": 42.6, "lng": -89.5 }, "geometry": { "type": "Polygon", "coordinates": [ [ [ -89.55, 42.65 ], [ -89.45, 42.65 ], [ -89.45, 42.55 ], [ -89.55, 42.55 ], [ -89.55, 42.65 ] ] ] } },
{ "type": "Feature", "properties": { "lat": 42.6, "lng": -89.4 }, "geometry": { "type": "Polygon", "coordinates": [ [ [ -89.45, 42.65 ], [ -89.35, 42.65 ], [ -89.35, 42.55 ], [ -89.45, 42.55 ], [ -89.45, 42.65 ] ] ] } },
{ "type": "Feature", "properties": { "lat": 42.6, "lng": -89.3 }, "geometry": { "type": "Polygon", "coordinates": [ [ [ -89.35, 42.65 ], [ -89.25, 42.65 ], [ -89.25, 42.55 ], [ -89.35, 42.55 ], [ -89.35, 42.65 ] ] ] } },
{ "type": "Feature", "properties": { "lat": 42.6, "lng": -89.2 }, "geometry": { "type": "Polygon", "coordinates": [ [ [ -89.25, 42.65 ], [ -89.15, 42.65 ], [ -89.15, 42.55 ], [ -89.25, 42.55 ], [ -89.25, 42.65 ] ] ] } },
{ "type": "Feature", "properties": { "lat": 42.6, "lng": -89.1 }, "geometry": { "type": "Polygon", "coordinates": [ [ [ -89.15, 42.65 ], [ -89.05, 42.65 ], [ -89.05, 42.55 ], [ -89.15, 42.55 ], [ -89.15, 42.65 ] ] ] } },
{ "type": "Feature", "properties": { "lat": 42.6, "lng": -89.0 }, "geometry": { "type": "Polygon", "coordinates": [ [ [ -89.05, 42.65 ], [ -88.95, 42.65 ], [ -88.95, 42.55 ], [ -89.05, 42.55 ], [ -89.05, 42.65 ] ] ] } },
{ "type": "Feature", "properties": { "lat": 42.6, "lng": -88.9 }, "geometry": { "type": "Polygon", "coordinates": [ [ [ -88.95, 42.65 ], [ -88.85, 42.65 ], [ -88.85, 42.55 ], [ -88.95, 42.55 ], [ -88.95, 42.65 ] ] ] } },
{ "type": "Feature", "properties": { "lat": 42.6, "lng": -88.8 }, "geometry": { "type": "Polygon", "coordinates": [ [ [ -88.85, 42.65 ], [ -88.75, 42.65 ], [ -88.75, 42.55 ], [ -88.85, 42.55 ], [ -88.85, 42.65 ] ] ] } },
{ "type": "Feature", "properties": { "lat": 42.6, "lng": -88.7 }, "geometry": { "type": "Polygon", "coordinates": [ [ [ -88.75, 42.65 ], [ -88.65, 42.65 ], [ -88.65, 42.55 ], [ -88.75, 42.55 ], [ -88.75, 42.65 ] ] ] } },
{ "type": "Feature", "properties": { "lat": 42.6, "lng": -88.6 }, "geometry": { "type": "Polygon", "coordinates": [ [ [ -88.65, 42.65 ], [ -88.55, 42.65 ], [ -88.55, 42.55 ], [ -88.65, 42.55 ], [ -88.65, 42.65 ] ] ] } },
{ "type": "Feature", "properties": { "lat": 42.6, "lng": -88.5 }, "geometry": { "type": "Polygon", "coordinates": [ [ [ -88.55, 42.65 ], [ -88.45, 42.65 ], [ -88.45, 42.55 ], [ -88.55, 42.55 ], [ -88.55, 42.65 ] ] ] } },
{ "type": "Feature", "properties": { "lat": 42.6, "lng": -88.4 }, "geometry": { "type": "Polygon", "coordinates": [ [ [ -88.45, 42.65 ], [ -88.35, 42.65 ], [ -88.35, 42.55 ], [ -88.45, 42.55 ], [ -88.45, 42.65 ] ] ] } },
{ "type": "Feature", "properties": { "lat": 42.6, "lng": -88.3 }, "geometry": { "type": "Polygon", "coordinates": [ [ [ -88.35, 42.65 ], [ -88.25, 42.65 ], [ -88.25, 42.55 ], [ -88.35, 42.55 ], [ -88.35, 42.65 ] ] ] } },
{ "type": "Feature", "properties": { "lat": 42.6, "lng": -88.2 }, "geometry": { "type": "Polygon", "coordinates": [ [ [ -88.25, 42.65 ], [ -88.15, 42.65 ], [ -88.15, 42.55 ], [ -88.25, 42.55 ], [ -88.25, 42.65 ] ] ] } },
{ "type": "Feature", "properties": { "lat": 42.6, "lng": -88.1 }, "geometry": { "type": "Polygon", "coordinates": [ [ [ -88.15, 42.65 ], [ -88.05, 42.65 ], [ -88.05, 42.55 ], [ -88.15, 42.55 ], [ -88.15, 42.65 ] ] ] } },
{ "type": "Feature", "properties": { "lat": 42.6, "lng": -88.0 }, "geometry": { "type": "Polygon", "coordinates": [ [ [ -88.05, 42.65 ], [ -87.95, 42.65 ], [ -87.95, 42.55 ], [ -88.05, 42.55 ], [ -88.05, 42.65 ] ] ] } },
{ "type": "Feature", "properties": { "lat": 42.6, "lng": -87.9 }, "geometry": { "type": "Polygon", "coordinates": [ [ [ -87.95, 42.65 ], [ -87.85, 42.65 ], [ -87.85, 42.55 ], [ -87.95, 42.55 ], [ -87.95, 42.65 ] ] ] } },
{ "type": "Feature", "properties": { "lat": 42.6, "lng": -87.8 }, "geometry": { "type": "Polygon", "coordinates": [ [ [ -87.85, 42.65 ], [ -87.75, 42.65 ], [ -87.75, 42.55 ], [ -87.85, 42.55 ], [ -87.85, 42.65 ] ] ] } },
{ "type": "Feature", "properties": { "lat": 42.6, "lng": -87.7 }, "geometry": { "type": "Polygon", "coordinates": [ [ [ -87.75, 42.65 ], [ -87.65, 42.65 ], [ -87.65, 42.55 ], [ -87.75, 42.55 ], [ -87.75, 42.65 ] ] ] } },
{ "type": "Feature", "properties": { "lat": 42.6, "lng": -87.6 }, "geometry": { "type": "Polygon", "coordinates": [ [ [ -87.65, 42.65 ], [ -87.55, 42.65 ], [ -87.55, 42.55 ], [ -87.65, 42.55 ], [ -87.65, 42.65 ] ] ] } },
{ "type": "Feature", "properties": { "lat": 42.6, "lng": -87.5 }, "geometry": { "type": "Polygon", "coordinates": [ [ [ -87.55, 42.65 ], [ -87.45, 42.65 ], [ -87.45, 42.55 ], [ -87.55, 42.55 ], [ -87.55, 42.65 ] ] ] } },
{ "type": "Feature", "properties": { "lat": 42.6, "lng": -87.4 }, "geometry": { "type": "Polygon", "coordinates": [ [ [ -87.45, 42.65 ], [ -87.35, 42.65 ], [ -87.35, 42.55 ], [ -87.45, 42.55 ], [ -87.45, 42.65 ] ] ] } },
{ "type": "Feature", "properties": { "lat": 42.6, "lng": -87.3 }, "geometry": { "type": "Polygon", "coordinates": [ [ [ -87.35, 42.65 ], [ -87.25, 42.65 ], [ -87.25, 42.55 ], [ -87.35, 42.55 ], [ -87.35, 42.65 ] ] ] } },
{ "type": "Feature", "properties": { "lat": 42.6, "lng": -87.2 }, "geometry": { "type": "Polygon", "coordinates": [ [ [ -87.25, 42.65 ], [ -87.15, 42.65 ], [ -87.15, 42.55 ], [ -87.25, 42.55 ], [ -87.25, 42.65 ] ] ] } },
{ "type": "Feature", "properties": { "lat": 42.6, "lng": -87.1 }, "geometry": { "type": "Polygon", "coordinates": [ [ [ -87.15, 42.65 ], [ -87.05, 42.65 ], [ -87.05, 42.55 ], [ -87.15, 42.55 ], [ -87.15, 42.65 ] ] ] } },
{ "type": "Feature", "properties": { "lat": 42.6, "lng": -87.0 }, "geometry": { "type": "Polygon", "coordinates": [ [ [ -87.05, 42.65 ], [ -86.95, 42.65 ], [ -86.95, 42.55 ], [ -87.05, 42.55 ], [ -87.05, 42.65 ] ] ] } },
{ "type": "Feature", "properties": { "lat": 42.6, "lng": -86.9 }, "geometry": { "type": "Polygon", "coordinates": [ [ [ -86.95, 42.65 ], [ -86.85, 42.65 ], [ -86.85, 42.55 ], [ -86.95, 42.55 ], [ -86.95, 42.65 ] ] ] } },
{ "type": "Feature", "properties": { "lat": 42.6, "lng": -86.8 }, "geometry": { "type": "Polygon", "coordinates": [ [ [ -86.85, 42.65 ], [ -86.75, 42.65 ], [ -86.75, 42.55 ], [ -86.85, 42.55 ], [ -86.85, 42.65 ] ] ] } },
{ "type": "Feature", "properties": { "lat": 42.7, "lng": -93.0 }, "geometry": { "type": "Polygon", "coordinates": [ [ [ -93.05, 42.75 ], [ -92.95, 42.75 ], [ -92.95, 42.65 ], [ -93.05, 42.65 ], [ -93.05, 42.75 ] ] ] } },
{ "type": "Feature", "properties": { "lat": 42.7, "lng": -92.9 }, "geometry": { "type": "Polygon", "coordinates": [ [ [ -92.95, 42.75 ], [ -92.85, 42.75 ], [ -92.85, 42.65 ], [ -92.95, 42.65 ], [ -92.95, 42.75 ] ] ] } },
{ "type": "Feature", "properties": { "lat": 42.7, "lng": -92.8 }, "geometry": { "type": "Polygon", "coordinates": [ [ [ -92.85, 42.75 ], [ -92.75, 42.75 ], [ -92.75, 42.65 ], [ -92.85, 42.65 ], [ -92.85, 42.75 ] ] ] } },
{ "type": "Feature", "properties": { "lat": 42.7, "lng": -92.7 }, "geometry": { "type": "Polygon", "coordinates": [ [ [ -92.75, 42.75 ], [ -92.65, 42.75 ], [ -92.65, 42.65 ], [ -92.75, 42.65 ], [ -92.75, 42.75 ] ] ] } },
{ "type": "Feature", "properties": { "lat": 42.7, "lng": -92.6 }, "geometry": { "type": "Polygon", "coordinates": [ [ [ -92.65, 42.75 ], [ -92.55, 42.75 ], [ -92.55, 42.65 ], [ -92.65, 42.65 ], [ -92.65, 42.75 ] ] ] } },
{ "type": "Feature", "properties": { "lat": 42.7, "lng": -92.5 }, "geometry": { "type": "Polygon", "coordinates": [ [ [ -92.55, 42.75 ], [ -92.45, 42.75 ], [ -92.45, 42.65 ], [ -92.55, 42.65 ], [ -92.55, 42.75 ] ] ] } },
{ "type": "Feature", "properties": { "lat": 42.7, "lng": -92.4 }, "geometry": { "type": "Polygon", "coordinates": [ [ [ -92.45, 42.75 ], [ -92.35, 42.75 ], [ -92.35, 42.65 ], [ -92.45, 42.65 ], [ -92.45, 42.75 ] ] ] } },
{ "type": "Feature", "properties": { "lat": 42.7, "lng": -92.3 }, "geometry": { "type": "Polygon", "coordinates": [ [ [ -92.35, 42.75 ], [ -92.25, 42.75 ], [ -92.25, 42.65 ], [ -92.35, 42.65 ], [ -92.35, 42.75 ] ] ] } },
{ "type": "Feature", "properties": { "lat": 42.7, "lng": -92.2 }, "geometry": { "type": "Polygon", "coordinates": [ [ [ -92.25, 42.75 ], [ -92.15, 42.75 ], [ -92.15, 42.65 ], [ -92.25, 42.65 ], [ -92.25, 42.75 ] ] ] } },
{ "type": "Feature", "properties": { "lat": 42.7, "lng": -92.1 }, "geometry": { "type": "Polygon", "coordinates": [ [ [ -92.15, 42.75 ], [ -92.05, 42.75 ], [ -92.05, 42.65 ], [ -92.15, 42.65 ], [ -92.15, 42.75 ] ] ] } },
{ "type": "Feature", "properties": { "lat": 42.7, "lng": -92.0 }, "geometry": { "type": "Polygon", "coordinates": [ [ [ -92.05, 42.75 ], [ -91.95, 42.75 ], [ -91.95, 42.65 ], [ -92.05, 42.65 ], [ -92.05, 42.75 ] ] ] } },
{ "type": "Feature", "properties": { "lat": 42.7, "lng": -91.9 }, "geometry": { "type": "Polygon", "coordinates": [ [ [ -91.95, 42.75 ], [ -91.85, 42.75 ], [ -91.85, 42.65 ], [ -91.95, 42.65 ], [ -91.95, 42.75 ] ] ] } },
{ "type": "Feature", "properties": { "lat": 42.7, "lng": -91.8 }, "geometry": { "type": "Polygon", "coordinates": [ [ [ -91.85, 42.75 ], [ -91.75, 42.75 ], [ -91.75, 42.65 ], [ -91.85, 42.65 ], [ -91.85, 42.75 ] ] ] } },
{ "type": "Feature", "properties": { "lat": 42.7, "lng": -91.7 }, "geometry": { "type": "Polygon", "coordinates": [ [ [ -91.75, 42.75 ], [ -91.65, 42.75 ], [ -91.65, 42.65 ], [ -91.75, 42.65 ], [ -91.75, 42.75 ] ] ] } },
{ "type": "Feature", "properties": { "lat": 42.7, "lng": -91.6 }, "geometry": { "type": "Polygon", "coordinates": [ [ [ -91.65, 42.75 ], [ -91.55, 42.75 ], [ -91.55, 42.65 ], [ -91.65, 42.65 ], [ -91.65, 42.75 ] ] ] } },
{ "type": "Feature", "properties": { "lat": 42.7, "lng": -91.5 }, "geometry": { "type": "Polygon", "coordinates": [ [ [ -91.55, 42.75 ], [ -91.45, 42.75 ], [ -91.45, 42.65 ], [ -91.55, 42.65 ], [ -91.55, 42.75 ] ] ] } },
{ "type": "Feature", "properties": { "lat": 42.7, "lng": -91.4 }, "geometry": { "type": "Polygon", "coordinates": [ [ [ -91.45, 42.75 ], [ -91.35, 42.75 ], [ -91.35, 42.65 ], [ -91.45, 42.65 ], [ -91.45, 42.75 ] ] ] } },
{ "type": "Feature", "properties": { "lat": 42.7, "lng": -91.3 }, "geometry": { "type": "Polygon", "coordinates": [ [ [ -91.35, 42.75 ], [ -91.25, 42.75 ], [ -91.25, 42.65 ], [ -91.35, 42.65 ], [ -91.35, 42.75 ] ] ] } },
{ "type": "Feature", "properties": { "lat": 42.7, "lng": -91.2 }, "geometry": { "type": "Polygon", "coordinates": [ [ [ -91.25, 42.75 ], [ -91.15, 42.75 ], [ -91.15, 42.65 ], [ -91.25, 42.65 ], [ -91.25, 42.75 ] ] ] } },
{ "type": "Feature", "properties": { "lat": 42.7, "lng": -91.1 }, "geometry": { "type": "Polygon", "coordinates": [ [ [ -91.15, 42.75 ], [ -91.05, 42.75 ], [ -91.05, 42.65 ], [ -91.15, 42.65 ], [ -91.15, 42.75 ] ] ] } },
{ "type": "Feature", "properties": { "lat": 42.7, "lng": -91.0 }, "geometry": { "type": "Polygon", "coordinates": [ [ [ -91.05, 42.75 ], [ -90.95, 42.75 ], [ -90.95, 42.65 ], [ -91.05, 42.65 ], [ -91.05, 42.75 ] ] ] } },
{ "type": "Feature", "properties": { "lat": 42.7, "lng": -90.9 }, "geometry": { "type": "Polygon", "coordinates": [ [ [ -90.95, 42.75 ], [ -90.85, 42.75 ], [ -90.85, 42.65 ], [ -90.95, 42.65 ], [ -90.95, 42.75 ] ] ] } },
{ "type": "Feature", "properties": { "lat": 42.7, "lng": -90.8 }, "geometry": { "type": "Polygon", "coordinates": [ [ [ -90.85, 42.75 ], [ -90.75, 42.75 ], [ -90.75, 42.65 ], [ -90.85, 42.65 ], [ -90.85, 42.75 ] ] ] } },
{ "type": "Feature", "properties": { "lat": 42.7, "lng": -90.7 }, "geometry": { "type": "Polygon", "coordinates": [ [ [ -90.75, 42.75 ], [ -90.65, 42.75 ], [ -90.65, 42.65 ], [ -90.75, 42.65 ], [ -90.75, 42.75 ] ] ] } },
{ "type": "Feature", "properties": { "lat": 42.7, "lng": -90.6 }, "geometry": { "type": "Polygon", "coordinates": [ [ [ -90.65, 42.75 ], [ -90.55, 42.75 ], [ -90.55, 42.65 ], [ -90.65, 42.65 ], [ -90.65, 42.75 ] ] ] } },
{ "type": "Feature", "properties": { "lat": 42.7, "lng": -90.5 }, "geometry": { "type": "Polygon", "coordinates": [ [ [ -90.55, 42.75 ], [ -90.45, 42.75 ], [ -90.45, 42.65 ], [ -90.55, 42.65 ], [ -90.55, 42.75 ] ] ] } },
{ "type": "Feature", "properties": { "lat": 42.7, "lng": -90.4 }, "geometry": { "type": "Polygon", "coordinates": [ [ [ -90.45, 42.75 ], [ -90.35, 42.75 ], [ -90.35, 42.65 ], [ -90.45, 42.65 ], [ -90.45, 42.75 ] ] ] } },
{ "type": "Feature", "properties": { "lat": 42.7, "lng": -90.3 }, "geometry": { "type": "Polygon", "coordinates": [ [ [ -90.35, 42.75 ], [ -90.25, 42.75 ], [ -90.25, 42.65 ], [ -90.35, 42.65 ], [ -90.35, 42.75 ] ] ] } },
{ "type": "Feature", "properties": { "lat": 42.7, "lng": -90.2 }, "geometry": { "type": "Polygon", "coordinates": [ [ [ -90.25, 42.75 ], [ -90.15, 42.75 ], [ -90.15, 42.65 ], [ -90.25, 42.65 ], [ -90.25, 42.75 ] ] ] } },
{ "type": "Feature", "properties": { "lat": 42.7, "lng": -90.1 }, "geometry": { "type": "Polygon", "coordinates": [ [ [ -90.15, 42.75 ], [ -90.05, 42.75 ], [ -90.05, 42.65 ], [ -90.15, 42.65 ], [ -90.15, 42.75 ] ] ] } },
{ "type": "Feature", "properties": { "lat": 42.7, "lng": -90.0 }, "geometry": { "type": "Polygon", "coordinates": [ [ [ -90.05, 42.75 ], [ -89.95, 42.75 ], [ -89.95, 42.65 ], [ -90.05, 42.65 ], [ -90.05, 42.75 ] ] ] } },
{ "type": "Feature", "properties": { "lat": 42.7, "lng": -89.9 }, "geometry": { "type": "Polygon", "coordinates": [ [ [ -89.95, 42.75 ], [ -89.85, 42.75 ], [ -89.85, 42.65 ], [ -89.95, 42.65 ], [ -89.95, 42.75 ] ] ] } },
{ "type": "Feature", "properties": { "lat": 42.7, "lng": -89.8 }, "geometry": { "type": "Polygon", "coordinates": [ [ [ -89.85, 42.75 ], [ -89.75, 42.75 ], [ -89.75, 42.65 ], [ -89.85, 42.65 ], [ -89.85, 42.75 ] ] ] } },
{ "type": "Feature", "properties": { "lat": 42.7, "lng": -89.7 }, "geometry": { "type": "Polygon", "coordinates": [ [ [ -89.75, 42.75 ], [ -89.65, 42.75 ], [ -89.65, 42.65 ], [ -89.75, 42.65 ], [ -89.75, 42.75 ] ] ] } },
{ "type": "Feature", "properties": { "lat": 42.7, "lng": -89.6 }, "geometry": { "type": "Polygon", "coordinates": [ [ [ -89.65, 42.75 ], [ -89.55, 42.75 ], [ -89.55, 42.65 ], [ -89.65, 42.65 ], [ -89.65, 42.75 ] ] ] } },
{ "type": "Feature", "properties": { "lat": 42.7, "lng": -89.5 }, "geometry": { "type": "Polygon", "coordinates": [ [ [ -89.55, 42.75 ], [ -89.45, 42.75 ], [ -89.45, 42.65 ], [ -89.55, 42.65 ], [ -89.55, 42.75 ] ] ] } },
{ "type": "Feature", "properties": { "lat": 42.7, "lng": -89.4 }, "geometry": { "type": "Polygon", "coordinates": [ [ [ -89.45, 42.75 ], [ -89.35, 42.75 ], [ -89.35, 42.65 ], [ -89.45, 42.65 ], [ -89.45, 42.75 ] ] ] } },
{ "type": "Feature", "properties": { "lat": 42.7, "lng": -89.3 }, "geometry": { "type": "Polygon", "coordinates": [ [ [ -89.35, 42.75 ], [ -89.25, 42.75 ], [ -89.25, 42.65 ], [ -89.35, 42.65 ], [ -89.35, 42.75 ] ] ] } },
{ "type": "Feature", "properties": { "lat": 42.7, "lng": -89.2 }, "geometry": { "type": "Polygon", "coordinates": [ [ [ -89.25, 42.75 ], [ -89.15, 42.75 ], [ -89.15, 42.65 ], [ -89.25, 42.65 ], [ -89.25, 42.75 ] ] ] } },
{ "type": "Feature", "properties": { "lat": 42.7, "lng": -89.1 }, "geometry": { "type": "Polygon", "coordinates": [ [ [ -89.15, 42.75 ], [ -89.05, 42.75 ], [ -89.05, 42.65 ], [ -89.15, 42.65 ], [ -89.15, 42.75 ] ] ] } },
{ "type": "Feature", "properties": { "lat": 42.7, "lng": -89.0 }, "geometry": { "type": "Polygon", "coordinates": [ [ [ -89.05, 42.75 ], [ -88.95, 42.75 ], [ -88.95, 42.65 ], [ -89.05, 42.65 ], [ -89.05, 42.75 ] ] ] } },
{ "type": "Feature", "properties": { "lat": 42.7, "lng": -88.9 }, "geometry": { "type": "Polygon", "coordinates": [ [ [ -88.95, 42.75 ], [ -88.85, 42.75 ], [ -88.85, 42.65 ], [ -88.95, 42.65 ], [ -88.95, 42.75 ] ] ] } },
{ "type": "Feature", "properties": { "lat": 42.7, "lng": -88.8 }, "geometry": { "type": "Polygon", "coordinates": [ [ [ -88.85, 42.75 ], [ -88.75, 42.75 ], [ -88.75, 42.65 ], [ -88.85, 42.65 ], [ -88.85, 42.75 ] ] ] } },
{ "type": "Feature", "properties": { "lat": 42.7, "lng": -88.7 }, "geometry": { "type": "Polygon", "coordinates": [ [ [ -88.75, 42.75 ], [ -88.65, 42.75 ], [ -88.65, 42.65 ], [ -88.75, 42.65 ], [ -88.75, 42.75 ] ] ] } },
{ "type": "Feature", "properties": { "lat": 42.7, "lng": -88.6 }, "geometry": { "type": "Polygon", "coordinates": [ [ [ -88.65, 42.75 ], [ -88.55, 42.75 ], [ -88.55, 42.65 ], [ -88.65, 42.65 ], [ -88.65, 42.75 ] ] ] } },
{ "type": "Feature", "properties": { "lat": 42.7, "lng": -88.5 }, "geometry": { "type": "Polygon", "coordinates": [ [ [ -88.55, 42.75 ], [ -88.45, 42.75 ], [ -88.45, 42.65 ], [ -88.55, 42.65 ], [ -88.55, 42.75 ] ] ] } },
{ "type": "Feature", "properties": { "lat": 42.7, "lng": -88.4 }, "geometry": { "type": "Polygon", "coordinates": [ [ [ -88.45, 42.75 ], [ -88.35, 42.75 ], [ -88.35, 42.65 ], [ -88.45, 42.65 ], [ -88.45, 42.75 ] ] ] } },
{ "type": "Feature", "properties": { "lat": 42.7, "lng": -88.3 }, "geometry": { "type": "Polygon", "coordinates": [ [ [ -88.35, 42.75 ], [ -88.25, 42.75 ], [ -88.25, 42.65 ], [ -88.35, 42.65 ], [ -88.35, 42.75 ] ] ] } },
{ "type": "Feature", "properties": { "lat": 42.7, "lng": -88.2 }, "geometry": { "type": "Polygon", "coordinates": [ [ [ -88.25, 42.75 ], [ -88.15, 42.75 ], [ -88.15, 42.65 ], [ -88.25, 42.65 ], [ -88.25, 42.75 ] ] ] } },
{ "type": "Feature", "properties": { "lat": 42.7, "lng": -88.1 }, "geometry": { "type": "Polygon", "coordinates": [ [ [ -88.15, 42.75 ], [ -88.05, 42.75 ], [ -88.05, 42.65 ], [ -88.15, 42.65 ], [ -88.15, 42.75 ] ] ] } },
{ "type": "Feature", "properties": { "lat": 42.7, "lng": -88.0 }, "geometry": { "type": "Polygon", "coordinates": [ [ [ -88.05, 42.75 ], [ -87.95, 42.75 ], [ -87.95, 42.65 ], [ -88.05, 42.65 ], [ -88.05, 42.75 ] ] ] } },
{ "type": "Feature", "properties": { "lat": 42.7, "lng": -87.9 }, "geometry": { "type": "Polygon", "coordinates": [ [ [ -87.95, 42.75 ], [ -87.85, 42.75 ], [ -87.85, 42.65 ], [ -87.95, 42.65 ], [ -87.95, 42.75 ] ] ] } },
{ "type": "Feature", "properties": { "lat": 42.7, "lng": -87.8 }, "geometry": { "type": "Polygon", "coordinates": [ [ [ -87.85, 42.75 ], [ -87.75, 42.75 ], [ -87.75, 42.65 ], [ -87.85, 42.65 ], [ -87.85, 42.75 ] ] ] } },
{ "type": "Feature", "properties": { "lat": 42.7, "lng": -87.7 }, "geometry": { "type": "Polygon", "coordinates": [ [ [ -87.75, 42.75 ], [ -87.65, 42.75 ], [ -87.65, 42.65 ], [ -87.75, 42.65 ], [ -87.75, 42.75 ] ] ] } },
{ "type": "Feature", "properties": { "lat": 42.7, "lng": -87.6 }, "geometry": { "type": "Polygon", "coordinates": [ [ [ -87.65, 42.75 ], [ -87.55, 42.75 ], [ -87.55, 42.65 ], [ -87.65, 42.65 ], [ -87.65, 42.75 ] ] ] } },
{ "type": "Feature", "properties": { "lat": 42.7, "lng": -87.5 }, "geometry": { "type": "Polygon", "coordinates": [ [ [ -87.55, 42.75 ], [ -87.45, 42.75 ], [ -87.45, 42.65 ], [ -87.55, 42.65 ], [ -87.55, 42.75 ] ] ] } },
{ "type": "Feature", "properties": { "lat": 42.7, "lng": -87.4 }, "geometry": { "type": "Polygon", "coordinates": [ [ [ -87.45, 42.75 ], [ -87.35, 42.75 ], [ -87.35, 42.65 ], [ -87.45, 42.65 ], [ -87.45, 42.75 ] ] ] } },
{ "type": "Feature", "properties": { "lat": 42.7, "lng": -87.3 }, "geometry": { "type": "Polygon", "coordinates": [ [ [ -87.35, 42.75 ], [ -87.25, 42.75 ], [ -87.25, 42.65 ], [ -87.35, 42.65 ], [ -87.35, 42.75 ] ] ] } },
{ "type": "Feature", "properties": { "lat": 42.7, "lng": -87.2 }, "geometry": { "type": "Polygon", "coordinates": [ [ [ -87.25, 42.75 ], [ -87.15, 42.75 ], [ -87.15, 42.65 ], [ -87.25, 42.65 ], [ -87.25, 42.75 ] ] ] } },
{ "type": "Feature", "properties": { "lat": 42.7, "lng": -87.1 }, "geometry": { "type": "Polygon", "coordinates": [ [ [ -87.15, 42.75 ], [ -87.05, 42.75 ], [ -87.05, 42.65 ], [ -87.15, 42.65 ], [ -87.15, 42.75 ] ] ] } },
{ "type": "Feature", "properties": { "lat": 42.7, "lng": -87.0 }, "geometry": { "type": "Polygon", "coordinates": [ [ [ -87.05, 42.75 ], [ -86.95, 42.75 ], [ -86.95, 42.65 ], [ -87.05, 42.65 ], [ -87.05, 42.75 ] ] ] } },
{ "type": "Feature", "properties": { "lat": 42.7, "lng": -86.9 }, "geometry": { "type": "Polygon", "coordinates": [ [ [ -86.95, 42.75 ], [ -86.85, 42.75 ], [ -86.85, 42.65 ], [ -86.95, 42.65 ], [ -86.95, 42.75 ] ] ] } },
{ "type": "Feature", "properties": { "lat": 42.7, "lng": -86.8 }, "geometry": { "type": "Polygon", "coordinates": [ [ [ -86.85, 42.75 ], [ -86.75, 42.75 ], [ -86.75, 42.65 ], [ -86.85, 42.65 ], [ -86.85, 42.75 ] ] ] } },
{ "type": "Feature", "properties": { "lat": 42.8, "lng": -93.0 }, "geometry": { "type": "Polygon", "coordinates": [ [ [ -93.05, 42.85 ], [ -92.95, 42.85 ], [ -92.95, 42.75 ], [ -93.05, 42.75 ], [ -93.05, 42.85 ] ] ] } },
{ "type": "Feature", "properties": { "lat": 42.8, "lng": -92.9 }, "geometry": { "type": "Polygon", "coordinates": [ [ [ -92.95, 42.85 ], [ -92.85, 42.85 ], [ -92.85, 42.75 ], [ -92.95, 42.75 ], [ -92.95, 42.85 ] ] ] } },
{ "type": "Feature", "properties": { "lat": 42.8, "lng": -92.8 }, "geometry": { "type": "Polygon", "coordinates": [ [ [ -92.85, 42.85 ], [ -92.75, 42.85 ], [ -92.75, 42.75 ], [ -92.85, 42.75 ], [ -92.85, 42.85 ] ] ] } },
{ "type": "Feature", "properties": { "lat": 42.8, "lng": -92.7 }, "geometry": { "type": "Polygon", "coordinates": [ [ [ -92.75, 42.85 ], [ -92.65, 42.85 ], [ -92.65, 42.75 ], [ -92.75, 42.75 ], [ -92.75, 42.85 ] ] ] } },
{ "type": "Feature", "properties": { "lat": 42.8, "lng": -92.6 }, "geometry": { "type": "Polygon", "coordinates": [ [ [ -92.65, 42.85 ], [ -92.55, 42.85 ], [ -92.55, 42.75 ], [ -92.65, 42.75 ], [ -92.65, 42.85 ] ] ] } },
{ "type": "Feature", "properties": { "lat": 42.8, "lng": -92.5 }, "geometry": { "type": "Polygon", "coordinates": [ [ [ -92.55, 42.85 ], [ -92.45, 42.85 ], [ -92.45, 42.75 ], [ -92.55, 42.75 ], [ -92.55, 42.85 ] ] ] } },
{ "type": "Feature", "properties": { "lat": 42.8, "lng": -92.4 }, "geometry": { "type": "Polygon", "coordinates": [ [ [ -92.45, 42.85 ], [ -92.35, 42.85 ], [ -92.35, 42.75 ], [ -92.45, 42.75 ], [ -92.45, 42.85 ] ] ] } },
{ "type": "Feature", "properties": { "lat": 42.8, "lng": -92.3 }, "geometry": { "type": "Polygon", "coordinates": [ [ [ -92.35, 42.85 ], [ -92.25, 42.85 ], [ -92.25, 42.75 ], [ -92.35, 42.75 ], [ -92.35, 42.85 ] ] ] } },
{ "type": "Feature", "properties": { "lat": 42.8, "lng": -92.2 }, "geometry": { "type": "Polygon", "coordinates": [ [ [ -92.25, 42.85 ], [ -92.15, 42.85 ], [ -92.15, 42.75 ], [ -92.25, 42.75 ], [ -92.25, 42.85 ] ] ] } },
{ "type": "Feature", "properties": { "lat": 42.8, "lng": -92.1 }, "geometry": { "type": "Polygon", "coordinates": [ [ [ -92.15, 42.85 ], [ -92.05, 42.85 ], [ -92.05, 42.75 ], [ -92.15, 42.75 ], [ -92.15, 42.85 ] ] ] } },
{ "type": "Feature", "properties": { "lat": 42.8, "lng": -92.0 }, "geometry": { "type": "Polygon", "coordinates": [ [ [ -92.05, 42.85 ], [ -91.95, 42.85 ], [ -91.95, 42.75 ], [ -92.05, 42.75 ], [ -92.05, 42.85 ] ] ] } },
{ "type": "Feature", "properties": { "lat": 42.8, "lng": -91.9 }, "geometry": { "type": "Polygon", "coordinates": [ [ [ -91.95, 42.85 ], [ -91.85, 42.85 ], [ -91.85, 42.75 ], [ -91.95, 42.75 ], [ -91.95, 42.85 ] ] ] } },
{ "type": "Feature", "properties": { "lat": 42.8, "lng": -91.8 }, "geometry": { "type": "Polygon", "coordinates": [ [ [ -91.85, 42.85 ], [ -91.75, 42.85 ], [ -91.75, 42.75 ], [ -91.85, 42.75 ], [ -91.85, 42.85 ] ] ] } },
{ "type": "Feature", "properties": { "lat": 42.8, "lng": -91.7 }, "geometry": { "type": "Polygon", "coordinates": [ [ [ -91.75, 42.85 ], [ -91.65, 42.85 ], [ -91.65, 42.75 ], [ -91.75, 42.75 ], [ -91.75, 42.85 ] ] ] } },
{ "type": "Feature", "properties": { "lat": 42.8, "lng": -91.6 }, "geometry": { "type": "Polygon", "coordinates": [ [ [ -91.65, 42.85 ], [ -91.55, 42.85 ], [ -91.55, 42.75 ], [ -91.65, 42.75 ], [ -91.65, 42.85 ] ] ] } },
{ "type": "Feature", "properties": { "lat": 42.8, "lng": -91.5 }, "geometry": { "type": "Polygon", "coordinates": [ [ [ -91.55, 42.85 ], [ -91.45, 42.85 ], [ -91.45, 42.75 ], [ -91.55, 42.75 ], [ -91.55, 42.85 ] ] ] } },
{ "type": "Feature", "properties": { "lat": 42.8, "lng": -91.4 }, "geometry": { "type": "Polygon", "coordinates": [ [ [ -91.45, 42.85 ], [ -91.35, 42.85 ], [ -91.35, 42.75 ], [ -91.45, 42.75 ], [ -91.45, 42.85 ] ] ] } },
{ "type": "Feature", "properties": { "lat": 42.8, "lng": -91.3 }, "geometry": { "type": "Polygon", "coordinates": [ [ [ -91.35, 42.85 ], [ -91.25, 42.85 ], [ -91.25, 42.75 ], [ -91.35, 42.75 ], [ -91.35, 42.85 ] ] ] } },
{ "type": "Feature", "properties": { "lat": 42.8, "lng": -91.2 }, "geometry": { "type": "Polygon", "coordinates": [ [ [ -91.25, 42.85 ], [ -91.15, 42.85 ], [ -91.15, 42.75 ], [ -91.25, 42.75 ], [ -91.25, 42.85 ] ] ] } },
{ "type": "Feature", "properties": { "lat": 42.8, "lng": -91.1 }, "geometry": { "type": "Polygon", "coordinates": [ [ [ -91.15, 42.85 ], [ -91.05, 42.85 ], [ -91.05, 42.75 ], [ -91.15, 42.75 ], [ -91.15, 42.85 ] ] ] } },
{ "type": "Feature", "properties": { "lat": 42.8, "lng": -91.0 }, "geometry": { "type": "Polygon", "coordinates": [ [ [ -91.05, 42.85 ], [ -90.95, 42.85 ], [ -90.95, 42.75 ], [ -91.05, 42.75 ], [ -91.05, 42.85 ] ] ] } },
{ "type": "Feature", "properties": { "lat": 42.8, "lng": -90.9 }, "geometry": { "type": "Polygon", "coordinates": [ [ [ -90.95, 42.85 ], [ -90.85, 42.85 ], [ -90.85, 42.75 ], [ -90.95, 42.75 ], [ -90.95, 42.85 ] ] ] } },
{ "type": "Feature", "properties": { "lat": 42.8, "lng": -90.8 }, "geometry": { "type": "Polygon", "coordinates": [ [ [ -90.85, 42.85 ], [ -90.75, 42.85 ], [ -90.75, 42.75 ], [ -90.85, 42.75 ], [ -90.85, 42.85 ] ] ] } },
{ "type": "Feature", "properties": { "lat": 42.8, "lng": -90.7 }, "geometry": { "type": "Polygon", "coordinates": [ [ [ -90.75, 42.85 ], [ -90.65, 42.85 ], [ -90.65, 42.75 ], [ -90.75, 42.75 ], [ -90.75, 42.85 ] ] ] } },
{ "type": "Feature", "properties": { "lat": 42.8, "lng": -90.6 }, "geometry": { "type": "Polygon", "coordinates": [ [ [ -90.65, 42.85 ], [ -90.55, 42.85 ], [ -90.55, 42.75 ], [ -90.65, 42.75 ], [ -90.65, 42.85 ] ] ] } },
{ "type": "Feature", "properties": { "lat": 42.8, "lng": -90.5 }, "geometry": { "type": "Polygon", "coordinates": [ [ [ -90.55, 42.85 ], [ -90.45, 42.85 ], [ -90.45, 42.75 ], [ -90.55, 42.75 ], [ -90.55, 42.85 ] ] ] } },
{ "type": "Feature", "properties": { "lat": 42.8, "lng": -90.4 }, "geometry": { "type": "Polygon", "coordinates": [ [ [ -90.45, 42.85 ], [ -90.35, 42.85 ], [ -90.35, 42.75 ], [ -90.45, 42.75 ], [ -90.45, 42.85 ] ] ] } },
{ "type": "Feature", "properties": { "lat": 42.8, "lng": -90.3 }, "geometry": { "type": "Polygon", "coordinates": [ [ [ -90.35, 42.85 ], [ -90.25, 42.85 ], [ -90.25, 42.75 ], [ -90.35, 42.75 ], [ -90.35, 42.85 ] ] ] } },
{ "type": "Feature", "properties": { "lat": 42.8, "lng": -90.2 }, "geometry": { "type": "Polygon", "coordinates": [ [ [ -90.25, 42.85 ], [ -90.15, 42.85 ], [ -90.15, 42.75 ], [ -90.25, 42.75 ], [ -90.25, 42.85 ] ] ] } },
{ "type": "Feature", "properties": { "lat": 42.8, "lng": -90.1 }, "geometry": { "type": "Polygon", "coordinates": [ [ [ -90.15, 42.85 ], [ -90.05, 42.85 ], [ -90.05, 42.75 ], [ -90.15, 42.75 ], [ -90.15, 42.85 ] ] ] } },
{ "type": "Feature", "properties": { "lat": 42.8, "lng": -90.0 }, "geometry": { "type": "Polygon", "coordinates": [ [ [ -90.05, 42.85 ], [ -89.95, 42.85 ], [ -89.95, 42.75 ], [ -90.05, 42.75 ], [ -90.05, 42.85 ] ] ] } },
{ "type": "Feature", "properties": { "lat": 42.8, "lng": -89.9 }, "geometry": { "type": "Polygon", "coordinates": [ [ [ -89.95, 42.85 ], [ -89.85, 42.85 ], [ -89.85, 42.75 ], [ -89.95, 42.75 ], [ -89.95, 42.85 ] ] ] } },
{ "type": "Feature", "properties": { "lat": 42.8, "lng": -89.8 }, "geometry": { "type": "Polygon", "coordinates": [ [ [ -89.85, 42.85 ], [ -89.75, 42.85 ], [ -89.75, 42.75 ], [ -89.85, 42.75 ], [ -89.85, 42.85 ] ] ] } },
{ "type": "Feature", "properties": { "lat": 42.8, "lng": -89.7 }, "geometry": { "type": "Polygon", "coordinates": [ [ [ -89.75, 42.85 ], [ -89.65, 42.85 ], [ -89.65, 42.75 ], [ -89.75, 42.75 ], [ -89.75, 42.85 ] ] ] } },
{ "type": "Feature", "properties": { "lat": 42.8, "lng": -89.6 }, "geometry": { "type": "Polygon", "coordinates": [ [ [ -89.65, 42.85 ], [ -89.55, 42.85 ], [ -89.55, 42.75 ], [ -89.65, 42.75 ], [ -89.65, 42.85 ] ] ] } },
{ "type": "Feature", "properties": { "lat": 42.8, "lng": -89.5 }, "geometry": { "type": "Polygon", "coordinates": [ [ [ -89.55, 42.85 ], [ -89.45, 42.85 ], [ -89.45, 42.75 ], [ -89.55, 42.75 ], [ -89.55, 42.85 ] ] ] } },
{ "type": "Feature", "properties": { "lat": 42.8, "lng": -89.4 }, "geometry": { "type": "Polygon", "coordinates": [ [ [ -89.45, 42.85 ], [ -89.35, 42.85 ], [ -89.35, 42.75 ], [ -89.45, 42.75 ], [ -89.45, 42.85 ] ] ] } },
{ "type": "Feature", "properties": { "lat": 42.8, "lng": -89.3 }, "geometry": { "type": "Polygon", "coordinates": [ [ [ -89.35, 42.85 ], [ -89.25, 42.85 ], [ -89.25, 42.75 ], [ -89.35, 42.75 ], [ -89.35, 42.85 ] ] ] } },
{ "type": "Feature", "properties": { "lat": 42.8, "lng": -89.2 }, "geometry": { "type": "Polygon", "coordinates": [ [ [ -89.25, 42.85 ], [ -89.15, 42.85 ], [ -89.15, 42.75 ], [ -89.25, 42.75 ], [ -89.25, 42.85 ] ] ] } },
{ "type": "Feature", "properties": { "lat": 42.8, "lng": -89.1 }, "geometry": { "type": "Polygon", "coordinates": [ [ [ -89.15, 42.85 ], [ -89.05, 42.85 ], [ -89.05, 42.75 ], [ -89.15, 42.75 ], [ -89.15, 42.85 ] ] ] } },
{ "type": "Feature", "properties": { "lat": 42.8, "lng": -89.0 }, "geometry": { "type": "Polygon", "coordinates": [ [ [ -89.05, 42.85 ], [ -88.95, 42.85 ], [ -88.95, 42.75 ], [ -89.05, 42.75 ], [ -89.05, 42.85 ] ] ] } },
{ "type": "Feature", "properties": { "lat": 42.8, "lng": -88.9 }, "geometry": { "type": "Polygon", "coordinates": [ [ [ -88.95, 42.85 ], [ -88.85, 42.85 ], [ -88.85, 42.75 ], [ -88.95, 42.75 ], [ -88.95, 42.85 ] ] ] } },
{ "type": "Feature", "properties": { "lat": 42.8, "lng": -88.8 }, "geometry": { "type": "Polygon", "coordinates": [ [ [ -88.85, 42.85 ], [ -88.75, 42.85 ], [ -88.75, 42.75 ], [ -88.85, 42.75 ], [ -88.85, 42.85 ] ] ] } },
{ "type": "Feature", "properties": { "lat": 42.8, "lng": -88.7 }, "geometry": { "type": "Polygon", "coordinates": [ [ [ -88.75, 42.85 ], [ -88.65, 42.85 ], [ -88.65, 42.75 ], [ -88.75, 42.75 ], [ -88.75, 42.85 ] ] ] } },
{ "type": "Feature", "properties": { "lat": 42.8, "lng": -88.6 }, "geometry": { "type": "Polygon", "coordinates": [ [ [ -88.65, 42.85 ], [ -88.55, 42.85 ], [ -88.55, 42.75 ], [ -88.65, 42.75 ], [ -88.65, 42.85 ] ] ] } },
{ "type": "Feature", "properties": { "lat": 42.8, "lng": -88.5 }, "geometry": { "type": "Polygon", "coordinates": [ [ [ -88.55, 42.85 ], [ -88.45, 42.85 ], [ -88.45, 42.75 ], [ -88.55, 42.75 ], [ -88.55, 42.85 ] ] ] } },
{ "type": "Feature", "properties": { "lat": 42.8, "lng": -88.4 }, "geometry": { "type": "Polygon", "coordinates": [ [ [ -88.45, 42.85 ], [ -88.35, 42.85 ], [ -88.35, 42.75 ], [ -88.45, 42.75 ], [ -88.45, 42.85 ] ] ] } },
{ "type": "Feature", "properties": { "lat": 42.8, "lng": -88.3 }, "geometry": { "type": "Polygon", "coordinates": [ [ [ -88.35, 42.85 ], [ -88.25, 42.85 ], [ -88.25, 42.75 ], [ -88.35, 42.75 ], [ -88.35, 42.85 ] ] ] } },
{ "type": "Feature", "properties": { "lat": 42.8, "lng": -88.2 }, "geometry": { "type": "Polygon", "coordinates": [ [ [ -88.25, 42.85 ], [ -88.15, 42.85 ], [ -88.15, 42.75 ], [ -88.25, 42.75 ], [ -88.25, 42.85 ] ] ] } },
{ "type": "Feature", "properties": { "lat": 42.8, "lng": -88.1 }, "geometry": { "type": "Polygon", "coordinates": [ [ [ -88.15, 42.85 ], [ -88.05, 42.85 ], [ -88.05, 42.75 ], [ -88.15, 42.75 ], [ -88.15, 42.85 ] ] ] } },
{ "type": "Feature", "properties": { "lat": 42.8, "lng": -88.0 }, "geometry": { "type": "Polygon", "coordinates": [ [ [ -88.05, 42.85 ], [ -87.95, 42.85 ], [ -87.95, 42.75 ], [ -88.05, 42.75 ], [ -88.05, 42.85 ] ] ] } },
{ "type": "Feature", "properties": { "lat": 42.8, "lng": -87.9 }, "geometry": { "type": "Polygon", "coordinates": [ [ [ -87.95, 42.85 ], [ -87.85, 42.85 ], [ -87.85, 42.75 ], [ -87.95, 42.75 ], [ -87.95, 42.85 ] ] ] } },
{ "type": "Feature", "properties": { "lat": 42.8, "lng": -87.8 }, "geometry": { "type": "Polygon", "coordinates": [ [ [ -87.85, 42.85 ], [ -87.75, 42.85 ], [ -87.75, 42.75 ], [ -87.85, 42.75 ], [ -87.85, 42.85 ] ] ] } },
{ "type": "Feature", "properties": { "lat": 42.8, "lng": -87.7 }, "geometry": { "type": "Polygon", "coordinates": [ [ [ -87.75, 42.85 ], [ -87.65, 42.85 ], [ -87.65, 42.75 ], [ -87.75, 42.75 ], [ -87.75, 42.85 ] ] ] } },
{ "type": "Feature", "properties": { "lat": 42.8, "lng": -87.6 }, "geometry": { "type": "Polygon", "coordinates": [ [ [ -87.65, 42.85 ], [ -87.55, 42.85 ], [ -87.55, 42.75 ], [ -87.65, 42.75 ], [ -87.65, 42.85 ] ] ] } },
{ "type": "Feature", "properties": { "lat": 42.8, "lng": -87.5 }, "geometry": { "type": "Polygon", "coordinates": [ [ [ -87.55, 42.85 ], [ -87.45, 42.85 ], [ -87.45, 42.75 ], [ -87.55, 42.75 ], [ -87.55, 42.85 ] ] ] } },
{ "type": "Feature", "properties": { "lat": 42.8, "lng": -87.4 }, "geometry": { "type": "Polygon", "coordinates": [ [ [ -87.45, 42.85 ], [ -87.35, 42.85 ], [ -87.35, 42.75 ], [ -87.45, 42.75 ], [ -87.45, 42.85 ] ] ] } },
{ "type": "Feature", "properties": { "lat": 42.8, "lng": -87.3 }, "geometry": { "type": "Polygon", "coordinates": [ [ [ -87.35, 42.85 ], [ -87.25, 42.85 ], [ -87.25, 42.75 ], [ -87.35, 42.75 ], [ -87.35, 42.85 ] ] ] } },
{ "type": "Feature", "properties": { "lat": 42.8, "lng": -87.2 }, "geometry": { "type": "Polygon", "coordinates": [ [ [ -87.25, 42.85 ], [ -87.15, 42.85 ], [ -87.15, 42.75 ], [ -87.25, 42.75 ], [ -87.25, 42.85 ] ] ] } },
{ "type": "Feature", "properties": { "lat": 42.8, "lng": -87.1 }, "geometry": { "type": "Polygon", "coordinates": [ [ [ -87.15, 42.85 ], [ -87.05, 42.85 ], [ -87.05, 42.75 ], [ -87.15, 42.75 ], [ -87.15, 42.85 ] ] ] } },
{ "type": "Feature", "properties": { "lat": 42.8, "lng": -87.0 }, "geometry": { "type": "Polygon", "coordinates": [ [ [ -87.05, 42.85 ], [ -86.95, 42.85 ], [ -86.95, 42.75 ], [ -87.05, 42.75 ], [ -87.05, 42.85 ] ] ] } },
{ "type": "Feature", "properties": { "lat": 42.8, "lng": -86.9 }, "geometry": { "type": "Polygon", "coordinates": [ [ [ -86.95, 42.85 ], [ -86.85, 42.85 ], [ -86.85, 42.75 ], [ -86.95, 42.75 ], [ -86.95, 42.85 ] ] ] } },
{ "type": "Feature", "properties": { "lat": 42.8, "lng": -86.8 }, "geometry": { "type": "Polygon", "coordinates": [ [ [ -86.85, 42.85 ], [ -86.75, 42.85 ], [ -86.75, 42.75 ], [ -86.85, 42.75 ], [ -86.85, 42.85 ] ] ] } },
{ "type": "Feature", "properties": { "lat": 42.9, "lng": -93.0 }, "geometry": { "type": "Polygon", "coordinates": [ [ [ -93.05, 42.95 ], [ -92.95, 42.95 ], [ -92.95, 42.85 ], [ -93.05, 42.85 ], [ -93.05, 42.95 ] ] ] } },
{ "type": "Feature", "properties": { "lat": 42.9, "lng": -92.9 }, "geometry": { "type": "Polygon", "coordinates": [ [ [ -92.95, 42.95 ], [ -92.85, 42.95 ], [ -92.85, 42.85 ], [ -92.95, 42.85 ], [ -92.95, 42.95 ] ] ] } },
{ "type": "Feature", "properties": { "lat": 42.9, "lng": -92.8 }, "geometry": { "type": "Polygon", "coordinates": [ [ [ -92.85, 42.95 ], [ -92.75, 42.95 ], [ -92.75, 42.85 ], [ -92.85, 42.85 ], [ -92.85, 42.95 ] ] ] } },
{ "type": "Feature", "properties": { "lat": 42.9, "lng": -92.7 }, "geometry": { "type": "Polygon", "coordinates": [ [ [ -92.75, 42.95 ], [ -92.65, 42.95 ], [ -92.65, 42.85 ], [ -92.75, 42.85 ], [ -92.75, 42.95 ] ] ] } },
{ "type": "Feature", "properties": { "lat": 42.9, "lng": -92.6 }, "geometry": { "type": "Polygon", "coordinates": [ [ [ -92.65, 42.95 ], [ -92.55, 42.95 ], [ -92.55, 42.85 ], [ -92.65, 42.85 ], [ -92.65, 42.95 ] ] ] } },
{ "type": "Feature", "properties": { "lat": 42.9, "lng": -92.5 }, "geometry": { "type": "Polygon", "coordinates": [ [ [ -92.55, 42.95 ], [ -92.45, 42.95 ], [ -92.45, 42.85 ], [ -92.55, 42.85 ], [ -92.55, 42.95 ] ] ] } },
{ "type": "Feature", "properties": { "lat": 42.9, "lng": -92.4 }, "geometry": { "type": "Polygon", "coordinates": [ [ [ -92.45, 42.95 ], [ -92.35, 42.95 ], [ -92.35, 42.85 ], [ -92.45, 42.85 ], [ -92.45, 42.95 ] ] ] } },
{ "type": "Feature", "properties": { "lat": 42.9, "lng": -92.3 }, "geometry": { "type": "Polygon", "coordinates": [ [ [ -92.35, 42.95 ], [ -92.25, 42.95 ], [ -92.25, 42.85 ], [ -92.35, 42.85 ], [ -92.35, 42.95 ] ] ] } },
{ "type": "Feature", "properties": { "lat": 42.9, "lng": -92.2 }, "geometry": { "type": "Polygon", "coordinates": [ [ [ -92.25, 42.95 ], [ -92.15, 42.95 ], [ -92.15, 42.85 ], [ -92.25, 42.85 ], [ -92.25, 42.95 ] ] ] } },
{ "type": "Feature", "properties": { "lat": 42.9, "lng": -92.1 }, "geometry": { "type": "Polygon", "coordinates": [ [ [ -92.15, 42.95 ], [ -92.05, 42.95 ], [ -92.05, 42.85 ], [ -92.15, 42.85 ], [ -92.15, 42.95 ] ] ] } },
{ "type": "Feature", "properties": { "lat": 42.9, "lng": -92.0 }, "geometry": { "type": "Polygon", "coordinates": [ [ [ -92.05, 42.95 ], [ -91.95, 42.95 ], [ -91.95, 42.85 ], [ -92.05, 42.85 ], [ -92.05, 42.95 ] ] ] } },
{ "type": "Feature", "properties": { "lat": 42.9, "lng": -91.9 }, "geometry": { "type": "Polygon", "coordinates": [ [ [ -91.95, 42.95 ], [ -91.85, 42.95 ], [ -91.85, 42.85 ], [ -91.95, 42.85 ], [ -91.95, 42.95 ] ] ] } },
{ "type": "Feature", "properties": { "lat": 42.9, "lng": -91.8 }, "geometry": { "type": "Polygon", "coordinates": [ [ [ -91.85, 42.95 ], [ -91.75, 42.95 ], [ -91.75, 42.85 ], [ -91.85, 42.85 ], [ -91.85, 42.95 ] ] ] } },
{ "type": "Feature", "properties": { "lat": 42.9, "lng": -91.7 }, "geometry": { "type": "Polygon", "coordinates": [ [ [ -91.75, 42.95 ], [ -91.65, 42.95 ], [ -91.65, 42.85 ], [ -91.75, 42.85 ], [ -91.75, 42.95 ] ] ] } },
{ "type": "Feature", "properties": { "lat": 42.9, "lng": -91.6 }, "geometry": { "type": "Polygon", "coordinates": [ [ [ -91.65, 42.95 ], [ -91.55, 42.95 ], [ -91.55, 42.85 ], [ -91.65, 42.85 ], [ -91.65, 42.95 ] ] ] } },
{ "type": "Feature", "properties": { "lat": 42.9, "lng": -91.5 }, "geometry": { "type": "Polygon", "coordinates": [ [ [ -91.55, 42.95 ], [ -91.45, 42.95 ], [ -91.45, 42.85 ], [ -91.55, 42.85 ], [ -91.55, 42.95 ] ] ] } },
{ "type": "Feature", "properties": { "lat": 42.9, "lng": -91.4 }, "geometry": { "type": "Polygon", "coordinates": [ [ [ -91.45, 42.95 ], [ -91.35, 42.95 ], [ -91.35, 42.85 ], [ -91.45, 42.85 ], [ -91.45, 42.95 ] ] ] } },
{ "type": "Feature", "properties": { "lat": 42.9, "lng": -91.3 }, "geometry": { "type": "Polygon", "coordinates": [ [ [ -91.35, 42.95 ], [ -91.25, 42.95 ], [ -91.25, 42.85 ], [ -91.35, 42.85 ], [ -91.35, 42.95 ] ] ] } },
{ "type": "Feature", "properties": { "lat": 42.9, "lng": -91.2 }, "geometry": { "type": "Polygon", "coordinates": [ [ [ -91.25, 42.95 ], [ -91.15, 42.95 ], [ -91.15, 42.85 ], [ -91.25, 42.85 ], [ -91.25, 42.95 ] ] ] } },
{ "type": "Feature", "properties": { "lat": 42.9, "lng": -91.1 }, "geometry": { "type": "Polygon", "coordinates": [ [ [ -91.15, 42.95 ], [ -91.05, 42.95 ], [ -91.05, 42.85 ], [ -91.15, 42.85 ], [ -91.15, 42.95 ] ] ] } },
{ "type": "Feature", "properties": { "lat": 42.9, "lng": -91.0 }, "geometry": { "type": "Polygon", "coordinates": [ [ [ -91.05, 42.95 ], [ -90.95, 42.95 ], [ -90.95, 42.85 ], [ -91.05, 42.85 ], [ -91.05, 42.95 ] ] ] } },
{ "type": "Feature", "properties": { "lat": 42.9, "lng": -90.9 }, "geometry": { "type": "Polygon", "coordinates": [ [ [ -90.95, 42.95 ], [ -90.85, 42.95 ], [ -90.85, 42.85 ], [ -90.95, 42.85 ], [ -90.95, 42.95 ] ] ] } },
{ "type": "Feature", "properties": { "lat": 42.9, "lng": -90.8 }, "geometry": { "type": "Polygon", "coordinates": [ [ [ -90.85, 42.95 ], [ -90.75, 42.95 ], [ -90.75, 42.85 ], [ -90.85, 42.85 ], [ -90.85, 42.95 ] ] ] } },
{ "type": "Feature", "properties": { "lat": 42.9, "lng": -90.7 }, "geometry": { "type": "Polygon", "coordinates": [ [ [ -90.75, 42.95 ], [ -90.65, 42.95 ], [ -90.65, 42.85 ], [ -90.75, 42.85 ], [ -90.75, 42.95 ] ] ] } },
{ "type": "Feature", "properties": { "lat": 42.9, "lng": -90.6 }, "geometry": { "type": "Polygon", "coordinates": [ [ [ -90.65, 42.95 ], [ -90.55, 42.95 ], [ -90.55, 42.85 ], [ -90.65, 42.85 ], [ -90.65, 42.95 ] ] ] } },
{ "type": "Feature", "properties": { "lat": 42.9, "lng": -90.5 }, "geometry": { "type": "Polygon", "coordinates": [ [ [ -90.55, 42.95 ], [ -90.45, 42.95 ], [ -90.45, 42.85 ], [ -90.55, 42.85 ], [ -90.55, 42.95 ] ] ] } },
{ "type": "Feature", "properties": { "lat": 42.9, "lng": -90.4 }, "geometry": { "type": "Polygon", "coordinates": [ [ [ -90.45, 42.95 ], [ -90.35, 42.95 ], [ -90.35, 42.85 ], [ -90.45, 42.85 ], [ -90.45, 42.95 ] ] ] } },
{ "type": "Feature", "properties": { "lat": 42.9, "lng": -90.3 }, "geometry": { "type": "Polygon", "coordinates": [ [ [ -90.35, 42.95 ], [ -90.25, 42.95 ], [ -90.25, 42.85 ], [ -90.35, 42.85 ], [ -90.35, 42.95 ] ] ] } },
{ "type": "Feature", "properties": { "lat": 42.9, "lng": -90.2 }, "geometry": { "type": "Polygon", "coordinates": [ [ [ -90.25, 42.95 ], [ -90.15, 42.95 ], [ -90.15, 42.85 ], [ -90.25, 42.85 ], [ -90.25, 42.95 ] ] ] } },
{ "type": "Feature", "properties": { "lat": 42.9, "lng": -90.1 }, "geometry": { "type": "Polygon", "coordinates": [ [ [ -90.15, 42.95 ], [ -90.05, 42.95 ], [ -90.05, 42.85 ], [ -90.15, 42.85 ], [ -90.15, 42.95 ] ] ] } },
{ "type": "Feature", "properties": { "lat": 42.9, "lng": -90.0 }, "geometry": { "type": "Polygon", "coordinates": [ [ [ -90.05, 42.95 ], [ -89.95, 42.95 ], [ -89.95, 42.85 ], [ -90.05, 42.85 ], [ -90.05, 42.95 ] ] ] } },
{ "type": "Feature", "properties": { "lat": 42.9, "lng": -89.9 }, "geometry": { "type": "Polygon", "coordinates": [ [ [ -89.95, 42.95 ], [ -89.85, 42.95 ], [ -89.85, 42.85 ], [ -89.95, 42.85 ], [ -89.95, 42.95 ] ] ] } },
{ "type": "Feature", "properties": { "lat": 42.9, "lng": -89.8 }, "geometry": { "type": "Polygon", "coordinates": [ [ [ -89.85, 42.95 ], [ -89.75, 42.95 ], [ -89.75, 42.85 ], [ -89.85, 42.85 ], [ -89.85, 42.95 ] ] ] } },
{ "type": "Feature", "properties": { "lat": 42.9, "lng": -89.7 }, "geometry": { "type": "Polygon", "coordinates": [ [ [ -89.75, 42.95 ], [ -89.65, 42.95 ], [ -89.65, 42.85 ], [ -89.75, 42.85 ], [ -89.75, 42.95 ] ] ] } },
{ "type": "Feature", "properties": { "lat": 42.9, "lng": -89.6 }, "geometry": { "type": "Polygon", "coordinates": [ [ [ -89.65, 42.95 ], [ -89.55, 42.95 ], [ -89.55, 42.85 ], [ -89.65, 42.85 ], [ -89.65, 42.95 ] ] ] } },
{ "type": "Feature", "properties": { "lat": 42.9, "lng": -89.5 }, "geometry": { "type": "Polygon", "coordinates": [ [ [ -89.55, 42.95 ], [ -89.45, 42.95 ], [ -89.45, 42.85 ], [ -89.55, 42.85 ], [ -89.55, 42.95 ] ] ] } },
{ "type": "Feature", "properties": { "lat": 42.9, "lng": -89.4 }, "geometry": { "type": "Polygon", "coordinates": [ [ [ -89.45, 42.95 ], [ -89.35, 42.95 ], [ -89.35, 42.85 ], [ -89.45, 42.85 ], [ -89.45, 42.95 ] ] ] } },
{ "type": "Feature", "properties": { "lat": 42.9, "lng": -89.3 }, "geometry": { "type": "Polygon", "coordinates": [ [ [ -89.35, 42.95 ], [ -89.25, 42.95 ], [ -89.25, 42.85 ], [ -89.35, 42.85 ], [ -89.35, 42.95 ] ] ] } },
{ "type": "Feature", "properties": { "lat": 42.9, "lng": -89.2 }, "geometry": { "type": "Polygon", "coordinates": [ [ [ -89.25, 42.95 ], [ -89.15, 42.95 ], [ -89.15, 42.85 ], [ -89.25, 42.85 ], [ -89.25, 42.95 ] ] ] } },
{ "type": "Feature", "properties": { "lat": 42.9, "lng": -89.1 }, "geometry": { "type": "Polygon", "coordinates": [ [ [ -89.15, 42.95 ], [ -89.05, 42.95 ], [ -89.05, 42.85 ], [ -89.15, 42.85 ], [ -89.15, 42.95 ] ] ] } },
{ "type": "Feature", "properties": { "lat": 42.9, "lng": -89.0 }, "geometry": { "type": "Polygon", "coordinates": [ [ [ -89.05, 42.95 ], [ -88.95, 42.95 ], [ -88.95, 42.85 ], [ -89.05, 42.85 ], [ -89.05, 42.95 ] ] ] } },
{ "type": "Feature", "properties": { "lat": 42.9, "lng": -88.9 }, "geometry": { "type": "Polygon", "coordinates": [ [ [ -88.95, 42.95 ], [ -88.85, 42.95 ], [ -88.85, 42.85 ], [ -88.95, 42.85 ], [ -88.95, 42.95 ] ] ] } },
{ "type": "Feature", "properties": { "lat": 42.9, "lng": -88.8 }, "geometry": { "type": "Polygon", "coordinates": [ [ [ -88.85, 42.95 ], [ -88.75, 42.95 ], [ -88.75, 42.85 ], [ -88.85, 42.85 ], [ -88.85, 42.95 ] ] ] } },
{ "type": "Feature", "properties": { "lat": 42.9, "lng": -88.7 }, "geometry": { "type": "Polygon", "coordinates": [ [ [ -88.75, 42.95 ], [ -88.65, 42.95 ], [ -88.65, 42.85 ], [ -88.75, 42.85 ], [ -88.75, 42.95 ] ] ] } },
{ "type": "Feature", "properties": { "lat": 42.9, "lng": -88.6 }, "geometry": { "type": "Polygon", "coordinates": [ [ [ -88.65, 42.95 ], [ -88.55, 42.95 ], [ -88.55, 42.85 ], [ -88.65, 42.85 ], [ -88.65, 42.95 ] ] ] } },
{ "type": "Feature", "properties": { "lat": 42.9, "lng": -88.5 }, "geometry": { "type": "Polygon", "coordinates": [ [ [ -88.55, 42.95 ], [ -88.45, 42.95 ], [ -88.45, 42.85 ], [ -88.55, 42.85 ], [ -88.55, 42.95 ] ] ] } },
{ "type": "Feature", "properties": { "lat": 42.9, "lng": -88.4 }, "geometry": { "type": "Polygon", "coordinates": [ [ [ -88.45, 42.95 ], [ -88.35, 42.95 ], [ -88.35, 42.85 ], [ -88.45, 42.85 ], [ -88.45, 42.95 ] ] ] } },
{ "type": "Feature", "properties": { "lat": 42.9, "lng": -88.3 }, "geometry": { "type": "Polygon", "coordinates": [ [ [ -88.35, 42.95 ], [ -88.25, 42.95 ], [ -88.25, 42.85 ], [ -88.35, 42.85 ], [ -88.35, 42.95 ] ] ] } },
{ "type": "Feature", "properties": { "lat": 42.9, "lng": -88.2 }, "geometry": { "type": "Polygon", "coordinates": [ [ [ -88.25, 42.95 ], [ -88.15, 42.95 ], [ -88.15, 42.85 ], [ -88.25, 42.85 ], [ -88.25, 42.95 ] ] ] } },
{ "type": "Feature", "properties": { "lat": 42.9, "lng": -88.1 }, "geometry": { "type": "Polygon", "coordinates": [ [ [ -88.15, 42.95 ], [ -88.05, 42.95 ], [ -88.05, 42.85 ], [ -88.15, 42.85 ], [ -88.15, 42.95 ] ] ] } },
{ "type": "Feature", "properties": { "lat": 42.9, "lng": -88.0 }, "geometry": { "type": "Polygon", "coordinates": [ [ [ -88.05, 42.95 ], [ -87.95, 42.95 ], [ -87.95, 42.85 ], [ -88.05, 42.85 ], [ -88.05, 42.95 ] ] ] } },
{ "type": "Feature", "properties": { "lat": 42.9, "lng": -87.9 }, "geometry": { "type": "Polygon", "coordinates": [ [ [ -87.95, 42.95 ], [ -87.85, 42.95 ], [ -87.85, 42.85 ], [ -87.95, 42.85 ], [ -87.95, 42.95 ] ] ] } },
{ "type": "Feature", "properties": { "lat": 42.9, "lng": -87.8 }, "geometry": { "type": "Polygon", "coordinates": [ [ [ -87.85, 42.95 ], [ -87.75, 42.95 ], [ -87.75, 42.85 ], [ -87.85, 42.85 ], [ -87.85, 42.95 ] ] ] } },
{ "type": "Feature", "properties": { "lat": 42.9, "lng": -87.7 }, "geometry": { "type": "Polygon", "coordinates": [ [ [ -87.75, 42.95 ], [ -87.65, 42.95 ], [ -87.65, 42.85 ], [ -87.75, 42.85 ], [ -87.75, 42.95 ] ] ] } },
{ "type": "Feature", "properties": { "lat": 42.9, "lng": -87.6 }, "geometry": { "type": "Polygon", "coordinates": [ [ [ -87.65, 42.95 ], [ -87.55, 42.95 ], [ -87.55, 42.85 ], [ -87.65, 42.85 ], [ -87.65, 42.95 ] ] ] } },
{ "type": "Feature", "properties": { "lat": 42.9, "lng": -87.5 }, "geometry": { "type": "Polygon", "coordinates": [ [ [ -87.55, 42.95 ], [ -87.45, 42.95 ], [ -87.45, 42.85 ], [ -87.55, 42.85 ], [ -87.55, 42.95 ] ] ] } },
{ "type": "Feature", "properties": { "lat": 42.9, "lng": -87.4 }, "geometry": { "type": "Polygon", "coordinates": [ [ [ -87.45, 42.95 ], [ -87.35, 42.95 ], [ -87.35, 42.85 ], [ -87.45, 42.85 ], [ -87.45, 42.95 ] ] ] } },
{ "type": "Feature", "properties": { "lat": 42.9, "lng": -87.3 }, "geometry": { "type": "Polygon", "coordinates": [ [ [ -87.35, 42.95 ], [ -87.25, 42.95 ], [ -87.25, 42.85 ], [ -87.35, 42.85 ], [ -87.35, 42.95 ] ] ] } },
{ "type": "Feature", "properties": { "lat": 42.9, "lng": -87.2 }, "geometry": { "type": "Polygon", "coordinates": [ [ [ -87.25, 42.95 ], [ -87.15, 42.95 ], [ -87.15, 42.85 ], [ -87.25, 42.85 ], [ -87.25, 42.95 ] ] ] } },
{ "type": "Feature", "properties": { "lat": 42.9, "lng": -87.1 }, "geometry": { "type": "Polygon", "coordinates": [ [ [ -87.15, 42.95 ], [ -87.05, 42.95 ], [ -87.05, 42.85 ], [ -87.15, 42.85 ], [ -87.15, 42.95 ] ] ] } },
{ "type": "Feature", "properties": { "lat": 42.9, "lng": -87.0 }, "geometry": { "type": "Polygon", "coordinates": [ [ [ -87.05, 42.95 ], [ -86.95, 42.95 ], [ -86.95, 42.85 ], [ -87.05, 42.85 ], [ -87.05, 42.95 ] ] ] } },
{ "type": "Feature", "properties": { "lat": 42.9, "lng": -86.9 }, "geometry": { "type": "Polygon", "coordinates": [ [ [ -86.95, 42.95 ], [ -86.85, 42.95 ], [ -86.85, 42.85 ], [ -86.95, 42.85 ], [ -86.95, 42.95 ] ] ] } },
{ "type": "Feature", "properties": { "lat": 42.9, "lng": -86.8 }, "geometry": { "type": "Polygon", "coordinates": [ [ [ -86.85, 42.95 ], [ -86.75, 42.95 ], [ -86.75, 42.85 ], [ -86.85, 42.85 ], [ -86.85, 42.95 ] ] ] } },
{ "type": "Feature", "properties": { "lat": 43.0, "lng": -93.0 }, "geometry": { "type": "Polygon", "coordinates": [ [ [ -93.05, 43.05 ], [ -92.95, 43.05 ], [ -92.95, 42.95 ], [ -93.05, 42.95 ], [ -93.05, 43.05 ] ] ] } },
{ "type": "Feature", "properties": { "lat": 43.0, "lng": -92.9 }, "geometry": { "type": "Polygon", "coordinates": [ [ [ -92.95, 43.05 ], [ -92.85, 43.05 ], [ -92.85, 42.95 ], [ -92.95, 42.95 ], [ -92.95, 43.05 ] ] ] } },
{ "type": "Feature", "properties": { "lat": 43.0, "lng": -92.8 }, "geometry": { "type": "Polygon", "coordinates": [ [ [ -92.85, 43.05 ], [ -92.75, 43.05 ], [ -92.75, 42.95 ], [ -92.85, 42.95 ], [ -92.85, 43.05 ] ] ] } },
{ "type": "Feature", "properties": { "lat": 43.0, "lng": -92.7 }, "geometry": { "type": "Polygon", "coordinates": [ [ [ -92.75, 43.05 ], [ -92.65, 43.05 ], [ -92.65, 42.95 ], [ -92.75, 42.95 ], [ -92.75, 43.05 ] ] ] } },
{ "type": "Feature", "properties": { "lat": 43.0, "lng": -92.6 }, "geometry": { "type": "Polygon", "coordinates": [ [ [ -92.65, 43.05 ], [ -92.55, 43.05 ], [ -92.55, 42.95 ], [ -92.65, 42.95 ], [ -92.65, 43.05 ] ] ] } },
{ "type": "Feature", "properties": { "lat": 43.0, "lng": -92.5 }, "geometry": { "type": "Polygon", "coordinates": [ [ [ -92.55, 43.05 ], [ -92.45, 43.05 ], [ -92.45, 42.95 ], [ -92.55, 42.95 ], [ -92.55, 43.05 ] ] ] } },
{ "type": "Feature", "properties": { "lat": 43.0, "lng": -92.4 }, "geometry": { "type": "Polygon", "coordinates": [ [ [ -92.45, 43.05 ], [ -92.35, 43.05 ], [ -92.35, 42.95 ], [ -92.45, 42.95 ], [ -92.45, 43.05 ] ] ] } },
{ "type": "Feature", "properties": { "lat": 43.0, "lng": -92.3 }, "geometry": { "type": "Polygon", "coordinates": [ [ [ -92.35, 43.05 ], [ -92.25, 43.05 ], [ -92.25, 42.95 ], [ -92.35, 42.95 ], [ -92.35, 43.05 ] ] ] } },
{ "type": "Feature", "properties": { "lat": 43.0, "lng": -92.2 }, "geometry": { "type": "Polygon", "coordinates": [ [ [ -92.25, 43.05 ], [ -92.15, 43.05 ], [ -92.15, 42.95 ], [ -92.25, 42.95 ], [ -92.25, 43.05 ] ] ] } },
{ "type": "Feature", "properties": { "lat": 43.0, "lng": -92.1 }, "geometry": { "type": "Polygon", "coordinates": [ [ [ -92.15, 43.05 ], [ -92.05, 43.05 ], [ -92.05, 42.95 ], [ -92.15, 42.95 ], [ -92.15, 43.05 ] ] ] } },
{ "type": "Feature", "properties": { "lat": 43.0, "lng": -92.0 }, "geometry": { "type": "Polygon", "coordinates": [ [ [ -92.05, 43.05 ], [ -91.95, 43.05 ], [ -91.95, 42.95 ], [ -92.05, 42.95 ], [ -92.05, 43.05 ] ] ] } },
{ "type": "Feature", "properties": { "lat": 43.0, "lng": -91.9 }, "geometry": { "type": "Polygon", "coordinates": [ [ [ -91.95, 43.05 ], [ -91.85, 43.05 ], [ -91.85, 42.95 ], [ -91.95, 42.95 ], [ -91.95, 43.05 ] ] ] } },
{ "type": "Feature", "properties": { "lat": 43.0, "lng": -91.8 }, "geometry": { "type": "Polygon", "coordinates": [ [ [ -91.85, 43.05 ], [ -91.75, 43.05 ], [ -91.75, 42.95 ], [ -91.85, 42.95 ], [ -91.85, 43.05 ] ] ] } },
{ "type": "Feature", "properties": { "lat": 43.0, "lng": -91.7 }, "geometry": { "type": "Polygon", "coordinates": [ [ [ -91.75, 43.05 ], [ -91.65, 43.05 ], [ -91.65, 42.95 ], [ -91.75, 42.95 ], [ -91.75, 43.05 ] ] ] } },
{ "type": "Feature", "properties": { "lat": 43.0, "lng": -91.6 }, "geometry": { "type": "Polygon", "coordinates": [ [ [ -91.65, 43.05 ], [ -91.55, 43.05 ], [ -91.55, 42.95 ], [ -91.65, 42.95 ], [ -91.65, 43.05 ] ] ] } },
{ "type": "Feature", "properties": { "lat": 43.0, "lng": -91.5 }, "geometry": { "type": "Polygon", "coordinates": [ [ [ -91.55, 43.05 ], [ -91.45, 43.05 ], [ -91.45, 42.95 ], [ -91.55, 42.95 ], [ -91.55, 43.05 ] ] ] } },
{ "type": "Feature", "properties": { "lat": 43.0, "lng": -91.4 }, "geometry": { "type": "Polygon", "coordinates": [ [ [ -91.45, 43.05 ], [ -91.35, 43.05 ], [ -91.35, 42.95 ], [ -91.45, 42.95 ], [ -91.45, 43.05 ] ] ] } },
{ "type": "Feature", "properties": { "lat": 43.0, "lng": -91.3 }, "geometry": { "type": "Polygon", "coordinates": [ [ [ -91.35, 43.05 ], [ -91.25, 43.05 ], [ -91.25, 42.95 ], [ -91.35, 42.95 ], [ -91.35, 43.05 ] ] ] } },
{ "type": "Feature", "properties": { "lat": 43.0, "lng": -91.2 }, "geometry": { "type": "Polygon", "coordinates": [ [ [ -91.25, 43.05 ], [ -91.15, 43.05 ], [ -91.15, 42.95 ], [ -91.25, 42.95 ], [ -91.25, 43.05 ] ] ] } },
{ "type": "Feature", "properties": { "lat": 43.0, "lng": -91.1 }, "geometry": { "type": "Polygon", "coordinates": [ [ [ -91.15, 43.05 ], [ -91.05, 43.05 ], [ -91.05, 42.95 ], [ -91.15, 42.95 ], [ -91.15, 43.05 ] ] ] } },
{ "type": "Feature", "properties": { "lat": 43.0, "lng": -91.0 }, "geometry": { "type": "Polygon", "coordinates": [ [ [ -91.05, 43.05 ], [ -90.95, 43.05 ], [ -90.95, 42.95 ], [ -91.05, 42.95 ], [ -91.05, 43.05 ] ] ] } },
{ "type": "Feature", "properties": { "lat": 43.0, "lng": -90.9 }, "geometry": { "type": "Polygon", "coordinates": [ [ [ -90.95, 43.05 ], [ -90.85, 43.05 ], [ -90.85, 42.95 ], [ -90.95, 42.95 ], [ -90.95, 43.05 ] ] ] } },
{ "type": "Feature", "properties": { "lat": 43.0, "lng": -90.8 }, "geometry": { "type": "Polygon", "coordinates": [ [ [ -90.85, 43.05 ], [ -90.75, 43.05 ], [ -90.75, 42.95 ], [ -90.85, 42.95 ], [ -90.85, 43.05 ] ] ] } },
{ "type": "Feature", "properties": { "lat": 43.0, "lng": -90.7 }, "geometry": { "type": "Polygon", "coordinates": [ [ [ -90.75, 43.05 ], [ -90.65, 43.05 ], [ -90.65, 42.95 ], [ -90.75, 42.95 ], [ -90.75, 43.05 ] ] ] } },
{ "type": "Feature", "properties": { "lat": 43.0, "lng": -90.6 }, "geometry": { "type": "Polygon", "coordinates": [ [ [ -90.65, 43.05 ], [ -90.55, 43.05 ], [ -90.55, 42.95 ], [ -90.65, 42.95 ], [ -90.65, 43.05 ] ] ] } },
{ "type": "Feature", "properties": { "lat": 43.0, "lng": -90.5 }, "geometry": { "type": "Polygon", "coordinates": [ [ [ -90.55, 43.05 ], [ -90.45, 43.05 ], [ -90.45, 42.95 ], [ -90.55, 42.95 ], [ -90.55, 43.05 ] ] ] } },
{ "type": "Feature", "properties": { "lat": 43.0, "lng": -90.4 }, "geometry": { "type": "Polygon", "coordinates": [ [ [ -90.45, 43.05 ], [ -90.35, 43.05 ], [ -90.35, 42.95 ], [ -90.45, 42.95 ], [ -90.45, 43.05 ] ] ] } },
{ "type": "Feature", "properties": { "lat": 43.0, "lng": -90.3 }, "geometry": { "type": "Polygon", "coordinates": [ [ [ -90.35, 43.05 ], [ -90.25, 43.05 ], [ -90.25, 42.95 ], [ -90.35, 42.95 ], [ -90.35, 43.05 ] ] ] } },
{ "type": "Feature", "properties": { "lat": 43.0, "lng": -90.2 }, "geometry": { "type": "Polygon", "coordinates": [ [ [ -90.25, 43.05 ], [ -90.15, 43.05 ], [ -90.15, 42.95 ], [ -90.25, 42.95 ], [ -90.25, 43.05 ] ] ] } },
{ "type": "Feature", "properties": { "lat": 43.0, "lng": -90.1 }, "geometry": { "type": "Polygon", "coordinates": [ [ [ -90.15, 43.05 ], [ -90.05, 43.05 ], [ -90.05, 42.95 ], [ -90.15, 42.95 ], [ -90.15, 43.05 ] ] ] } },
{ "type": "Feature", "properties": { "lat": 43.0, "lng": -90.0 }, "geometry": { "type": "Polygon", "coordinates": [ [ [ -90.05, 43.05 ], [ -89.95, 43.05 ], [ -89.95, 42.95 ], [ -90.05, 42.95 ], [ -90.05, 43.05 ] ] ] } },
{ "type": "Feature", "properties": { "lat": 43.0, "lng": -89.9 }, "geometry": { "type": "Polygon", "coordinates": [ [ [ -89.95, 43.05 ], [ -89.85, 43.05 ], [ -89.85, 42.95 ], [ -89.95, 42.95 ], [ -89.95, 43.05 ] ] ] } },
{ "type": "Feature", "properties": { "lat": 43.0, "lng": -89.8 }, "geometry": { "type": "Polygon", "coordinates": [ [ [ -89.85, 43.05 ], [ -89.75, 43.05 ], [ -89.75, 42.95 ], [ -89.85, 42.95 ], [ -89.85, 43.05 ] ] ] } },
{ "type": "Feature", "properties": { "lat": 43.0, "lng": -89.7 }, "geometry": { "type": "Polygon", "coordinates": [ [ [ -89.75, 43.05 ], [ -89.65, 43.05 ], [ -89.65, 42.95 ], [ -89.75, 42.95 ], [ -89.75, 43.05 ] ] ] } },
{ "type": "Feature", "properties": { "lat": 43.0, "lng": -89.6 }, "geometry": { "type": "Polygon", "coordinates": [ [ [ -89.65, 43.05 ], [ -89.55, 43.05 ], [ -89.55, 42.95 ], [ -89.65, 42.95 ], [ -89.65, 43.05 ] ] ] } },
{ "type": "Feature", "properties": { "lat": 43.0, "lng": -89.5 }, "geometry": { "type": "Polygon", "coordinates": [ [ [ -89.55, 43.05 ], [ -89.45, 43.05 ], [ -89.45, 42.95 ], [ -89.55, 42.95 ], [ -89.55, 43.05 ] ] ] } },
{ "type": "Feature", "properties": { "lat": 43.0, "lng": -89.4 }, "geometry": { "type": "Polygon", "coordinates": [ [ [ -89.45, 43.05 ], [ -89.35, 43.05 ], [ -89.35, 42.95 ], [ -89.45, 42.95 ], [ -89.45, 43.05 ] ] ] } },
{ "type": "Feature", "properties": { "lat": 43.0, "lng": -89.3 }, "geometry": { "type": "Polygon", "coordinates": [ [ [ -89.35, 43.05 ], [ -89.25, 43.05 ], [ -89.25, 42.95 ], [ -89.35, 42.95 ], [ -89.35, 43.05 ] ] ] } },
{ "type": "Feature", "properties": { "lat": 43.0, "lng": -89.2 }, "geometry": { "type": "Polygon", "coordinates": [ [ [ -89.25, 43.05 ], [ -89.15, 43.05 ], [ -89.15, 42.95 ], [ -89.25, 42.95 ], [ -89.25, 43.05 ] ] ] } },
{ "type": "Feature", "properties": { "lat": 43.0, "lng": -89.1 }, "geometry": { "type": "Polygon", "coordinates": [ [ [ -89.15, 43.05 ], [ -89.05, 43.05 ], [ -89.05, 42.95 ], [ -89.15, 42.95 ], [ -89.15, 43.05 ] ] ] } },
{ "type": "Feature", "properties": { "lat": 43.0, "lng": -89.0 }, "geometry": { "type": "Polygon", "coordinates": [ [ [ -89.05, 43.05 ], [ -88.95, 43.05 ], [ -88.95, 42.95 ], [ -89.05, 42.95 ], [ -89.05, 43.05 ] ] ] } },
{ "type": "Feature", "properties": { "lat": 43.0, "lng": -88.9 }, "geometry": { "type": "Polygon", "coordinates": [ [ [ -88.95, 43.05 ], [ -88.85, 43.05 ], [ -88.85, 42.95 ], [ -88.95, 42.95 ], [ -88.95, 43.05 ] ] ] } },
{ "type": "Feature", "properties": { "lat": 43.0, "lng": -88.8 }, "geometry": { "type": "Polygon", "coordinates": [ [ [ -88.85, 43.05 ], [ -88.75, 43.05 ], [ -88.75, 42.95 ], [ -88.85, 42.95 ], [ -88.85, 43.05 ] ] ] } },
{ "type": "Feature", "properties": { "lat": 43.0, "lng": -88.7 }, "geometry": { "type": "Polygon", "coordinates": [ [ [ -88.75, 43.05 ], [ -88.65, 43.05 ], [ -88.65, 42.95 ], [ -88.75, 42.95 ], [ -88.75, 43.05 ] ] ] } },
{ "type": "Feature", "properties": { "lat": 43.0, "lng": -88.6 }, "geometry": { "type": "Polygon", "coordinates": [ [ [ -88.65, 43.05 ], [ -88.55, 43.05 ], [ -88.55, 42.95 ], [ -88.65, 42.95 ], [ -88.65, 43.05 ] ] ] } },
{ "type": "Feature", "properties": { "lat": 43.0, "lng": -88.5 }, "geometry": { "type": "Polygon", "coordinates": [ [ [ -88.55, 43.05 ], [ -88.45, 43.05 ], [ -88.45, 42.95 ], [ -88.55, 42.95 ], [ -88.55, 43.05 ] ] ] } },
{ "type": "Feature", "properties": { "lat": 43.0, "lng": -88.4 }, "geometry": { "type": "Polygon", "coordinates": [ [ [ -88.45, 43.05 ], [ -88.35, 43.05 ], [ -88.35, 42.95 ], [ -88.45, 42.95 ], [ -88.45, 43.05 ] ] ] } },
{ "type": "Feature", "properties": { "lat": 43.0, "lng": -88.3 }, "geometry": { "type": "Polygon", "coordinates": [ [ [ -88.35, 43.05 ], [ -88.25, 43.05 ], [ -88.25, 42.95 ], [ -88.35, 42.95 ], [ -88.35, 43.05 ] ] ] } },
{ "type": "Feature", "properties": { "lat": 43.0, "lng": -88.2 }, "geometry": { "type": "Polygon", "coordinates": [ [ [ -88.25, 43.05 ], [ -88.15, 43.05 ], [ -88.15, 42.95 ], [ -88.25, 42.95 ], [ -88.25, 43.05 ] ] ] } },
{ "type": "Feature", "properties": { "lat": 43.0, "lng": -88.1 }, "geometry": { "type": "Polygon", "coordinates": [ [ [ -88.15, 43.05 ], [ -88.05, 43.05 ], [ -88.05, 42.95 ], [ -88.15, 42.95 ], [ -88.15, 43.05 ] ] ] } },
{ "type": "Feature", "properties": { "lat": 43.0, "lng": -88.0 }, "geometry": { "type": "Polygon", "coordinates": [ [ [ -88.05, 43.05 ], [ -87.95, 43.05 ], [ -87.95, 42.95 ], [ -88.05, 42.95 ], [ -88.05, 43.05 ] ] ] } },
{ "type": "Feature", "properties": { "lat": 43.0, "lng": -87.9 }, "geometry": { "type": "Polygon", "coordinates": [ [ [ -87.95, 43.05 ], [ -87.85, 43.05 ], [ -87.85, 42.95 ], [ -87.95, 42.95 ], [ -87.95, 43.05 ] ] ] } },
{ "type": "Feature", "properties": { "lat": 43.0, "lng": -87.8 }, "geometry": { "type": "Polygon", "coordinates": [ [ [ -87.85, 43.05 ], [ -87.75, 43.05 ], [ -87.75, 42.95 ], [ -87.85, 42.95 ], [ -87.85, 43.05 ] ] ] } },
{ "type": "Feature", "properties": { "lat": 43.0, "lng": -87.7 }, "geometry": { "type": "Polygon", "coordinates": [ [ [ -87.75, 43.05 ], [ -87.65, 43.05 ], [ -87.65, 42.95 ], [ -87.75, 42.95 ], [ -87.75, 43.05 ] ] ] } },
{ "type": "Feature", "properties": { "lat": 43.0, "lng": -87.6 }, "geometry": { "type": "Polygon", "coordinates": [ [ [ -87.65, 43.05 ], [ -87.55, 43.05 ], [ -87.55, 42.95 ], [ -87.65, 42.95 ], [ -87.65, 43.05 ] ] ] } },
{ "type": "Feature", "properties": { "lat": 43.0, "lng": -87.5 }, "geometry": { "type": "Polygon", "coordinates": [ [ [ -87.55, 43.05 ], [ -87.45, 43.05 ], [ -87.45, 42.95 ], [ -87.55, 42.95 ], [ -87.55, 43.05 ] ] ] } },
{ "type": "Feature", "properties": { "lat": 43.0, "lng": -87.4 }, "geometry": { "type": "Polygon", "coordinates": [ [ [ -87.45, 43.05 ], [ -87.35, 43.05 ], [ -87.35, 42.95 ], [ -87.45, 42.95 ], [ -87.45, 43.05 ] ] ] } },
{ "type": "Feature", "properties": { "lat": 43.0, "lng": -87.3 }, "geometry": { "type": "Polygon", "coordinates": [ [ [ -87.35, 43.05 ], [ -87.25, 43.05 ], [ -87.25, 42.95 ], [ -87.35, 42.95 ], [ -87.35, 43.05 ] ] ] } },
{ "type": "Feature", "properties": { "lat": 43.0, "lng": -87.2 }, "geometry": { "type": "Polygon", "coordinates": [ [ [ -87.25, 43.05 ], [ -87.15, 43.05 ], [ -87.15, 42.95 ], [ -87.25, 42.95 ], [ -87.25, 43.05 ] ] ] } },
{ "type": "Feature", "properties": { "lat": 43.0, "lng": -87.1 }, "geometry": { "type": "Polygon", "coordinates": [ [ [ -87.15, 43.05 ], [ -87.05, 43.05 ], [ -87.05, 42.95 ], [ -87.15, 42.95 ], [ -87.15, 43.05 ] ] ] } },
{ "type": "Feature", "properties": { "lat": 43.0, "lng": -87.0 }, "geometry": { "type": "Polygon", "coordinates": [ [ [ -87.05, 43.05 ], [ -86.95, 43.05 ], [ -86.95, 42.95 ], [ -87.05, 42.95 ], [ -87.05, 43.05 ] ] ] } },
{ "type": "Feature", "properties": { "lat": 43.0, "lng": -86.9 }, "geometry": { "type": "Polygon", "coordinates": [ [ [ -86.95, 43.05 ], [ -86.85, 43.05 ], [ -86.85, 42.95 ], [ -86.95, 42.95 ], [ -86.95, 43.05 ] ] ] } },
{ "type": "Feature", "properties": { "lat": 43.0, "lng": -86.8 }, "geometry": { "type": "Polygon", "coordinates": [ [ [ -86.85, 43.05 ], [ -86.75, 43.05 ], [ -86.75, 42.95 ], [ -86.85, 42.95 ], [ -86.85, 43.05 ] ] ] } },
{ "type": "Feature", "properties": { "lat": 43.1, "lng": -93.0 }, "geometry": { "type": "Polygon", "coordinates": [ [ [ -93.05, 43.15 ], [ -92.95, 43.15 ], [ -92.95, 43.05 ], [ -93.05, 43.05 ], [ -93.05, 43.15 ] ] ] } },
{ "type": "Feature", "properties": { "lat": 43.1, "lng": -92.9 }, "geometry": { "type": "Polygon", "coordinates": [ [ [ -92.95, 43.15 ], [ -92.85, 43.15 ], [ -92.85, 43.05 ], [ -92.95, 43.05 ], [ -92.95, 43.15 ] ] ] } },
{ "type": "Feature", "properties": { "lat": 43.1, "lng": -92.8 }, "geometry": { "type": "Polygon", "coordinates": [ [ [ -92.85, 43.15 ], [ -92.75, 43.15 ], [ -92.75, 43.05 ], [ -92.85, 43.05 ], [ -92.85, 43.15 ] ] ] } },
{ "type": "Feature", "properties": { "lat": 43.1, "lng": -92.7 }, "geometry": { "type": "Polygon", "coordinates": [ [ [ -92.75, 43.15 ], [ -92.65, 43.15 ], [ -92.65, 43.05 ], [ -92.75, 43.05 ], [ -92.75, 43.15 ] ] ] } },
{ "type": "Feature", "properties": { "lat": 43.1, "lng": -92.6 }, "geometry": { "type": "Polygon", "coordinates": [ [ [ -92.65, 43.15 ], [ -92.55, 43.15 ], [ -92.55, 43.05 ], [ -92.65, 43.05 ], [ -92.65, 43.15 ] ] ] } },
{ "type": "Feature", "properties": { "lat": 43.1, "lng": -92.5 }, "geometry": { "type": "Polygon", "coordinates": [ [ [ -92.55, 43.15 ], [ -92.45, 43.15 ], [ -92.45, 43.05 ], [ -92.55, 43.05 ], [ -92.55, 43.15 ] ] ] } },
{ "type": "Feature", "properties": { "lat": 43.1, "lng": -92.4 }, "geometry": { "type": "Polygon", "coordinates": [ [ [ -92.45, 43.15 ], [ -92.35, 43.15 ], [ -92.35, 43.05 ], [ -92.45, 43.05 ], [ -92.45, 43.15 ] ] ] } },
{ "type": "Feature", "properties": { "lat": 43.1, "lng": -92.3 }, "geometry": { "type": "Polygon", "coordinates": [ [ [ -92.35, 43.15 ], [ -92.25, 43.15 ], [ -92.25, 43.05 ], [ -92.35, 43.05 ], [ -92.35, 43.15 ] ] ] } },
{ "type": "Feature", "properties": { "lat": 43.1, "lng": -92.2 }, "geometry": { "type": "Polygon", "coordinates": [ [ [ -92.25, 43.15 ], [ -92.15, 43.15 ], [ -92.15, 43.05 ], [ -92.25, 43.05 ], [ -92.25, 43.15 ] ] ] } },
{ "type": "Feature", "properties": { "lat": 43.1, "lng": -92.1 }, "geometry": { "type": "Polygon", "coordinates": [ [ [ -92.15, 43.15 ], [ -92.05, 43.15 ], [ -92.05, 43.05 ], [ -92.15, 43.05 ], [ -92.15, 43.15 ] ] ] } },
{ "type": "Feature", "properties": { "lat": 43.1, "lng": -92.0 }, "geometry": { "type": "Polygon", "coordinates": [ [ [ -92.05, 43.15 ], [ -91.95, 43.15 ], [ -91.95, 43.05 ], [ -92.05, 43.05 ], [ -92.05, 43.15 ] ] ] } },
{ "type": "Feature", "properties": { "lat": 43.1, "lng": -91.9 }, "geometry": { "type": "Polygon", "coordinates": [ [ [ -91.95, 43.15 ], [ -91.85, 43.15 ], [ -91.85, 43.05 ], [ -91.95, 43.05 ], [ -91.95, 43.15 ] ] ] } },
{ "type": "Feature", "properties": { "lat": 43.1, "lng": -91.8 }, "geometry": { "type": "Polygon", "coordinates": [ [ [ -91.85, 43.15 ], [ -91.75, 43.15 ], [ -91.75, 43.05 ], [ -91.85, 43.05 ], [ -91.85, 43.15 ] ] ] } },
{ "type": "Feature", "properties": { "lat": 43.1, "lng": -91.7 }, "geometry": { "type": "Polygon", "coordinates": [ [ [ -91.75, 43.15 ], [ -91.65, 43.15 ], [ -91.65, 43.05 ], [ -91.75, 43.05 ], [ -91.75, 43.15 ] ] ] } },
{ "type": "Feature", "properties": { "lat": 43.1, "lng": -91.6 }, "geometry": { "type": "Polygon", "coordinates": [ [ [ -91.65, 43.15 ], [ -91.55, 43.15 ], [ -91.55, 43.05 ], [ -91.65, 43.05 ], [ -91.65, 43.15 ] ] ] } },
{ "type": "Feature", "properties": { "lat": 43.1, "lng": -91.5 }, "geometry": { "type": "Polygon", "coordinates": [ [ [ -91.55, 43.15 ], [ -91.45, 43.15 ], [ -91.45, 43.05 ], [ -91.55, 43.05 ], [ -91.55, 43.15 ] ] ] } },
{ "type": "Feature", "properties": { "lat": 43.1, "lng": -91.4 }, "geometry": { "type": "Polygon", "coordinates": [ [ [ -91.45, 43.15 ], [ -91.35, 43.15 ], [ -91.35, 43.05 ], [ -91.45, 43.05 ], [ -91.45, 43.15 ] ] ] } },
{ "type": "Feature", "properties": { "lat": 43.1, "lng": -91.3 }, "geometry": { "type": "Polygon", "coordinates": [ [ [ -91.35, 43.15 ], [ -91.25, 43.15 ], [ -91.25, 43.05 ], [ -91.35, 43.05 ], [ -91.35, 43.15 ] ] ] } },
{ "type": "Feature", "properties": { "lat": 43.1, "lng": -91.2 }, "geometry": { "type": "Polygon", "coordinates": [ [ [ -91.25, 43.15 ], [ -91.15, 43.15 ], [ -91.15, 43.05 ], [ -91.25, 43.05 ], [ -91.25, 43.15 ] ] ] } },
{ "type": "Feature", "properties": { "lat": 43.1, "lng": -91.1 }, "geometry": { "type": "Polygon", "coordinates": [ [ [ -91.15, 43.15 ], [ -91.05, 43.15 ], [ -91.05, 43.05 ], [ -91.15, 43.05 ], [ -91.15, 43.15 ] ] ] } },
{ "type": "Feature", "properties": { "lat": 43.1, "lng": -91.0 }, "geometry": { "type": "Polygon", "coordinates": [ [ [ -91.05, 43.15 ], [ -90.95, 43.15 ], [ -90.95, 43.05 ], [ -91.05, 43.05 ], [ -91.05, 43.15 ] ] ] } },
{ "type": "Feature", "properties": { "lat": 43.1, "lng": -90.9 }, "geometry": { "type": "Polygon", "coordinates": [ [ [ -90.95, 43.15 ], [ -90.85, 43.15 ], [ -90.85, 43.05 ], [ -90.95, 43.05 ], [ -90.95, 43.15 ] ] ] } },
{ "type": "Feature", "properties": { "lat": 43.1, "lng": -90.8 }, "geometry": { "type": "Polygon", "coordinates": [ [ [ -90.85, 43.15 ], [ -90.75, 43.15 ], [ -90.75, 43.05 ], [ -90.85, 43.05 ], [ -90.85, 43.15 ] ] ] } },
{ "type": "Feature", "properties": { "lat": 43.1, "lng": -90.7 }, "geometry": { "type": "Polygon", "coordinates": [ [ [ -90.75, 43.15 ], [ -90.65, 43.15 ], [ -90.65, 43.05 ], [ -90.75, 43.05 ], [ -90.75, 43.15 ] ] ] } },
{ "type": "Feature", "properties": { "lat": 43.1, "lng": -90.6 }, "geometry": { "type": "Polygon", "coordinates": [ [ [ -90.65, 43.15 ], [ -90.55, 43.15 ], [ -90.55, 43.05 ], [ -90.65, 43.05 ], [ -90.65, 43.15 ] ] ] } },
{ "type": "Feature", "properties": { "lat": 43.1, "lng": -90.5 }, "geometry": { "type": "Polygon", "coordinates": [ [ [ -90.55, 43.15 ], [ -90.45, 43.15 ], [ -90.45, 43.05 ], [ -90.55, 43.05 ], [ -90.55, 43.15 ] ] ] } },
{ "type": "Feature", "properties": { "lat": 43.1, "lng": -90.4 }, "geometry": { "type": "Polygon", "coordinates": [ [ [ -90.45, 43.15 ], [ -90.35, 43.15 ], [ -90.35, 43.05 ], [ -90.45, 43.05 ], [ -90.45, 43.15 ] ] ] } },
{ "type": "Feature", "properties": { "lat": 43.1, "lng": -90.3 }, "geometry": { "type": "Polygon", "coordinates": [ [ [ -90.35, 43.15 ], [ -90.25, 43.15 ], [ -90.25, 43.05 ], [ -90.35, 43.05 ], [ -90.35, 43.15 ] ] ] } },
{ "type": "Feature", "properties": { "lat": 43.1, "lng": -90.2 }, "geometry": { "type": "Polygon", "coordinates": [ [ [ -90.25, 43.15 ], [ -90.15, 43.15 ], [ -90.15, 43.05 ], [ -90.25, 43.05 ], [ -90.25, 43.15 ] ] ] } },
{ "type": "Feature", "properties": { "lat": 43.1, "lng": -90.1 }, "geometry": { "type": "Polygon", "coordinates": [ [ [ -90.15, 43.15 ], [ -90.05, 43.15 ], [ -90.05, 43.05 ], [ -90.15, 43.05 ], [ -90.15, 43.15 ] ] ] } },
{ "type": "Feature", "properties": { "lat": 43.1, "lng": -90.0 }, "geometry": { "type": "Polygon", "coordinates": [ [ [ -90.05, 43.15 ], [ -89.95, 43.15 ], [ -89.95, 43.05 ], [ -90.05, 43.05 ], [ -90.05, 43.15 ] ] ] } },
{ "type": "Feature", "properties": { "lat": 43.1, "lng": -89.9 }, "geometry": { "type": "Polygon", "coordinates": [ [ [ -89.95, 43.15 ], [ -89.85, 43.15 ], [ -89.85, 43.05 ], [ -89.95, 43.05 ], [ -89.95, 43.15 ] ] ] } },
{ "type": "Feature", "properties": { "lat": 43.1, "lng": -89.8 }, "geometry": { "type": "Polygon", "coordinates": [ [ [ -89.85, 43.15 ], [ -89.75, 43.15 ], [ -89.75, 43.05 ], [ -89.85, 43.05 ], [ -89.85, 43.15 ] ] ] } },
{ "type": "Feature", "properties": { "lat": 43.1, "lng": -89.7 }, "geometry": { "type": "Polygon", "coordinates": [ [ [ -89.75, 43.15 ], [ -89.65, 43.15 ], [ -89.65, 43.05 ], [ -89.75, 43.05 ], [ -89.75, 43.15 ] ] ] } },
{ "type": "Feature", "properties": { "lat": 43.1, "lng": -89.6 }, "geometry": { "type": "Polygon", "coordinates": [ [ [ -89.65, 43.15 ], [ -89.55, 43.15 ], [ -89.55, 43.05 ], [ -89.65, 43.05 ], [ -89.65, 43.15 ] ] ] } },
{ "type": "Feature", "properties": { "lat": 43.1, "lng": -89.5 }, "geometry": { "type": "Polygon", "coordinates": [ [ [ -89.55, 43.15 ], [ -89.45, 43.15 ], [ -89.45, 43.05 ], [ -89.55, 43.05 ], [ -89.55, 43.15 ] ] ] } },
{ "type": "Feature", "properties": { "lat": 43.1, "lng": -89.4 }, "geometry": { "type": "Polygon", "coordinates": [ [ [ -89.45, 43.15 ], [ -89.35, 43.15 ], [ -89.35, 43.05 ], [ -89.45, 43.05 ], [ -89.45, 43.15 ] ] ] } },
{ "type": "Feature", "properties": { "lat": 43.1, "lng": -89.3 }, "geometry": { "type": "Polygon", "coordinates": [ [ [ -89.35, 43.15 ], [ -89.25, 43.15 ], [ -89.25, 43.05 ], [ -89.35, 43.05 ], [ -89.35, 43.15 ] ] ] } },
{ "type": "Feature", "properties": { "lat": 43.1, "lng": -89.2 }, "geometry": { "type": "Polygon", "coordinates": [ [ [ -89.25, 43.15 ], [ -89.15, 43.15 ], [ -89.15, 43.05 ], [ -89.25, 43.05 ], [ -89.25, 43.15 ] ] ] } },
{ "type": "Feature", "properties": { "lat": 43.1, "lng": -89.1 }, "geometry": { "type": "Polygon", "coordinates": [ [ [ -89.15, 43.15 ], [ -89.05, 43.15 ], [ -89.05, 43.05 ], [ -89.15, 43.05 ], [ -89.15, 43.15 ] ] ] } },
{ "type": "Feature", "properties": { "lat": 43.1, "lng": -89.0 }, "geometry": { "type": "Polygon", "coordinates": [ [ [ -89.05, 43.15 ], [ -88.95, 43.15 ], [ -88.95, 43.05 ], [ -89.05, 43.05 ], [ -89.05, 43.15 ] ] ] } },
{ "type": "Feature", "properties": { "lat": 43.1, "lng": -88.9 }, "geometry": { "type": "Polygon", "coordinates": [ [ [ -88.95, 43.15 ], [ -88.85, 43.15 ], [ -88.85, 43.05 ], [ -88.95, 43.05 ], [ -88.95, 43.15 ] ] ] } },
{ "type": "Feature", "properties": { "lat": 43.1, "lng": -88.8 }, "geometry": { "type": "Polygon", "coordinates": [ [ [ -88.85, 43.15 ], [ -88.75, 43.15 ], [ -88.75, 43.05 ], [ -88.85, 43.05 ], [ -88.85, 43.15 ] ] ] } },
{ "type": "Feature", "properties": { "lat": 43.1, "lng": -88.7 }, "geometry": { "type": "Polygon", "coordinates": [ [ [ -88.75, 43.15 ], [ -88.65, 43.15 ], [ -88.65, 43.05 ], [ -88.75, 43.05 ], [ -88.75, 43.15 ] ] ] } },
{ "type": "Feature", "properties": { "lat": 43.1, "lng": -88.6 }, "geometry": { "type": "Polygon", "coordinates": [ [ [ -88.65, 43.15 ], [ -88.55, 43.15 ], [ -88.55, 43.05 ], [ -88.65, 43.05 ], [ -88.65, 43.15 ] ] ] } },
{ "type": "Feature", "properties": { "lat": 43.1, "lng": -88.5 }, "geometry": { "type": "Polygon", "coordinates": [ [ [ -88.55, 43.15 ], [ -88.45, 43.15 ], [ -88.45, 43.05 ], [ -88.55, 43.05 ], [ -88.55, 43.15 ] ] ] } },
{ "type": "Feature", "properties": { "lat": 43.1, "lng": -88.4 }, "geometry": { "type": "Polygon", "coordinates": [ [ [ -88.45, 43.15 ], [ -88.35, 43.15 ], [ -88.35, 43.05 ], [ -88.45, 43.05 ], [ -88.45, 43.15 ] ] ] } },
{ "type": "Feature", "properties": { "lat": 43.1, "lng": -88.3 }, "geometry": { "type": "Polygon", "coordinates": [ [ [ -88.35, 43.15 ], [ -88.25, 43.15 ], [ -88.25, 43.05 ], [ -88.35, 43.05 ], [ -88.35, 43.15 ] ] ] } },
{ "type": "Feature", "properties": { "lat": 43.1, "lng": -88.2 }, "geometry": { "type": "Polygon", "coordinates": [ [ [ -88.25, 43.15 ], [ -88.15, 43.15 ], [ -88.15, 43.05 ], [ -88.25, 43.05 ], [ -88.25, 43.15 ] ] ] } },
{ "type": "Feature", "properties": { "lat": 43.1, "lng": -88.1 }, "geometry": { "type": "Polygon", "coordinates": [ [ [ -88.15, 43.15 ], [ -88.05, 43.15 ], [ -88.05, 43.05 ], [ -88.15, 43.05 ], [ -88.15, 43.15 ] ] ] } },
{ "type": "Feature", "properties": { "lat": 43.1, "lng": -88.0 }, "geometry": { "type": "Polygon", "coordinates": [ [ [ -88.05, 43.15 ], [ -87.95, 43.15 ], [ -87.95, 43.05 ], [ -88.05, 43.05 ], [ -88.05, 43.15 ] ] ] } },
{ "type": "Feature", "properties": { "lat": 43.1, "lng": -87.9 }, "geometry": { "type": "Polygon", "coordinates": [ [ [ -87.95, 43.15 ], [ -87.85, 43.15 ], [ -87.85, 43.05 ], [ -87.95, 43.05 ], [ -87.95, 43.15 ] ] ] } },
{ "type": "Feature", "properties": { "lat": 43.1, "lng": -87.8 }, "geometry": { "type": "Polygon", "coordinates": [ [ [ -87.85, 43.15 ], [ -87.75, 43.15 ], [ -87.75, 43.05 ], [ -87.85, 43.05 ], [ -87.85, 43.15 ] ] ] } },
{ "type": "Feature", "properties": { "lat": 43.1, "lng": -87.7 }, "geometry": { "type": "Polygon", "coordinates": [ [ [ -87.75, 43.15 ], [ -87.65, 43.15 ], [ -87.65, 43.05 ], [ -87.75, 43.05 ], [ -87.75, 43.15 ] ] ] } },
{ "type": "Feature", "properties": { "lat": 43.1, "lng": -87.6 }, "geometry": { "type": "Polygon", "coordinates": [ [ [ -87.65, 43.15 ], [ -87.55, 43.15 ], [ -87.55, 43.05 ], [ -87.65, 43.05 ], [ -87.65, 43.15 ] ] ] } },
{ "type": "Feature", "properties": { "lat": 43.1, "lng": -87.5 }, "geometry": { "type": "Polygon", "coordinates": [ [ [ -87.55, 43.15 ], [ -87.45, 43.15 ], [ -87.45, 43.05 ], [ -87.55, 43.05 ], [ -87.55, 43.15 ] ] ] } },
{ "type": "Feature", "properties": { "lat": 43.1, "lng": -87.4 }, "geometry": { "type": "Polygon", "coordinates": [ [ [ -87.45, 43.15 ], [ -87.35, 43.15 ], [ -87.35, 43.05 ], [ -87.45, 43.05 ], [ -87.45, 43.15 ] ] ] } },
{ "type": "Feature", "properties": { "lat": 43.1, "lng": -87.3 }, "geometry": { "type": "Polygon", "coordinates": [ [ [ -87.35, 43.15 ], [ -87.25, 43.15 ], [ -87.25, 43.05 ], [ -87.35, 43.05 ], [ -87.35, 43.15 ] ] ] } },
{ "type": "Feature", "properties": { "lat": 43.1, "lng": -87.2 }, "geometry": { "type": "Polygon", "coordinates": [ [ [ -87.25, 43.15 ], [ -87.15, 43.15 ], [ -87.15, 43.05 ], [ -87.25, 43.05 ], [ -87.25, 43.15 ] ] ] } },
{ "type": "Feature", "properties": { "lat": 43.1, "lng": -87.1 }, "geometry": { "type": "Polygon", "coordinates": [ [ [ -87.15, 43.15 ], [ -87.05, 43.15 ], [ -87.05, 43.05 ], [ -87.15, 43.05 ], [ -87.15, 43.15 ] ] ] } },
{ "type": "Feature", "properties": { "lat": 43.1, "lng": -87.0 }, "geometry": { "type": "Polygon", "coordinates": [ [ [ -87.05, 43.15 ], [ -86.95, 43.15 ], [ -86.95, 43.05 ], [ -87.05, 43.05 ], [ -87.05, 43.15 ] ] ] } },
{ "type": "Feature", "properties": { "lat": 43.1, "lng": -86.9 }, "geometry": { "type": "Polygon", "coordinates": [ [ [ -86.95, 43.15 ], [ -86.85, 43.15 ], [ -86.85, 43.05 ], [ -86.95, 43.05 ], [ -86.95, 43.15 ] ] ] } },
{ "type": "Feature", "properties": { "lat": 43.1, "lng": -86.8 }, "geometry": { "type": "Polygon", "coordinates": [ [ [ -86.85, 43.15 ], [ -86.75, 43.15 ], [ -86.75, 43.05 ], [ -86.85, 43.05 ], [ -86.85, 43.15 ] ] ] } },
{ "type": "Feature", "properties": { "lat": 43.2, "lng": -93.0 }, "geometry": { "type": "Polygon", "coordinates": [ [ [ -93.05, 43.25 ], [ -92.95, 43.25 ], [ -92.95, 43.15 ], [ -93.05, 43.15 ], [ -93.05, 43.25 ] ] ] } },
{ "type": "Feature", "properties": { "lat": 43.2, "lng": -92.9 }, "geometry": { "type": "Polygon", "coordinates": [ [ [ -92.95, 43.25 ], [ -92.85, 43.25 ], [ -92.85, 43.15 ], [ -92.95, 43.15 ], [ -92.95, 43.25 ] ] ] } },
{ "type": "Feature", "properties": { "lat": 43.2, "lng": -92.8 }, "geometry": { "type": "Polygon", "coordinates": [ [ [ -92.85, 43.25 ], [ -92.75, 43.25 ], [ -92.75, 43.15 ], [ -92.85, 43.15 ], [ -92.85, 43.25 ] ] ] } },
{ "type": "Feature", "properties": { "lat": 43.2, "lng": -92.7 }, "geometry": { "type": "Polygon", "coordinates": [ [ [ -92.75, 43.25 ], [ -92.65, 43.25 ], [ -92.65, 43.15 ], [ -92.75, 43.15 ], [ -92.75, 43.25 ] ] ] } },
{ "type": "Feature", "properties": { "lat": 43.2, "lng": -92.6 }, "geometry": { "type": "Polygon", "coordinates": [ [ [ -92.65, 43.25 ], [ -92.55, 43.25 ], [ -92.55, 43.15 ], [ -92.65, 43.15 ], [ -92.65, 43.25 ] ] ] } },
{ "type": "Feature", "properties": { "lat": 43.2, "lng": -92.5 }, "geometry": { "type": "Polygon", "coordinates": [ [ [ -92.55, 43.25 ], [ -92.45, 43.25 ], [ -92.45, 43.15 ], [ -92.55, 43.15 ], [ -92.55, 43.25 ] ] ] } },
{ "type": "Feature", "properties": { "lat": 43.2, "lng": -92.4 }, "geometry": { "type": "Polygon", "coordinates": [ [ [ -92.45, 43.25 ], [ -92.35, 43.25 ], [ -92.35, 43.15 ], [ -92.45, 43.15 ], [ -92.45, 43.25 ] ] ] } },
{ "type": "Feature", "properties": { "lat": 43.2, "lng": -92.3 }, "geometry": { "type": "Polygon", "coordinates": [ [ [ -92.35, 43.25 ], [ -92.25, 43.25 ], [ -92.25, 43.15 ], [ -92.35, 43.15 ], [ -92.35, 43.25 ] ] ] } },
{ "type": "Feature", "properties": { "lat": 43.2, "lng": -92.2 }, "geometry": { "type": "Polygon", "coordinates": [ [ [ -92.25, 43.25 ], [ -92.15, 43.25 ], [ -92.15, 43.15 ], [ -92.25, 43.15 ], [ -92.25, 43.25 ] ] ] } },
{ "type": "Feature", "properties": { "lat": 43.2, "lng": -92.1 }, "geometry": { "type": "Polygon", "coordinates": [ [ [ -92.15, 43.25 ], [ -92.05, 43.25 ], [ -92.05, 43.15 ], [ -92.15, 43.15 ], [ -92.15, 43.25 ] ] ] } },
{ "type": "Feature", "properties": { "lat": 43.2, "lng": -92.0 }, "geometry": { "type": "Polygon", "coordinates": [ [ [ -92.05, 43.25 ], [ -91.95, 43.25 ], [ -91.95, 43.15 ], [ -92.05, 43.15 ], [ -92.05, 43.25 ] ] ] } },
{ "type": "Feature", "properties": { "lat": 43.2, "lng": -91.9 }, "geometry": { "type": "Polygon", "coordinates": [ [ [ -91.95, 43.25 ], [ -91.85, 43.25 ], [ -91.85, 43.15 ], [ -91.95, 43.15 ], [ -91.95, 43.25 ] ] ] } },
{ "type": "Feature", "properties": { "lat": 43.2, "lng": -91.8 }, "geometry": { "type": "Polygon", "coordinates": [ [ [ -91.85, 43.25 ], [ -91.75, 43.25 ], [ -91.75, 43.15 ], [ -91.85, 43.15 ], [ -91.85, 43.25 ] ] ] } },
{ "type": "Feature", "properties": { "lat": 43.2, "lng": -91.7 }, "geometry": { "type": "Polygon", "coordinates": [ [ [ -91.75, 43.25 ], [ -91.65, 43.25 ], [ -91.65, 43.15 ], [ -91.75, 43.15 ], [ -91.75, 43.25 ] ] ] } },
{ "type": "Feature", "properties": { "lat": 43.2, "lng": -91.6 }, "geometry": { "type": "Polygon", "coordinates": [ [ [ -91.65, 43.25 ], [ -91.55, 43.25 ], [ -91.55, 43.15 ], [ -91.65, 43.15 ], [ -91.65, 43.25 ] ] ] } },
{ "type": "Feature", "properties": { "lat": 43.2, "lng": -91.5 }, "geometry": { "type": "Polygon", "coordinates": [ [ [ -91.55, 43.25 ], [ -91.45, 43.25 ], [ -91.45, 43.15 ], [ -91.55, 43.15 ], [ -91.55, 43.25 ] ] ] } },
{ "type": "Feature", "properties": { "lat": 43.2, "lng": -91.4 }, "geometry": { "type": "Polygon", "coordinates": [ [ [ -91.45, 43.25 ], [ -91.35, 43.25 ], [ -91.35, 43.15 ], [ -91.45, 43.15 ], [ -91.45, 43.25 ] ] ] } },
{ "type": "Feature", "properties": { "lat": 43.2, "lng": -91.3 }, "geometry": { "type": "Polygon", "coordinates": [ [ [ -91.35, 43.25 ], [ -91.25, 43.25 ], [ -91.25, 43.15 ], [ -91.35, 43.15 ], [ -91.35, 43.25 ] ] ] } },
{ "type": "Feature", "properties": { "lat": 43.2, "lng": -91.2 }, "geometry": { "type": "Polygon", "coordinates": [ [ [ -91.25, 43.25 ], [ -91.15, 43.25 ], [ -91.15, 43.15 ], [ -91.25, 43.15 ], [ -91.25, 43.25 ] ] ] } },
{ "type": "Feature", "properties": { "lat": 43.2, "lng": -91.1 }, "geometry": { "type": "Polygon", "coordinates": [ [ [ -91.15, 43.25 ], [ -91.05, 43.25 ], [ -91.05, 43.15 ], [ -91.15, 43.15 ], [ -91.15, 43.25 ] ] ] } },
{ "type": "Feature", "properties": { "lat": 43.2, "lng": -91.0 }, "geometry": { "type": "Polygon", "coordinates": [ [ [ -91.05, 43.25 ], [ -90.95, 43.25 ], [ -90.95, 43.15 ], [ -91.05, 43.15 ], [ -91.05, 43.25 ] ] ] } },
{ "type": "Feature", "properties": { "lat": 43.2, "lng": -90.9 }, "geometry": { "type": "Polygon", "coordinates": [ [ [ -90.95, 43.25 ], [ -90.85, 43.25 ], [ -90.85, 43.15 ], [ -90.95, 43.15 ], [ -90.95, 43.25 ] ] ] } },
{ "type": "Feature", "properties": { "lat": 43.2, "lng": -90.8 }, "geometry": { "type": "Polygon", "coordinates": [ [ [ -90.85, 43.25 ], [ -90.75, 43.25 ], [ -90.75, 43.15 ], [ -90.85, 43.15 ], [ -90.85, 43.25 ] ] ] } },
{ "type": "Feature", "properties": { "lat": 43.2, "lng": -90.7 }, "geometry": { "type": "Polygon", "coordinates": [ [ [ -90.75, 43.25 ], [ -90.65, 43.25 ], [ -90.65, 43.15 ], [ -90.75, 43.15 ], [ -90.75, 43.25 ] ] ] } },
{ "type": "Feature", "properties": { "lat": 43.2, "lng": -90.6 }, "geometry": { "type": "Polygon", "coordinates": [ [ [ -90.65, 43.25 ], [ -90.55, 43.25 ], [ -90.55, 43.15 ], [ -90.65, 43.15 ], [ -90.65, 43.25 ] ] ] } },
{ "type": "Feature", "properties": { "lat": 43.2, "lng": -90.5 }, "geometry": { "type": "Polygon", "coordinates": [ [ [ -90.55, 43.25 ], [ -90.45, 43.25 ], [ -90.45, 43.15 ], [ -90.55, 43.15 ], [ -90.55, 43.25 ] ] ] } },
{ "type": "Feature", "properties": { "lat": 43.2, "lng": -90.4 }, "geometry": { "type": "Polygon", "coordinates": [ [ [ -90.45, 43.25 ], [ -90.35, 43.25 ], [ -90.35, 43.15 ], [ -90.45, 43.15 ], [ -90.45, 43.25 ] ] ] } },
{ "type": "Feature", "properties": { "lat": 43.2, "lng": -90.3 }, "geometry": { "type": "Polygon", "coordinates": [ [ [ -90.35, 43.25 ], [ -90.25, 43.25 ], [ -90.25, 43.15 ], [ -90.35, 43.15 ], [ -90.35, 43.25 ] ] ] } },
{ "type": "Feature", "properties": { "lat": 43.2, "lng": -90.2 }, "geometry": { "type": "Polygon", "coordinates": [ [ [ -90.25, 43.25 ], [ -90.15, 43.25 ], [ -90.15, 43.15 ], [ -90.25, 43.15 ], [ -90.25, 43.25 ] ] ] } },
{ "type": "Feature", "properties": { "lat": 43.2, "lng": -90.1 }, "geometry": { "type": "Polygon", "coordinates": [ [ [ -90.15, 43.25 ], [ -90.05, 43.25 ], [ -90.05, 43.15 ], [ -90.15, 43.15 ], [ -90.15, 43.25 ] ] ] } },
{ "type": "Feature", "properties": { "lat": 43.2, "lng": -90.0 }, "geometry": { "type": "Polygon", "coordinates": [ [ [ -90.05, 43.25 ], [ -89.95, 43.25 ], [ -89.95, 43.15 ], [ -90.05, 43.15 ], [ -90.05, 43.25 ] ] ] } },
{ "type": "Feature", "properties": { "lat": 43.2, "lng": -89.9 }, "geometry": { "type": "Polygon", "coordinates": [ [ [ -89.95, 43.25 ], [ -89.85, 43.25 ], [ -89.85, 43.15 ], [ -89.95, 43.15 ], [ -89.95, 43.25 ] ] ] } },
{ "type": "Feature", "properties": { "lat": 43.2, "lng": -89.8 }, "geometry": { "type": "Polygon", "coordinates": [ [ [ -89.85, 43.25 ], [ -89.75, 43.25 ], [ -89.75, 43.15 ], [ -89.85, 43.15 ], [ -89.85, 43.25 ] ] ] } },
{ "type": "Feature", "properties": { "lat": 43.2, "lng": -89.7 }, "geometry": { "type": "Polygon", "coordinates": [ [ [ -89.75, 43.25 ], [ -89.65, 43.25 ], [ -89.65, 43.15 ], [ -89.75, 43.15 ], [ -89.75, 43.25 ] ] ] } },
{ "type": "Feature", "properties": { "lat": 43.2, "lng": -89.6 }, "geometry": { "type": "Polygon", "coordinates": [ [ [ -89.65, 43.25 ], [ -89.55, 43.25 ], [ -89.55, 43.15 ], [ -89.65, 43.15 ], [ -89.65, 43.25 ] ] ] } },
{ "type": "Feature", "properties": { "lat": 43.2, "lng": -89.5 }, "geometry": { "type": "Polygon", "coordinates": [ [ [ -89.55, 43.25 ], [ -89.45, 43.25 ], [ -89.45, 43.15 ], [ -89.55, 43.15 ], [ -89.55, 43.25 ] ] ] } },
{ "type": "Feature", "properties": { "lat": 43.2, "lng": -89.4 }, "geometry": { "type": "Polygon", "coordinates": [ [ [ -89.45, 43.25 ], [ -89.35, 43.25 ], [ -89.35, 43.15 ], [ -89.45, 43.15 ], [ -89.45, 43.25 ] ] ] } },
{ "type": "Feature", "properties": { "lat": 43.2, "lng": -89.3 }, "geometry": { "type": "Polygon", "coordinates": [ [ [ -89.35, 43.25 ], [ -89.25, 43.25 ], [ -89.25, 43.15 ], [ -89.35, 43.15 ], [ -89.35, 43.25 ] ] ] } },
{ "type": "Feature", "properties": { "lat": 43.2, "lng": -89.2 }, "geometry": { "type": "Polygon", "coordinates": [ [ [ -89.25, 43.25 ], [ -89.15, 43.25 ], [ -89.15, 43.15 ], [ -89.25, 43.15 ], [ -89.25, 43.25 ] ] ] } },
{ "type": "Feature", "properties": { "lat": 43.2, "lng": -89.1 }, "geometry": { "type": "Polygon", "coordinates": [ [ [ -89.15, 43.25 ], [ -89.05, 43.25 ], [ -89.05, 43.15 ], [ -89.15, 43.15 ], [ -89.15, 43.25 ] ] ] } },
{ "type": "Feature", "properties": { "lat": 43.2, "lng": -89.0 }, "geometry": { "type": "Polygon", "coordinates": [ [ [ -89.05, 43.25 ], [ -88.95, 43.25 ], [ -88.95, 43.15 ], [ -89.05, 43.15 ], [ -89.05, 43.25 ] ] ] } },
{ "type": "Feature", "properties": { "lat": 43.2, "lng": -88.9 }, "geometry": { "type": "Polygon", "coordinates": [ [ [ -88.95, 43.25 ], [ -88.85, 43.25 ], [ -88.85, 43.15 ], [ -88.95, 43.15 ], [ -88.95, 43.25 ] ] ] } },
{ "type": "Feature", "properties": { "lat": 43.2, "lng": -88.8 }, "geometry": { "type": "Polygon", "coordinates": [ [ [ -88.85, 43.25 ], [ -88.75, 43.25 ], [ -88.75, 43.15 ], [ -88.85, 43.15 ], [ -88.85, 43.25 ] ] ] } },
{ "type": "Feature", "properties": { "lat": 43.2, "lng": -88.7 }, "geometry": { "type": "Polygon", "coordinates": [ [ [ -88.75, 43.25 ], [ -88.65, 43.25 ], [ -88.65, 43.15 ], [ -88.75, 43.15 ], [ -88.75, 43.25 ] ] ] } },
{ "type": "Feature", "properties": { "lat": 43.2, "lng": -88.6 }, "geometry": { "type": "Polygon", "coordinates": [ [ [ -88.65, 43.25 ], [ -88.55, 43.25 ], [ -88.55, 43.15 ], [ -88.65, 43.15 ], [ -88.65, 43.25 ] ] ] } },
{ "type": "Feature", "properties": { "lat": 43.2, "lng": -88.5 }, "geometry": { "type": "Polygon", "coordinates": [ [ [ -88.55, 43.25 ], [ -88.45, 43.25 ], [ -88.45, 43.15 ], [ -88.55, 43.15 ], [ -88.55, 43.25 ] ] ] } },
{ "type": "Feature", "properties": { "lat": 43.2, "lng": -88.4 }, "geometry": { "type": "Polygon", "coordinates": [ [ [ -88.45, 43.25 ], [ -88.35, 43.25 ], [ -88.35, 43.15 ], [ -88.45, 43.15 ], [ -88.45, 43.25 ] ] ] } },
{ "type": "Feature", "properties": { "lat": 43.2, "lng": -88.3 }, "geometry": { "type": "Polygon", "coordinates": [ [ [ -88.35, 43.25 ], [ -88.25, 43.25 ], [ -88.25, 43.15 ], [ -88.35, 43.15 ], [ -88.35, 43.25 ] ] ] } },
{ "type": "Feature", "properties": { "lat": 43.2, "lng": -88.2 }, "geometry": { "type": "Polygon", "coordinates": [ [ [ -88.25, 43.25 ], [ -88.15, 43.25 ], [ -88.15, 43.15 ], [ -88.25, 43.15 ], [ -88.25, 43.25 ] ] ] } },
{ "type": "Feature", "properties": { "lat": 43.2, "lng": -88.1 }, "geometry": { "type": "Polygon", "coordinates": [ [ [ -88.15, 43.25 ], [ -88.05, 43.25 ], [ -88.05, 43.15 ], [ -88.15, 43.15 ], [ -88.15, 43.25 ] ] ] } },
{ "type": "Feature", "properties": { "lat": 43.2, "lng": -88.0 }, "geometry": { "type": "Polygon", "coordinates": [ [ [ -88.05, 43.25 ], [ -87.95, 43.25 ], [ -87.95, 43.15 ], [ -88.05, 43.15 ], [ -88.05, 43.25 ] ] ] } },
{ "type": "Feature", "properties": { "lat": 43.2, "lng": -87.9 }, "geometry": { "type": "Polygon", "coordinates": [ [ [ -87.95, 43.25 ], [ -87.85, 43.25 ], [ -87.85, 43.15 ], [ -87.95, 43.15 ], [ -87.95, 43.25 ] ] ] } },
{ "type": "Feature", "properties": { "lat": 43.2, "lng": -87.8 }, "geometry": { "type": "Polygon", "coordinates": [ [ [ -87.85, 43.25 ], [ -87.75, 43.25 ], [ -87.75, 43.15 ], [ -87.85, 43.15 ], [ -87.85, 43.25 ] ] ] } },
{ "type": "Feature", "properties": { "lat": 43.2, "lng": -87.7 }, "geometry": { "type": "Polygon", "coordinates": [ [ [ -87.75, 43.25 ], [ -87.65, 43.25 ], [ -87.65, 43.15 ], [ -87.75, 43.15 ], [ -87.75, 43.25 ] ] ] } },
{ "type": "Feature", "properties": { "lat": 43.2, "lng": -87.6 }, "geometry": { "type": "Polygon", "coordinates": [ [ [ -87.65, 43.25 ], [ -87.55, 43.25 ], [ -87.55, 43.15 ], [ -87.65, 43.15 ], [ -87.65, 43.25 ] ] ] } },
{ "type": "Feature", "properties": { "lat": 43.2, "lng": -87.5 }, "geometry": { "type": "Polygon", "coordinates": [ [ [ -87.55, 43.25 ], [ -87.45, 43.25 ], [ -87.45, 43.15 ], [ -87.55, 43.15 ], [ -87.55, 43.25 ] ] ] } },
{ "type": "Feature", "properties": { "lat": 43.2, "lng": -87.4 }, "geometry": { "type": "Polygon", "coordinates": [ [ [ -87.45, 43.25 ], [ -87.35, 43.25 ], [ -87.35, 43.15 ], [ -87.45, 43.15 ], [ -87.45, 43.25 ] ] ] } },
{ "type": "Feature", "properties": { "lat": 43.2, "lng": -87.3 }, "geometry": { "type": "Polygon", "coordinates": [ [ [ -87.35, 43.25 ], [ -87.25, 43.25 ], [ -87.25, 43.15 ], [ -87.35, 43.15 ], [ -87.35, 43.25 ] ] ] } },
{ "type": "Feature", "properties": { "lat": 43.2, "lng": -87.2 }, "geometry": { "type": "Polygon", "coordinates": [ [ [ -87.25, 43.25 ], [ -87.15, 43.25 ], [ -87.15, 43.15 ], [ -87.25, 43.15 ], [ -87.25, 43.25 ] ] ] } },
{ "type": "Feature", "properties": { "lat": 43.2, "lng": -87.1 }, "geometry": { "type": "Polygon", "coordinates": [ [ [ -87.15, 43.25 ], [ -87.05, 43.25 ], [ -87.05, 43.15 ], [ -87.15, 43.15 ], [ -87.15, 43.25 ] ] ] } },
{ "type": "Feature", "properties": { "lat": 43.2, "lng": -87.0 }, "geometry": { "type": "Polygon", "coordinates": [ [ [ -87.05, 43.25 ], [ -86.95, 43.25 ], [ -86.95, 43.15 ], [ -87.05, 43.15 ], [ -87.05, 43.25 ] ] ] } },
{ "type": "Feature", "properties": { "lat": 43.2, "lng": -86.9 }, "geometry": { "type": "Polygon", "coordinates": [ [ [ -86.95, 43.25 ], [ -86.85, 43.25 ], [ -86.85, 43.15 ], [ -86.95, 43.15 ], [ -86.95, 43.25 ] ] ] } },
{ "type": "Feature", "properties": { "lat": 43.2, "lng": -86.8 }, "geometry": { "type": "Polygon", "coordinates": [ [ [ -86.85, 43.25 ], [ -86.75, 43.25 ], [ -86.75, 43.15 ], [ -86.85, 43.15 ], [ -86.85, 43.25 ] ] ] } },
{ "type": "Feature", "properties": { "lat": 43.3, "lng": -93.0 }, "geometry": { "type": "Polygon", "coordinates": [ [ [ -93.05, 43.35 ], [ -92.95, 43.35 ], [ -92.95, 43.25 ], [ -93.05, 43.25 ], [ -93.05, 43.35 ] ] ] } },
{ "type": "Feature", "properties": { "lat": 43.3, "lng": -92.9 }, "geometry": { "type": "Polygon", "coordinates": [ [ [ -92.95, 43.35 ], [ -92.85, 43.35 ], [ -92.85, 43.25 ], [ -92.95, 43.25 ], [ -92.95, 43.35 ] ] ] } },
{ "type": "Feature", "properties": { "lat": 43.3, "lng": -92.8 }, "geometry": { "type": "Polygon", "coordinates": [ [ [ -92.85, 43.35 ], [ -92.75, 43.35 ], [ -92.75, 43.25 ], [ -92.85, 43.25 ], [ -92.85, 43.35 ] ] ] } },
{ "type": "Feature", "properties": { "lat": 43.3, "lng": -92.7 }, "geometry": { "type": "Polygon", "coordinates": [ [ [ -92.75, 43.35 ], [ -92.65, 43.35 ], [ -92.65, 43.25 ], [ -92.75, 43.25 ], [ -92.75, 43.35 ] ] ] } },
{ "type": "Feature", "properties": { "lat": 43.3, "lng": -92.6 }, "geometry": { "type": "Polygon", "coordinates": [ [ [ -92.65, 43.35 ], [ -92.55, 43.35 ], [ -92.55, 43.25 ], [ -92.65, 43.25 ], [ -92.65, 43.35 ] ] ] } },
{ "type": "Feature", "properties": { "lat": 43.3, "lng": -92.5 }, "geometry": { "type": "Polygon", "coordinates": [ [ [ -92.55, 43.35 ], [ -92.45, 43.35 ], [ -92.45, 43.25 ], [ -92.55, 43.25 ], [ -92.55, 43.35 ] ] ] } },
{ "type": "Feature", "properties": { "lat": 43.3, "lng": -92.4 }, "geometry": { "type": "Polygon", "coordinates": [ [ [ -92.45, 43.35 ], [ -92.35, 43.35 ], [ -92.35, 43.25 ], [ -92.45, 43.25 ], [ -92.45, 43.35 ] ] ] } },
{ "type": "Feature", "properties": { "lat": 43.3, "lng": -92.3 }, "geometry": { "type": "Polygon", "coordinates": [ [ [ -92.35, 43.35 ], [ -92.25, 43.35 ], [ -92.25, 43.25 ], [ -92.35, 43.25 ], [ -92.35, 43.35 ] ] ] } },
{ "type": "Feature", "properties": { "lat": 43.3, "lng": -92.2 }, "geometry": { "type": "Polygon", "coordinates": [ [ [ -92.25, 43.35 ], [ -92.15, 43.35 ], [ -92.15, 43.25 ], [ -92.25, 43.25 ], [ -92.25, 43.35 ] ] ] } },
{ "type": "Feature", "properties": { "lat": 43.3, "lng": -92.1 }, "geometry": { "type": "Polygon", "coordinates": [ [ [ -92.15, 43.35 ], [ -92.05, 43.35 ], [ -92.05, 43.25 ], [ -92.15, 43.25 ], [ -92.15, 43.35 ] ] ] } },
{ "type": "Feature", "properties": { "lat": 43.3, "lng": -92.0 }, "geometry": { "type": "Polygon", "coordinates": [ [ [ -92.05, 43.35 ], [ -91.95, 43.35 ], [ -91.95, 43.25 ], [ -92.05, 43.25 ], [ -92.05, 43.35 ] ] ] } },
{ "type": "Feature", "properties": { "lat": 43.3, "lng": -91.9 }, "geometry": { "type": "Polygon", "coordinates": [ [ [ -91.95, 43.35 ], [ -91.85, 43.35 ], [ -91.85, 43.25 ], [ -91.95, 43.25 ], [ -91.95, 43.35 ] ] ] } },
{ "type": "Feature", "properties": { "lat": 43.3, "lng": -91.8 }, "geometry": { "type": "Polygon", "coordinates": [ [ [ -91.85, 43.35 ], [ -91.75, 43.35 ], [ -91.75, 43.25 ], [ -91.85, 43.25 ], [ -91.85, 43.35 ] ] ] } },
{ "type": "Feature", "properties": { "lat": 43.3, "lng": -91.7 }, "geometry": { "type": "Polygon", "coordinates": [ [ [ -91.75, 43.35 ], [ -91.65, 43.35 ], [ -91.65, 43.25 ], [ -91.75, 43.25 ], [ -91.75, 43.35 ] ] ] } },
{ "type": "Feature", "properties": { "lat": 43.3, "lng": -91.6 }, "geometry": { "type": "Polygon", "coordinates": [ [ [ -91.65, 43.35 ], [ -91.55, 43.35 ], [ -91.55, 43.25 ], [ -91.65, 43.25 ], [ -91.65, 43.35 ] ] ] } },
{ "type": "Feature", "properties": { "lat": 43.3, "lng": -91.5 }, "geometry": { "type": "Polygon", "coordinates": [ [ [ -91.55, 43.35 ], [ -91.45, 43.35 ], [ -91.45, 43.25 ], [ -91.55, 43.25 ], [ -91.55, 43.35 ] ] ] } },
{ "type": "Feature", "properties": { "lat": 43.3, "lng": -91.4 }, "geometry": { "type": "Polygon", "coordinates": [ [ [ -91.45, 43.35 ], [ -91.35, 43.35 ], [ -91.35, 43.25 ], [ -91.45, 43.25 ], [ -91.45, 43.35 ] ] ] } },
{ "type": "Feature", "properties": { "lat": 43.3, "lng": -91.3 }, "geometry": { "type": "Polygon", "coordinates": [ [ [ -91.35, 43.35 ], [ -91.25, 43.35 ], [ -91.25, 43.25 ], [ -91.35, 43.25 ], [ -91.35, 43.35 ] ] ] } },
{ "type": "Feature", "properties": { "lat": 43.3, "lng": -91.2 }, "geometry": { "type": "Polygon", "coordinates": [ [ [ -91.25, 43.35 ], [ -91.15, 43.35 ], [ -91.15, 43.25 ], [ -91.25, 43.25 ], [ -91.25, 43.35 ] ] ] } },
{ "type": "Feature", "properties": { "lat": 43.3, "lng": -91.1 }, "geometry": { "type": "Polygon", "coordinates": [ [ [ -91.15, 43.35 ], [ -91.05, 43.35 ], [ -91.05, 43.25 ], [ -91.15, 43.25 ], [ -91.15, 43.35 ] ] ] } },
{ "type": "Feature", "properties": { "lat": 43.3, "lng": -91.0 }, "geometry": { "type": "Polygon", "coordinates": [ [ [ -91.05, 43.35 ], [ -90.95, 43.35 ], [ -90.95, 43.25 ], [ -91.05, 43.25 ], [ -91.05, 43.35 ] ] ] } },
{ "type": "Feature", "properties": { "lat": 43.3, "lng": -90.9 }, "geometry": { "type": "Polygon", "coordinates": [ [ [ -90.95, 43.35 ], [ -90.85, 43.35 ], [ -90.85, 43.25 ], [ -90.95, 43.25 ], [ -90.95, 43.35 ] ] ] } },
{ "type": "Feature", "properties": { "lat": 43.3, "lng": -90.8 }, "geometry": { "type": "Polygon", "coordinates": [ [ [ -90.85, 43.35 ], [ -90.75, 43.35 ], [ -90.75, 43.25 ], [ -90.85, 43.25 ], [ -90.85, 43.35 ] ] ] } },
{ "type": "Feature", "properties": { "lat": 43.3, "lng": -90.7 }, "geometry": { "type": "Polygon", "coordinates": [ [ [ -90.75, 43.35 ], [ -90.65, 43.35 ], [ -90.65, 43.25 ], [ -90.75, 43.25 ], [ -90.75, 43.35 ] ] ] } },
{ "type": "Feature", "properties": { "lat": 43.3, "lng": -90.6 }, "geometry": { "type": "Polygon", "coordinates": [ [ [ -90.65, 43.35 ], [ -90.55, 43.35 ], [ -90.55, 43.25 ], [ -90.65, 43.25 ], [ -90.65, 43.35 ] ] ] } },
{ "type": "Feature", "properties": { "lat": 43.3, "lng": -90.5 }, "geometry": { "type": "Polygon", "coordinates": [ [ [ -90.55, 43.35 ], [ -90.45, 43.35 ], [ -90.45, 43.25 ], [ -90.55, 43.25 ], [ -90.55, 43.35 ] ] ] } },
{ "type": "Feature", "properties": { "lat": 43.3, "lng": -90.4 }, "geometry": { "type": "Polygon", "coordinates": [ [ [ -90.45, 43.35 ], [ -90.35, 43.35 ], [ -90.35, 43.25 ], [ -90.45, 43.25 ], [ -90.45, 43.35 ] ] ] } },
{ "type": "Feature", "properties": { "lat": 43.3, "lng": -90.3 }, "geometry": { "type": "Polygon", "coordinates": [ [ [ -90.35, 43.35 ], [ -90.25, 43.35 ], [ -90.25, 43.25 ], [ -90.35, 43.25 ], [ -90.35, 43.35 ] ] ] } },
{ "type": "Feature", "properties": { "lat": 43.3, "lng": -90.2 }, "geometry": { "type": "Polygon", "coordinates": [ [ [ -90.25, 43.35 ], [ -90.15, 43.35 ], [ -90.15, 43.25 ], [ -90.25, 43.25 ], [ -90.25, 43.35 ] ] ] } },
{ "type": "Feature", "properties": { "lat": 43.3, "lng": -90.1 }, "geometry": { "type": "Polygon", "coordinates": [ [ [ -90.15, 43.35 ], [ -90.05, 43.35 ], [ -90.05, 43.25 ], [ -90.15, 43.25 ], [ -90.15, 43.35 ] ] ] } },
{ "type": "Feature", "properties": { "lat": 43.3, "lng": -90.0 }, "geometry": { "type": "Polygon", "coordinates": [ [ [ -90.05, 43.35 ], [ -89.95, 43.35 ], [ -89.95, 43.25 ], [ -90.05, 43.25 ], [ -90.05, 43.35 ] ] ] } },
{ "type": "Feature", "properties": { "lat": 43.3, "lng": -89.9 }, "geometry": { "type": "Polygon", "coordinates": [ [ [ -89.95, 43.35 ], [ -89.85, 43.35 ], [ -89.85, 43.25 ], [ -89.95, 43.25 ], [ -89.95, 43.35 ] ] ] } },
{ "type": "Feature", "properties": { "lat": 43.3, "lng": -89.8 }, "geometry": { "type": "Polygon", "coordinates": [ [ [ -89.85, 43.35 ], [ -89.75, 43.35 ], [ -89.75, 43.25 ], [ -89.85, 43.25 ], [ -89.85, 43.35 ] ] ] } },
{ "type": "Feature", "properties": { "lat": 43.3, "lng": -89.7 }, "geometry": { "type": "Polygon", "coordinates": [ [ [ -89.75, 43.35 ], [ -89.65, 43.35 ], [ -89.65, 43.25 ], [ -89.75, 43.25 ], [ -89.75, 43.35 ] ] ] } },
{ "type": "Feature", "properties": { "lat": 43.3, "lng": -89.6 }, "geometry": { "type": "Polygon", "coordinates": [ [ [ -89.65, 43.35 ], [ -89.55, 43.35 ], [ -89.55, 43.25 ], [ -89.65, 43.25 ], [ -89.65, 43.35 ] ] ] } },
{ "type": "Feature", "properties": { "lat": 43.3, "lng": -89.5 }, "geometry": { "type": "Polygon", "coordinates": [ [ [ -89.55, 43.35 ], [ -89.45, 43.35 ], [ -89.45, 43.25 ], [ -89.55, 43.25 ], [ -89.55, 43.35 ] ] ] } },
{ "type": "Feature", "properties": { "lat": 43.3, "lng": -89.4 }, "geometry": { "type": "Polygon", "coordinates": [ [ [ -89.45, 43.35 ], [ -89.35, 43.35 ], [ -89.35, 43.25 ], [ -89.45, 43.25 ], [ -89.45, 43.35 ] ] ] } },
{ "type": "Feature", "properties": { "lat": 43.3, "lng": -89.3 }, "geometry": { "type": "Polygon", "coordinates": [ [ [ -89.35, 43.35 ], [ -89.25, 43.35 ], [ -89.25, 43.25 ], [ -89.35, 43.25 ], [ -89.35, 43.35 ] ] ] } },
{ "type": "Feature", "properties": { "lat": 43.3, "lng": -89.2 }, "geometry": { "type": "Polygon", "coordinates": [ [ [ -89.25, 43.35 ], [ -89.15, 43.35 ], [ -89.15, 43.25 ], [ -89.25, 43.25 ], [ -89.25, 43.35 ] ] ] } },
{ "type": "Feature", "properties": { "lat": 43.3, "lng": -89.1 }, "geometry": { "type": "Polygon", "coordinates": [ [ [ -89.15, 43.35 ], [ -89.05, 43.35 ], [ -89.05, 43.25 ], [ -89.15, 43.25 ], [ -89.15, 43.35 ] ] ] } },
{ "type": "Feature", "properties": { "lat": 43.3, "lng": -89.0 }, "geometry": { "type": "Polygon", "coordinates": [ [ [ -89.05, 43.35 ], [ -88.95, 43.35 ], [ -88.95, 43.25 ], [ -89.05, 43.25 ], [ -89.05, 43.35 ] ] ] } },
{ "type": "Feature", "properties": { "lat": 43.3, "lng": -88.9 }, "geometry": { "type": "Polygon", "coordinates": [ [ [ -88.95, 43.35 ], [ -88.85, 43.35 ], [ -88.85, 43.25 ], [ -88.95, 43.25 ], [ -88.95, 43.35 ] ] ] } },
{ "type": "Feature", "properties": { "lat": 43.3, "lng": -88.8 }, "geometry": { "type": "Polygon", "coordinates": [ [ [ -88.85, 43.35 ], [ -88.75, 43.35 ], [ -88.75, 43.25 ], [ -88.85, 43.25 ], [ -88.85, 43.35 ] ] ] } },
{ "type": "Feature", "properties": { "lat": 43.3, "lng": -88.7 }, "geometry": { "type": "Polygon", "coordinates": [ [ [ -88.75, 43.35 ], [ -88.65, 43.35 ], [ -88.65, 43.25 ], [ -88.75, 43.25 ], [ -88.75, 43.35 ] ] ] } },
{ "type": "Feature", "properties": { "lat": 43.3, "lng": -88.6 }, "geometry": { "type": "Polygon", "coordinates": [ [ [ -88.65, 43.35 ], [ -88.55, 43.35 ], [ -88.55, 43.25 ], [ -88.65, 43.25 ], [ -88.65, 43.35 ] ] ] } },
{ "type": "Feature", "properties": { "lat": 43.3, "lng": -88.5 }, "geometry": { "type": "Polygon", "coordinates": [ [ [ -88.55, 43.35 ], [ -88.45, 43.35 ], [ -88.45, 43.25 ], [ -88.55, 43.25 ], [ -88.55, 43.35 ] ] ] } },
{ "type": "Feature", "properties": { "lat": 43.3, "lng": -88.4 }, "geometry": { "type": "Polygon", "coordinates": [ [ [ -88.45, 43.35 ], [ -88.35, 43.35 ], [ -88.35, 43.25 ], [ -88.45, 43.25 ], [ -88.45, 43.35 ] ] ] } },
{ "type": "Feature", "properties": { "lat": 43.3, "lng": -88.3 }, "geometry": { "type": "Polygon", "coordinates": [ [ [ -88.35, 43.35 ], [ -88.25, 43.35 ], [ -88.25, 43.25 ], [ -88.35, 43.25 ], [ -88.35, 43.35 ] ] ] } },
{ "type": "Feature", "properties": { "lat": 43.3, "lng": -88.2 }, "geometry": { "type": "Polygon", "coordinates": [ [ [ -88.25, 43.35 ], [ -88.15, 43.35 ], [ -88.15, 43.25 ], [ -88.25, 43.25 ], [ -88.25, 43.35 ] ] ] } },
{ "type": "Feature", "properties": { "lat": 43.3, "lng": -88.1 }, "geometry": { "type": "Polygon", "coordinates": [ [ [ -88.15, 43.35 ], [ -88.05, 43.35 ], [ -88.05, 43.25 ], [ -88.15, 43.25 ], [ -88.15, 43.35 ] ] ] } },
{ "type": "Feature", "properties": { "lat": 43.3, "lng": -88.0 }, "geometry": { "type": "Polygon", "coordinates": [ [ [ -88.05, 43.35 ], [ -87.95, 43.35 ], [ -87.95, 43.25 ], [ -88.05, 43.25 ], [ -88.05, 43.35 ] ] ] } },
{ "type": "Feature", "properties": { "lat": 43.3, "lng": -87.9 }, "geometry": { "type": "Polygon", "coordinates": [ [ [ -87.95, 43.35 ], [ -87.85, 43.35 ], [ -87.85, 43.25 ], [ -87.95, 43.25 ], [ -87.95, 43.35 ] ] ] } },
{ "type": "Feature", "properties": { "lat": 43.3, "lng": -87.8 }, "geometry": { "type": "Polygon", "coordinates": [ [ [ -87.85, 43.35 ], [ -87.75, 43.35 ], [ -87.75, 43.25 ], [ -87.85, 43.25 ], [ -87.85, 43.35 ] ] ] } },
{ "type": "Feature", "properties": { "lat": 43.3, "lng": -87.7 }, "geometry": { "type": "Polygon", "coordinates": [ [ [ -87.75, 43.35 ], [ -87.65, 43.35 ], [ -87.65, 43.25 ], [ -87.75, 43.25 ], [ -87.75, 43.35 ] ] ] } },
{ "type": "Feature", "properties": { "lat": 43.3, "lng": -87.6 }, "geometry": { "type": "Polygon", "coordinates": [ [ [ -87.65, 43.35 ], [ -87.55, 43.35 ], [ -87.55, 43.25 ], [ -87.65, 43.25 ], [ -87.65, 43.35 ] ] ] } },
{ "type": "Feature", "properties": { "lat": 43.3, "lng": -87.5 }, "geometry": { "type": "Polygon", "coordinates": [ [ [ -87.55, 43.35 ], [ -87.45, 43.35 ], [ -87.45, 43.25 ], [ -87.55, 43.25 ], [ -87.55, 43.35 ] ] ] } },
{ "type": "Feature", "properties": { "lat": 43.3, "lng": -87.4 }, "geometry": { "type": "Polygon", "coordinates": [ [ [ -87.45, 43.35 ], [ -87.35, 43.35 ], [ -87.35, 43.25 ], [ -87.45, 43.25 ], [ -87.45, 43.35 ] ] ] } },
{ "type": "Feature", "properties": { "lat": 43.3, "lng": -87.3 }, "geometry": { "type": "Polygon", "coordinates": [ [ [ -87.35, 43.35 ], [ -87.25, 43.35 ], [ -87.25, 43.25 ], [ -87.35, 43.25 ], [ -87.35, 43.35 ] ] ] } },
{ "type": "Feature", "properties": { "lat": 43.3, "lng": -87.2 }, "geometry": { "type": "Polygon", "coordinates": [ [ [ -87.25, 43.35 ], [ -87.15, 43.35 ], [ -87.15, 43.25 ], [ -87.25, 43.25 ], [ -87.25, 43.35 ] ] ] } },
{ "type": "Feature", "properties": { "lat": 43.3, "lng": -87.1 }, "geometry": { "type": "Polygon", "coordinates": [ [ [ -87.15, 43.35 ], [ -87.05, 43.35 ], [ -87.05, 43.25 ], [ -87.15, 43.25 ], [ -87.15, 43.35 ] ] ] } },
{ "type": "Feature", "properties": { "lat": 43.3, "lng": -87.0 }, "geometry": { "type": "Polygon", "coordinates": [ [ [ -87.05, 43.35 ], [ -86.95, 43.35 ], [ -86.95, 43.25 ], [ -87.05, 43.25 ], [ -87.05, 43.35 ] ] ] } },
{ "type": "Feature", "properties": { "lat": 43.3, "lng": -86.9 }, "geometry": { "type": "Polygon", "coordinates": [ [ [ -86.95, 43.35 ], [ -86.85, 43.35 ], [ -86.85, 43.25 ], [ -86.95, 43.25 ], [ -86.95, 43.35 ] ] ] } },
{ "type": "Feature", "properties": { "lat": 43.3, "lng": -86.8 }, "geometry": { "type": "Polygon", "coordinates": [ [ [ -86.85, 43.35 ], [ -86.75, 43.35 ], [ -86.75, 43.25 ], [ -86.85, 43.25 ], [ -86.85, 43.35 ] ] ] } },
{ "type": "Feature", "properties": { "lat": 43.4, "lng": -93.0 }, "geometry": { "type": "Polygon", "coordinates": [ [ [ -93.05, 43.45 ], [ -92.95, 43.45 ], [ -92.95, 43.35 ], [ -93.05, 43.35 ], [ -93.05, 43.45 ] ] ] } },
{ "type": "Feature", "properties": { "lat": 43.4, "lng": -92.9 }, "geometry": { "type": "Polygon", "coordinates": [ [ [ -92.95, 43.45 ], [ -92.85, 43.45 ], [ -92.85, 43.35 ], [ -92.95, 43.35 ], [ -92.95, 43.45 ] ] ] } },
{ "type": "Feature", "properties": { "lat": 43.4, "lng": -92.8 }, "geometry": { "type": "Polygon", "coordinates": [ [ [ -92.85, 43.45 ], [ -92.75, 43.45 ], [ -92.75, 43.35 ], [ -92.85, 43.35 ], [ -92.85, 43.45 ] ] ] } },
{ "type": "Feature", "properties": { "lat": 43.4, "lng": -92.7 }, "geometry": { "type": "Polygon", "coordinates": [ [ [ -92.75, 43.45 ], [ -92.65, 43.45 ], [ -92.65, 43.35 ], [ -92.75, 43.35 ], [ -92.75, 43.45 ] ] ] } },
{ "type": "Feature", "properties": { "lat": 43.4, "lng": -92.6 }, "geometry": { "type": "Polygon", "coordinates": [ [ [ -92.65, 43.45 ], [ -92.55, 43.45 ], [ -92.55, 43.35 ], [ -92.65, 43.35 ], [ -92.65, 43.45 ] ] ] } },
{ "type": "Feature", "properties": { "lat": 43.4, "lng": -92.5 }, "geometry": { "type": "Polygon", "coordinates": [ [ [ -92.55, 43.45 ], [ -92.45, 43.45 ], [ -92.45, 43.35 ], [ -92.55, 43.35 ], [ -92.55, 43.45 ] ] ] } },
{ "type": "Feature", "properties": { "lat": 43.4, "lng": -92.4 }, "geometry": { "type": "Polygon", "coordinates": [ [ [ -92.45, 43.45 ], [ -92.35, 43.45 ], [ -92.35, 43.35 ], [ -92.45, 43.35 ], [ -92.45, 43.45 ] ] ] } },
{ "type": "Feature", "properties": { "lat": 43.4, "lng": -92.3 }, "geometry": { "type": "Polygon", "coordinates": [ [ [ -92.35, 43.45 ], [ -92.25, 43.45 ], [ -92.25, 43.35 ], [ -92.35, 43.35 ], [ -92.35, 43.45 ] ] ] } },
{ "type": "Feature", "properties": { "lat": 43.4, "lng": -92.2 }, "geometry": { "type": "Polygon", "coordinates": [ [ [ -92.25, 43.45 ], [ -92.15, 43.45 ], [ -92.15, 43.35 ], [ -92.25, 43.35 ], [ -92.25, 43.45 ] ] ] } },
{ "type": "Feature", "properties": { "lat": 43.4, "lng": -92.1 }, "geometry": { "type": "Polygon", "coordinates": [ [ [ -92.15, 43.45 ], [ -92.05, 43.45 ], [ -92.05, 43.35 ], [ -92.15, 43.35 ], [ -92.15, 43.45 ] ] ] } },
{ "type": "Feature", "properties": { "lat": 43.4, "lng": -92.0 }, "geometry": { "type": "Polygon", "coordinates": [ [ [ -92.05, 43.45 ], [ -91.95, 43.45 ], [ -91.95, 43.35 ], [ -92.05, 43.35 ], [ -92.05, 43.45 ] ] ] } },
{ "type": "Feature", "properties": { "lat": 43.4, "lng": -91.9 }, "geometry": { "type": "Polygon", "coordinates": [ [ [ -91.95, 43.45 ], [ -91.85, 43.45 ], [ -91.85, 43.35 ], [ -91.95, 43.35 ], [ -91.95, 43.45 ] ] ] } },
{ "type": "Feature", "properties": { "lat": 43.4, "lng": -91.8 }, "geometry": { "type": "Polygon", "coordinates": [ [ [ -91.85, 43.45 ], [ -91.75, 43.45 ], [ -91.75, 43.35 ], [ -91.85, 43.35 ], [ -91.85, 43.45 ] ] ] } },
{ "type": "Feature", "properties": { "lat": 43.4, "lng": -91.7 }, "geometry": { "type": "Polygon", "coordinates": [ [ [ -91.75, 43.45 ], [ -91.65, 43.45 ], [ -91.65, 43.35 ], [ -91.75, 43.35 ], [ -91.75, 43.45 ] ] ] } },
{ "type": "Feature", "properties": { "lat": 43.4, "lng": -91.6 }, "geometry": { "type": "Polygon", "coordinates": [ [ [ -91.65, 43.45 ], [ -91.55, 43.45 ], [ -91.55, 43.35 ], [ -91.65, 43.35 ], [ -91.65, 43.45 ] ] ] } },
{ "type": "Feature", "properties": { "lat": 43.4, "lng": -91.5 }, "geometry": { "type": "Polygon", "coordinates": [ [ [ -91.55, 43.45 ], [ -91.45, 43.45 ], [ -91.45, 43.35 ], [ -91.55, 43.35 ], [ -91.55, 43.45 ] ] ] } },
{ "type": "Feature", "properties": { "lat": 43.4, "lng": -91.4 }, "geometry": { "type": "Polygon", "coordinates": [ [ [ -91.45, 43.45 ], [ -91.35, 43.45 ], [ -91.35, 43.35 ], [ -91.45, 43.35 ], [ -91.45, 43.45 ] ] ] } },
{ "type": "Feature", "properties": { "lat": 43.4, "lng": -91.3 }, "geometry": { "type": "Polygon", "coordinates": [ [ [ -91.35, 43.45 ], [ -91.25, 43.45 ], [ -91.25, 43.35 ], [ -91.35, 43.35 ], [ -91.35, 43.45 ] ] ] } },
{ "type": "Feature", "properties": { "lat": 43.4, "lng": -91.2 }, "geometry": { "type": "Polygon", "coordinates": [ [ [ -91.25, 43.45 ], [ -91.15, 43.45 ], [ -91.15, 43.35 ], [ -91.25, 43.35 ], [ -91.25, 43.45 ] ] ] } },
{ "type": "Feature", "properties": { "lat": 43.4, "lng": -91.1 }, "geometry": { "type": "Polygon", "coordinates": [ [ [ -91.15, 43.45 ], [ -91.05, 43.45 ], [ -91.05, 43.35 ], [ -91.15, 43.35 ], [ -91.15, 43.45 ] ] ] } },
{ "type": "Feature", "properties": { "lat": 43.4, "lng": -91.0 }, "geometry": { "type": "Polygon", "coordinates": [ [ [ -91.05, 43.45 ], [ -90.95, 43.45 ], [ -90.95, 43.35 ], [ -91.05, 43.35 ], [ -91.05, 43.45 ] ] ] } },
{ "type": "Feature", "properties": { "lat": 43.4, "lng": -90.9 }, "geometry": { "type": "Polygon", "coordinates": [ [ [ -90.95, 43.45 ], [ -90.85, 43.45 ], [ -90.85, 43.35 ], [ -90.95, 43.35 ], [ -90.95, 43.45 ] ] ] } },
{ "type": "Feature", "properties": { "lat": 43.4, "lng": -90.8 }, "geometry": { "type": "Polygon", "coordinates": [ [ [ -90.85, 43.45 ], [ -90.75, 43.45 ], [ -90.75, 43.35 ], [ -90.85, 43.35 ], [ -90.85, 43.45 ] ] ] } },
{ "type": "Feature", "properties": { "lat": 43.4, "lng": -90.7 }, "geometry": { "type": "Polygon", "coordinates": [ [ [ -90.75, 43.45 ], [ -90.65, 43.45 ], [ -90.65, 43.35 ], [ -90.75, 43.35 ], [ -90.75, 43.45 ] ] ] } },
{ "type": "Feature", "properties": { "lat": 43.4, "lng": -90.6 }, "geometry": { "type": "Polygon", "coordinates": [ [ [ -90.65, 43.45 ], [ -90.55, 43.45 ], [ -90.55, 43.35 ], [ -90.65, 43.35 ], [ -90.65, 43.45 ] ] ] } },
{ "type": "Feature", "properties": { "lat": 43.4, "lng": -90.5 }, "geometry": { "type": "Polygon", "coordinates": [ [ [ -90.55, 43.45 ], [ -90.45, 43.45 ], [ -90.45, 43.35 ], [ -90.55, 43.35 ], [ -90.55, 43.45 ] ] ] } },
{ "type": "Feature", "properties": { "lat": 43.4, "lng": -90.4 }, "geometry": { "type": "Polygon", "coordinates": [ [ [ -90.45, 43.45 ], [ -90.35, 43.45 ], [ -90.35, 43.35 ], [ -90.45, 43.35 ], [ -90.45, 43.45 ] ] ] } },
{ "type": "Feature", "properties": { "lat": 43.4, "lng": -90.3 }, "geometry": { "type": "Polygon", "coordinates": [ [ [ -90.35, 43.45 ], [ -90.25, 43.45 ], [ -90.25, 43.35 ], [ -90.35, 43.35 ], [ -90.35, 43.45 ] ] ] } },
{ "type": "Feature", "properties": { "lat": 43.4, "lng": -90.2 }, "geometry": { "type": "Polygon", "coordinates": [ [ [ -90.25, 43.45 ], [ -90.15, 43.45 ], [ -90.15, 43.35 ], [ -90.25, 43.35 ], [ -90.25, 43.45 ] ] ] } },
{ "type": "Feature", "properties": { "lat": 43.4, "lng": -90.1 }, "geometry": { "type": "Polygon", "coordinates": [ [ [ -90.15, 43.45 ], [ -90.05, 43.45 ], [ -90.05, 43.35 ], [ -90.15, 43.35 ], [ -90.15, 43.45 ] ] ] } },
{ "type": "Feature", "properties": { "lat": 43.4, "lng": -90.0 }, "geometry": { "type": "Polygon", "coordinates": [ [ [ -90.05, 43.45 ], [ -89.95, 43.45 ], [ -89.95, 43.35 ], [ -90.05, 43.35 ], [ -90.05, 43.45 ] ] ] } },
{ "type": "Feature", "properties": { "lat": 43.4, "lng": -89.9 }, "geometry": { "type": "Polygon", "coordinates": [ [ [ -89.95, 43.45 ], [ -89.85, 43.45 ], [ -89.85, 43.35 ], [ -89.95, 43.35 ], [ -89.95, 43.45 ] ] ] } },
{ "type": "Feature", "properties": { "lat": 43.4, "lng": -89.8 }, "geometry": { "type": "Polygon", "coordinates": [ [ [ -89.85, 43.45 ], [ -89.75, 43.45 ], [ -89.75, 43.35 ], [ -89.85, 43.35 ], [ -89.85, 43.45 ] ] ] } },
{ "type": "Feature", "properties": { "lat": 43.4, "lng": -89.7 }, "geometry": { "type": "Polygon", "coordinates": [ [ [ -89.75, 43.45 ], [ -89.65, 43.45 ], [ -89.65, 43.35 ], [ -89.75, 43.35 ], [ -89.75, 43.45 ] ] ] } },
{ "type": "Feature", "properties": { "lat": 43.4, "lng": -89.6 }, "geometry": { "type": "Polygon", "coordinates": [ [ [ -89.65, 43.45 ], [ -89.55, 43.45 ], [ -89.55, 43.35 ], [ -89.65, 43.35 ], [ -89.65, 43.45 ] ] ] } },
{ "type": "Feature", "properties": { "lat": 43.4, "lng": -89.5 }, "geometry": { "type": "Polygon", "coordinates": [ [ [ -89.55, 43.45 ], [ -89.45, 43.45 ], [ -89.45, 43.35 ], [ -89.55, 43.35 ], [ -89.55, 43.45 ] ] ] } },
{ "type": "Feature", "properties": { "lat": 43.4, "lng": -89.4 }, "geometry": { "type": "Polygon", "coordinates": [ [ [ -89.45, 43.45 ], [ -89.35, 43.45 ], [ -89.35, 43.35 ], [ -89.45, 43.35 ], [ -89.45, 43.45 ] ] ] } },
{ "type": "Feature", "properties": { "lat": 43.4, "lng": -89.3 }, "geometry": { "type": "Polygon", "coordinates": [ [ [ -89.35, 43.45 ], [ -89.25, 43.45 ], [ -89.25, 43.35 ], [ -89.35, 43.35 ], [ -89.35, 43.45 ] ] ] } },
{ "type": "Feature", "properties": { "lat": 43.4, "lng": -89.2 }, "geometry": { "type": "Polygon", "coordinates": [ [ [ -89.25, 43.45 ], [ -89.15, 43.45 ], [ -89.15, 43.35 ], [ -89.25, 43.35 ], [ -89.25, 43.45 ] ] ] } },
{ "type": "Feature", "properties": { "lat": 43.4, "lng": -89.1 }, "geometry": { "type": "Polygon", "coordinates": [ [ [ -89.15, 43.45 ], [ -89.05, 43.45 ], [ -89.05, 43.35 ], [ -89.15, 43.35 ], [ -89.15, 43.45 ] ] ] } },
{ "type": "Feature", "properties": { "lat": 43.4, "lng": -89.0 }, "geometry": { "type": "Polygon", "coordinates": [ [ [ -89.05, 43.45 ], [ -88.95, 43.45 ], [ -88.95, 43.35 ], [ -89.05, 43.35 ], [ -89.05, 43.45 ] ] ] } },
{ "type": "Feature", "properties": { "lat": 43.4, "lng": -88.9 }, "geometry": { "type": "Polygon", "coordinates": [ [ [ -88.95, 43.45 ], [ -88.85, 43.45 ], [ -88.85, 43.35 ], [ -88.95, 43.35 ], [ -88.95, 43.45 ] ] ] } },
{ "type": "Feature", "properties": { "lat": 43.4, "lng": -88.8 }, "geometry": { "type": "Polygon", "coordinates": [ [ [ -88.85, 43.45 ], [ -88.75, 43.45 ], [ -88.75, 43.35 ], [ -88.85, 43.35 ], [ -88.85, 43.45 ] ] ] } },
{ "type": "Feature", "properties": { "lat": 43.4, "lng": -88.7 }, "geometry": { "type": "Polygon", "coordinates": [ [ [ -88.75, 43.45 ], [ -88.65, 43.45 ], [ -88.65, 43.35 ], [ -88.75, 43.35 ], [ -88.75, 43.45 ] ] ] } },
{ "type": "Feature", "properties": { "lat": 43.4, "lng": -88.6 }, "geometry": { "type": "Polygon", "coordinates": [ [ [ -88.65, 43.45 ], [ -88.55, 43.45 ], [ -88.55, 43.35 ], [ -88.65, 43.35 ], [ -88.65, 43.45 ] ] ] } },
{ "type": "Feature", "properties": { "lat": 43.4, "lng": -88.5 }, "geometry": { "type": "Polygon", "coordinates": [ [ [ -88.55, 43.45 ], [ -88.45, 43.45 ], [ -88.45, 43.35 ], [ -88.55, 43.35 ], [ -88.55, 43.45 ] ] ] } },
{ "type": "Feature", "properties": { "lat": 43.4, "lng": -88.4 }, "geometry": { "type": "Polygon", "coordinates": [ [ [ -88.45, 43.45 ], [ -88.35, 43.45 ], [ -88.35, 43.35 ], [ -88.45, 43.35 ], [ -88.45, 43.45 ] ] ] } },
{ "type": "Feature", "properties": { "lat": 43.4, "lng": -88.3 }, "geometry": { "type": "Polygon", "coordinates": [ [ [ -88.35, 43.45 ], [ -88.25, 43.45 ], [ -88.25, 43.35 ], [ -88.35, 43.35 ], [ -88.35, 43.45 ] ] ] } },
{ "type": "Feature", "properties": { "lat": 43.4, "lng": -88.2 }, "geometry": { "type": "Polygon", "coordinates": [ [ [ -88.25, 43.45 ], [ -88.15, 43.45 ], [ -88.15, 43.35 ], [ -88.25, 43.35 ], [ -88.25, 43.45 ] ] ] } },
{ "type": "Feature", "properties": { "lat": 43.4, "lng": -88.1 }, "geometry": { "type": "Polygon", "coordinates": [ [ [ -88.15, 43.45 ], [ -88.05, 43.45 ], [ -88.05, 43.35 ], [ -88.15, 43.35 ], [ -88.15, 43.45 ] ] ] } },
{ "type": "Feature", "properties": { "lat": 43.4, "lng": -88.0 }, "geometry": { "type": "Polygon", "coordinates": [ [ [ -88.05, 43.45 ], [ -87.95, 43.45 ], [ -87.95, 43.35 ], [ -88.05, 43.35 ], [ -88.05, 43.45 ] ] ] } },
{ "type": "Feature", "properties": { "lat": 43.4, "lng": -87.9 }, "geometry": { "type": "Polygon", "coordinates": [ [ [ -87.95, 43.45 ], [ -87.85, 43.45 ], [ -87.85, 43.35 ], [ -87.95, 43.35 ], [ -87.95, 43.45 ] ] ] } },
{ "type": "Feature", "properties": { "lat": 43.4, "lng": -87.8 }, "geometry": { "type": "Polygon", "coordinates": [ [ [ -87.85, 43.45 ], [ -87.75, 43.45 ], [ -87.75, 43.35 ], [ -87.85, 43.35 ], [ -87.85, 43.45 ] ] ] } },
{ "type": "Feature", "properties": { "lat": 43.4, "lng": -87.7 }, "geometry": { "type": "Polygon", "coordinates": [ [ [ -87.75, 43.45 ], [ -87.65, 43.45 ], [ -87.65, 43.35 ], [ -87.75, 43.35 ], [ -87.75, 43.45 ] ] ] } },
{ "type": "Feature", "properties": { "lat": 43.4, "lng": -87.6 }, "geometry": { "type": "Polygon", "coordinates": [ [ [ -87.65, 43.45 ], [ -87.55, 43.45 ], [ -87.55, 43.35 ], [ -87.65, 43.35 ], [ -87.65, 43.45 ] ] ] } },
{ "type": "Feature", "properties": { "lat": 43.4, "lng": -87.5 }, "geometry": { "type": "Polygon", "coordinates": [ [ [ -87.55, 43.45 ], [ -87.45, 43.45 ], [ -87.45, 43.35 ], [ -87.55, 43.35 ], [ -87.55, 43.45 ] ] ] } },
{ "type": "Feature", "properties": { "lat": 43.4, "lng": -87.4 }, "geometry": { "type": "Polygon", "coordinates": [ [ [ -87.45, 43.45 ], [ -87.35, 43.45 ], [ -87.35, 43.35 ], [ -87.45, 43.35 ], [ -87.45, 43.45 ] ] ] } },
{ "type": "Feature", "properties": { "lat": 43.4, "lng": -87.3 }, "geometry": { "type": "Polygon", "coordinates": [ [ [ -87.35, 43.45 ], [ -87.25, 43.45 ], [ -87.25, 43.35 ], [ -87.35, 43.35 ], [ -87.35, 43.45 ] ] ] } },
{ "type": "Feature", "properties": { "lat": 43.4, "lng": -87.2 }, "geometry": { "type": "Polygon", "coordinates": [ [ [ -87.25, 43.45 ], [ -87.15, 43.45 ], [ -87.15, 43.35 ], [ -87.25, 43.35 ], [ -87.25, 43.45 ] ] ] } },
{ "type": "Feature", "properties": { "lat": 43.4, "lng": -87.1 }, "geometry": { "type": "Polygon", "coordinates": [ [ [ -87.15, 43.45 ], [ -87.05, 43.45 ], [ -87.05, 43.35 ], [ -87.15, 43.35 ], [ -87.15, 43.45 ] ] ] } },
{ "type": "Feature", "properties": { "lat": 43.4, "lng": -87.0 }, "geometry": { "type": "Polygon", "coordinates": [ [ [ -87.05, 43.45 ], [ -86.95, 43.45 ], [ -86.95, 43.35 ], [ -87.05, 43.35 ], [ -87.05, 43.45 ] ] ] } },
{ "type": "Feature", "properties": { "lat": 43.4, "lng": -86.9 }, "geometry": { "type": "Polygon", "coordinates": [ [ [ -86.95, 43.45 ], [ -86.85, 43.45 ], [ -86.85, 43.35 ], [ -86.95, 43.35 ], [ -86.95, 43.45 ] ] ] } },
{ "type": "Feature", "properties": { "lat": 43.4, "lng": -86.8 }, "geometry": { "type": "Polygon", "coordinates": [ [ [ -86.85, 43.45 ], [ -86.75, 43.45 ], [ -86.75, 43.35 ], [ -86.85, 43.35 ], [ -86.85, 43.45 ] ] ] } },
{ "type": "Feature", "properties": { "lat": 43.5, "lng": -93.0 }, "geometry": { "type": "Polygon", "coordinates": [ [ [ -93.05, 43.55 ], [ -92.95, 43.55 ], [ -92.95, 43.45 ], [ -93.05, 43.45 ], [ -93.05, 43.55 ] ] ] } },
{ "type": "Feature", "properties": { "lat": 43.5, "lng": -92.9 }, "geometry": { "type": "Polygon", "coordinates": [ [ [ -92.95, 43.55 ], [ -92.85, 43.55 ], [ -92.85, 43.45 ], [ -92.95, 43.45 ], [ -92.95, 43.55 ] ] ] } },
{ "type": "Feature", "properties": { "lat": 43.5, "lng": -92.8 }, "geometry": { "type": "Polygon", "coordinates": [ [ [ -92.85, 43.55 ], [ -92.75, 43.55 ], [ -92.75, 43.45 ], [ -92.85, 43.45 ], [ -92.85, 43.55 ] ] ] } },
{ "type": "Feature", "properties": { "lat": 43.5, "lng": -92.7 }, "geometry": { "type": "Polygon", "coordinates": [ [ [ -92.75, 43.55 ], [ -92.65, 43.55 ], [ -92.65, 43.45 ], [ -92.75, 43.45 ], [ -92.75, 43.55 ] ] ] } },
{ "type": "Feature", "properties": { "lat": 43.5, "lng": -92.6 }, "geometry": { "type": "Polygon", "coordinates": [ [ [ -92.65, 43.55 ], [ -92.55, 43.55 ], [ -92.55, 43.45 ], [ -92.65, 43.45 ], [ -92.65, 43.55 ] ] ] } },
{ "type": "Feature", "properties": { "lat": 43.5, "lng": -92.5 }, "geometry": { "type": "Polygon", "coordinates": [ [ [ -92.55, 43.55 ], [ -92.45, 43.55 ], [ -92.45, 43.45 ], [ -92.55, 43.45 ], [ -92.55, 43.55 ] ] ] } },
{ "type": "Feature", "properties": { "lat": 43.5, "lng": -92.4 }, "geometry": { "type": "Polygon", "coordinates": [ [ [ -92.45, 43.55 ], [ -92.35, 43.55 ], [ -92.35, 43.45 ], [ -92.45, 43.45 ], [ -92.45, 43.55 ] ] ] } },
{ "type": "Feature", "properties": { "lat": 43.5, "lng": -92.3 }, "geometry": { "type": "Polygon", "coordinates": [ [ [ -92.35, 43.55 ], [ -92.25, 43.55 ], [ -92.25, 43.45 ], [ -92.35, 43.45 ], [ -92.35, 43.55 ] ] ] } },
{ "type": "Feature", "properties": { "lat": 43.5, "lng": -92.2 }, "geometry": { "type": "Polygon", "coordinates": [ [ [ -92.25, 43.55 ], [ -92.15, 43.55 ], [ -92.15, 43.45 ], [ -92.25, 43.45 ], [ -92.25, 43.55 ] ] ] } },
{ "type": "Feature", "properties": { "lat": 43.5, "lng": -92.1 }, "geometry": { "type": "Polygon", "coordinates": [ [ [ -92.15, 43.55 ], [ -92.05, 43.55 ], [ -92.05, 43.45 ], [ -92.15, 43.45 ], [ -92.15, 43.55 ] ] ] } },
{ "type": "Feature", "properties": { "lat": 43.5, "lng": -92.0 }, "geometry": { "type": "Polygon", "coordinates": [ [ [ -92.05, 43.55 ], [ -91.95, 43.55 ], [ -91.95, 43.45 ], [ -92.05, 43.45 ], [ -92.05, 43.55 ] ] ] } },
{ "type": "Feature", "properties": { "lat": 43.5, "lng": -91.9 }, "geometry": { "type": "Polygon", "coordinates": [ [ [ -91.95, 43.55 ], [ -91.85, 43.55 ], [ -91.85, 43.45 ], [ -91.95, 43.45 ], [ -91.95, 43.55 ] ] ] } },
{ "type": "Feature", "properties": { "lat": 43.5, "lng": -91.8 }, "geometry": { "type": "Polygon", "coordinates": [ [ [ -91.85, 43.55 ], [ -91.75, 43.55 ], [ -91.75, 43.45 ], [ -91.85, 43.45 ], [ -91.85, 43.55 ] ] ] } },
{ "type": "Feature", "properties": { "lat": 43.5, "lng": -91.7 }, "geometry": { "type": "Polygon", "coordinates": [ [ [ -91.75, 43.55 ], [ -91.65, 43.55 ], [ -91.65, 43.45 ], [ -91.75, 43.45 ], [ -91.75, 43.55 ] ] ] } },
{ "type": "Feature", "properties": { "lat": 43.5, "lng": -91.6 }, "geometry": { "type": "Polygon", "coordinates": [ [ [ -91.65, 43.55 ], [ -91.55, 43.55 ], [ -91.55, 43.45 ], [ -91.65, 43.45 ], [ -91.65, 43.55 ] ] ] } },
{ "type": "Feature", "properties": { "lat": 43.5, "lng": -91.5 }, "geometry": { "type": "Polygon", "coordinates": [ [ [ -91.55, 43.55 ], [ -91.45, 43.55 ], [ -91.45, 43.45 ], [ -91.55, 43.45 ], [ -91.55, 43.55 ] ] ] } },
{ "type": "Feature", "properties": { "lat": 43.5, "lng": -91.4 }, "geometry": { "type": "Polygon", "coordinates": [ [ [ -91.45, 43.55 ], [ -91.35, 43.55 ], [ -91.35, 43.45 ], [ -91.45, 43.45 ], [ -91.45, 43.55 ] ] ] } },
{ "type": "Feature", "properties": { "lat": 43.5, "lng": -91.3 }, "geometry": { "type": "Polygon", "coordinates": [ [ [ -91.35, 43.55 ], [ -91.25, 43.55 ], [ -91.25, 43.45 ], [ -91.35, 43.45 ], [ -91.35, 43.55 ] ] ] } },
{ "type": "Feature", "properties": { "lat": 43.5, "lng": -91.2 }, "geometry": { "type": "Polygon", "coordinates": [ [ [ -91.25, 43.55 ], [ -91.15, 43.55 ], [ -91.15, 43.45 ], [ -91.25, 43.45 ], [ -91.25, 43.55 ] ] ] } },
{ "type": "Feature", "properties": { "lat": 43.5, "lng": -91.1 }, "geometry": { "type": "Polygon", "coordinates": [ [ [ -91.15, 43.55 ], [ -91.05, 43.55 ], [ -91.05, 43.45 ], [ -91.15, 43.45 ], [ -91.15, 43.55 ] ] ] } },
{ "type": "Feature", "properties": { "lat": 43.5, "lng": -91.0 }, "geometry": { "type": "Polygon", "coordinates": [ [ [ -91.05, 43.55 ], [ -90.95, 43.55 ], [ -90.95, 43.45 ], [ -91.05, 43.45 ], [ -91.05, 43.55 ] ] ] } },
{ "type": "Feature", "properties": { "lat": 43.5, "lng": -90.9 }, "geometry": { "type": "Polygon", "coordinates": [ [ [ -90.95, 43.55 ], [ -90.85, 43.55 ], [ -90.85, 43.45 ], [ -90.95, 43.45 ], [ -90.95, 43.55 ] ] ] } },
{ "type": "Feature", "properties": { "lat": 43.5, "lng": -90.8 }, "geometry": { "type": "Polygon", "coordinates": [ [ [ -90.85, 43.55 ], [ -90.75, 43.55 ], [ -90.75, 43.45 ], [ -90.85, 43.45 ], [ -90.85, 43.55 ] ] ] } },
{ "type": "Feature", "properties": { "lat": 43.5, "lng": -90.7 }, "geometry": { "type": "Polygon", "coordinates": [ [ [ -90.75, 43.55 ], [ -90.65, 43.55 ], [ -90.65, 43.45 ], [ -90.75, 43.45 ], [ -90.75, 43.55 ] ] ] } },
{ "type": "Feature", "properties": { "lat": 43.5, "lng": -90.6 }, "geometry": { "type": "Polygon", "coordinates": [ [ [ -90.65, 43.55 ], [ -90.55, 43.55 ], [ -90.55, 43.45 ], [ -90.65, 43.45 ], [ -90.65, 43.55 ] ] ] } },
{ "type": "Feature", "properties": { "lat": 43.5, "lng": -90.5 }, "geometry": { "type": "Polygon", "coordinates": [ [ [ -90.55, 43.55 ], [ -90.45, 43.55 ], [ -90.45, 43.45 ], [ -90.55, 43.45 ], [ -90.55, 43.55 ] ] ] } },
{ "type": "Feature", "properties": { "lat": 43.5, "lng": -90.4 }, "geometry": { "type": "Polygon", "coordinates": [ [ [ -90.45, 43.55 ], [ -90.35, 43.55 ], [ -90.35, 43.45 ], [ -90.45, 43.45 ], [ -90.45, 43.55 ] ] ] } },
{ "type": "Feature", "properties": { "lat": 43.5, "lng": -90.3 }, "geometry": { "type": "Polygon", "coordinates": [ [ [ -90.35, 43.55 ], [ -90.25, 43.55 ], [ -90.25, 43.45 ], [ -90.35, 43.45 ], [ -90.35, 43.55 ] ] ] } },
{ "type": "Feature", "properties": { "lat": 43.5, "lng": -90.2 }, "geometry": { "type": "Polygon", "coordinates": [ [ [ -90.25, 43.55 ], [ -90.15, 43.55 ], [ -90.15, 43.45 ], [ -90.25, 43.45 ], [ -90.25, 43.55 ] ] ] } },
{ "type": "Feature", "properties": { "lat": 43.5, "lng": -90.1 }, "geometry": { "type": "Polygon", "coordinates": [ [ [ -90.15, 43.55 ], [ -90.05, 43.55 ], [ -90.05, 43.45 ], [ -90.15, 43.45 ], [ -90.15, 43.55 ] ] ] } },
{ "type": "Feature", "properties": { "lat": 43.5, "lng": -90.0 }, "geometry": { "type": "Polygon", "coordinates": [ [ [ -90.05, 43.55 ], [ -89.95, 43.55 ], [ -89.95, 43.45 ], [ -90.05, 43.45 ], [ -90.05, 43.55 ] ] ] } },
{ "type": "Feature", "properties": { "lat": 43.5, "lng": -89.9 }, "geometry": { "type": "Polygon", "coordinates": [ [ [ -89.95, 43.55 ], [ -89.85, 43.55 ], [ -89.85, 43.45 ], [ -89.95, 43.45 ], [ -89.95, 43.55 ] ] ] } },
{ "type": "Feature", "properties": { "lat": 43.5, "lng": -89.8 }, "geometry": { "type": "Polygon", "coordinates": [ [ [ -89.85, 43.55 ], [ -89.75, 43.55 ], [ -89.75, 43.45 ], [ -89.85, 43.45 ], [ -89.85, 43.55 ] ] ] } },
{ "type": "Feature", "properties": { "lat": 43.5, "lng": -89.7 }, "geometry": { "type": "Polygon", "coordinates": [ [ [ -89.75, 43.55 ], [ -89.65, 43.55 ], [ -89.65, 43.45 ], [ -89.75, 43.45 ], [ -89.75, 43.55 ] ] ] } },
{ "type": "Feature", "properties": { "lat": 43.5, "lng": -89.6 }, "geometry": { "type": "Polygon", "coordinates": [ [ [ -89.65, 43.55 ], [ -89.55, 43.55 ], [ -89.55, 43.45 ], [ -89.65, 43.45 ], [ -89.65, 43.55 ] ] ] } },
{ "type": "Feature", "properties": { "lat": 43.5, "lng": -89.5 }, "geometry": { "type": "Polygon", "coordinates": [ [ [ -89.55, 43.55 ], [ -89.45, 43.55 ], [ -89.45, 43.45 ], [ -89.55, 43.45 ], [ -89.55, 43.55 ] ] ] } },
{ "type": "Feature", "properties": { "lat": 43.5, "lng": -89.4 }, "geometry": { "type": "Polygon", "coordinates": [ [ [ -89.45, 43.55 ], [ -89.35, 43.55 ], [ -89.35, 43.45 ], [ -89.45, 43.45 ], [ -89.45, 43.55 ] ] ] } },
{ "type": "Feature", "properties": { "lat": 43.5, "lng": -89.3 }, "geometry": { "type": "Polygon", "coordinates": [ [ [ -89.35, 43.55 ], [ -89.25, 43.55 ], [ -89.25, 43.45 ], [ -89.35, 43.45 ], [ -89.35, 43.55 ] ] ] } },
{ "type": "Feature", "properties": { "lat": 43.5, "lng": -89.2 }, "geometry": { "type": "Polygon", "coordinates": [ [ [ -89.25, 43.55 ], [ -89.15, 43.55 ], [ -89.15, 43.45 ], [ -89.25, 43.45 ], [ -89.25, 43.55 ] ] ] } },
{ "type": "Feature", "properties": { "lat": 43.5, "lng": -89.1 }, "geometry": { "type": "Polygon", "coordinates": [ [ [ -89.15, 43.55 ], [ -89.05, 43.55 ], [ -89.05, 43.45 ], [ -89.15, 43.45 ], [ -89.15, 43.55 ] ] ] } },
{ "type": "Feature", "properties": { "lat": 43.5, "lng": -89.0 }, "geometry": { "type": "Polygon", "coordinates": [ [ [ -89.05, 43.55 ], [ -88.95, 43.55 ], [ -88.95, 43.45 ], [ -89.05, 43.45 ], [ -89.05, 43.55 ] ] ] } },
{ "type": "Feature", "properties": { "lat": 43.5, "lng": -88.9 }, "geometry": { "type": "Polygon", "coordinates": [ [ [ -88.95, 43.55 ], [ -88.85, 43.55 ], [ -88.85, 43.45 ], [ -88.95, 43.45 ], [ -88.95, 43.55 ] ] ] } },
{ "type": "Feature", "properties": { "lat": 43.5, "lng": -88.8 }, "geometry": { "type": "Polygon", "coordinates": [ [ [ -88.85, 43.55 ], [ -88.75, 43.55 ], [ -88.75, 43.45 ], [ -88.85, 43.45 ], [ -88.85, 43.55 ] ] ] } },
{ "type": "Feature", "properties": { "lat": 43.5, "lng": -88.7 }, "geometry": { "type": "Polygon", "coordinates": [ [ [ -88.75, 43.55 ], [ -88.65, 43.55 ], [ -88.65, 43.45 ], [ -88.75, 43.45 ], [ -88.75, 43.55 ] ] ] } },
{ "type": "Feature", "properties": { "lat": 43.5, "lng": -88.6 }, "geometry": { "type": "Polygon", "coordinates": [ [ [ -88.65, 43.55 ], [ -88.55, 43.55 ], [ -88.55, 43.45 ], [ -88.65, 43.45 ], [ -88.65, 43.55 ] ] ] } },
{ "type": "Feature", "properties": { "lat": 43.5, "lng": -88.5 }, "geometry": { "type": "Polygon", "coordinates": [ [ [ -88.55, 43.55 ], [ -88.45, 43.55 ], [ -88.45, 43.45 ], [ -88.55, 43.45 ], [ -88.55, 43.55 ] ] ] } },
{ "type": "Feature", "properties": { "lat": 43.5, "lng": -88.4 }, "geometry": { "type": "Polygon", "coordinates": [ [ [ -88.45, 43.55 ], [ -88.35, 43.55 ], [ -88.35, 43.45 ], [ -88.45, 43.45 ], [ -88.45, 43.55 ] ] ] } },
{ "type": "Feature", "properties": { "lat": 43.5, "lng": -88.3 }, "geometry": { "type": "Polygon", "coordinates": [ [ [ -88.35, 43.55 ], [ -88.25, 43.55 ], [ -88.25, 43.45 ], [ -88.35, 43.45 ], [ -88.35, 43.55 ] ] ] } },
{ "type": "Feature", "properties": { "lat": 43.5, "lng": -88.2 }, "geometry": { "type": "Polygon", "coordinates": [ [ [ -88.25, 43.55 ], [ -88.15, 43.55 ], [ -88.15, 43.45 ], [ -88.25, 43.45 ], [ -88.25, 43.55 ] ] ] } },
{ "type": "Feature", "properties": { "lat": 43.5, "lng": -88.1 }, "geometry": { "type": "Polygon", "coordinates": [ [ [ -88.15, 43.55 ], [ -88.05, 43.55 ], [ -88.05, 43.45 ], [ -88.15, 43.45 ], [ -88.15, 43.55 ] ] ] } },
{ "type": "Feature", "properties": { "lat": 43.5, "lng": -88.0 }, "geometry": { "type": "Polygon", "coordinates": [ [ [ -88.05, 43.55 ], [ -87.95, 43.55 ], [ -87.95, 43.45 ], [ -88.05, 43.45 ], [ -88.05, 43.55 ] ] ] } },
{ "type": "Feature", "properties": { "lat": 43.5, "lng": -87.9 }, "geometry": { "type": "Polygon", "coordinates": [ [ [ -87.95, 43.55 ], [ -87.85, 43.55 ], [ -87.85, 43.45 ], [ -87.95, 43.45 ], [ -87.95, 43.55 ] ] ] } },
{ "type": "Feature", "properties": { "lat": 43.5, "lng": -87.8 }, "geometry": { "type": "Polygon", "coordinates": [ [ [ -87.85, 43.55 ], [ -87.75, 43.55 ], [ -87.75, 43.45 ], [ -87.85, 43.45 ], [ -87.85, 43.55 ] ] ] } },
{ "type": "Feature", "properties": { "lat": 43.5, "lng": -87.7 }, "geometry": { "type": "Polygon", "coordinates": [ [ [ -87.75, 43.55 ], [ -87.65, 43.55 ], [ -87.65, 43.45 ], [ -87.75, 43.45 ], [ -87.75, 43.55 ] ] ] } },
{ "type": "Feature", "properties": { "lat": 43.5, "lng": -87.6 }, "geometry": { "type": "Polygon", "coordinates": [ [ [ -87.65, 43.55 ], [ -87.55, 43.55 ], [ -87.55, 43.45 ], [ -87.65, 43.45 ], [ -87.65, 43.55 ] ] ] } },
{ "type": "Feature", "properties": { "lat": 43.5, "lng": -87.5 }, "geometry": { "type": "Polygon", "coordinates": [ [ [ -87.55, 43.55 ], [ -87.45, 43.55 ], [ -87.45, 43.45 ], [ -87.55, 43.45 ], [ -87.55, 43.55 ] ] ] } },
{ "type": "Feature", "properties": { "lat": 43.5, "lng": -87.4 }, "geometry": { "type": "Polygon", "coordinates": [ [ [ -87.45, 43.55 ], [ -87.35, 43.55 ], [ -87.35, 43.45 ], [ -87.45, 43.45 ], [ -87.45, 43.55 ] ] ] } },
{ "type": "Feature", "properties": { "lat": 43.5, "lng": -87.3 }, "geometry": { "type": "Polygon", "coordinates": [ [ [ -87.35, 43.55 ], [ -87.25, 43.55 ], [ -87.25, 43.45 ], [ -87.35, 43.45 ], [ -87.35, 43.55 ] ] ] } },
{ "type": "Feature", "properties": { "lat": 43.5, "lng": -87.2 }, "geometry": { "type": "Polygon", "coordinates": [ [ [ -87.25, 43.55 ], [ -87.15, 43.55 ], [ -87.15, 43.45 ], [ -87.25, 43.45 ], [ -87.25, 43.55 ] ] ] } },
{ "type": "Feature", "properties": { "lat": 43.5, "lng": -87.1 }, "geometry": { "type": "Polygon", "coordinates": [ [ [ -87.15, 43.55 ], [ -87.05, 43.55 ], [ -87.05, 43.45 ], [ -87.15, 43.45 ], [ -87.15, 43.55 ] ] ] } },
{ "type": "Feature", "properties": { "lat": 43.5, "lng": -87.0 }, "geometry": { "type": "Polygon", "coordinates": [ [ [ -87.05, 43.55 ], [ -86.95, 43.55 ], [ -86.95, 43.45 ], [ -87.05, 43.45 ], [ -87.05, 43.55 ] ] ] } },
{ "type": "Feature", "properties": { "lat": 43.5, "lng": -86.9 }, "geometry": { "type": "Polygon", "coordinates": [ [ [ -86.95, 43.55 ], [ -86.85, 43.55 ], [ -86.85, 43.45 ], [ -86.95, 43.45 ], [ -86.95, 43.55 ] ] ] } },
{ "type": "Feature", "properties": { "lat": 43.5, "lng": -86.8 }, "geometry": { "type": "Polygon", "coordinates": [ [ [ -86.85, 43.55 ], [ -86.75, 43.55 ], [ -86.75, 43.45 ], [ -86.85, 43.45 ], [ -86.85, 43.55 ] ] ] } },
{ "type": "Feature", "properties": { "lat": 43.6, "lng": -93.0 }, "geometry": { "type": "Polygon", "coordinates": [ [ [ -93.05, 43.65 ], [ -92.95, 43.65 ], [ -92.95, 43.55 ], [ -93.05, 43.55 ], [ -93.05, 43.65 ] ] ] } },
{ "type": "Feature", "properties": { "lat": 43.6, "lng": -92.9 }, "geometry": { "type": "Polygon", "coordinates": [ [ [ -92.95, 43.65 ], [ -92.85, 43.65 ], [ -92.85, 43.55 ], [ -92.95, 43.55 ], [ -92.95, 43.65 ] ] ] } },
{ "type": "Feature", "properties": { "lat": 43.6, "lng": -92.8 }, "geometry": { "type": "Polygon", "coordinates": [ [ [ -92.85, 43.65 ], [ -92.75, 43.65 ], [ -92.75, 43.55 ], [ -92.85, 43.55 ], [ -92.85, 43.65 ] ] ] } },
{ "type": "Feature", "properties": { "lat": 43.6, "lng": -92.7 }, "geometry": { "type": "Polygon", "coordinates": [ [ [ -92.75, 43.65 ], [ -92.65, 43.65 ], [ -92.65, 43.55 ], [ -92.75, 43.55 ], [ -92.75, 43.65 ] ] ] } },
{ "type": "Feature", "properties": { "lat": 43.6, "lng": -92.6 }, "geometry": { "type": "Polygon", "coordinates": [ [ [ -92.65, 43.65 ], [ -92.55, 43.65 ], [ -92.55, 43.55 ], [ -92.65, 43.55 ], [ -92.65, 43.65 ] ] ] } },
{ "type": "Feature", "properties": { "lat": 43.6, "lng": -92.5 }, "geometry": { "type": "Polygon", "coordinates": [ [ [ -92.55, 43.65 ], [ -92.45, 43.65 ], [ -92.45, 43.55 ], [ -92.55, 43.55 ], [ -92.55, 43.65 ] ] ] } },
{ "type": "Feature", "properties": { "lat": 43.6, "lng": -92.4 }, "geometry": { "type": "Polygon", "coordinates": [ [ [ -92.45, 43.65 ], [ -92.35, 43.65 ], [ -92.35, 43.55 ], [ -92.45, 43.55 ], [ -92.45, 43.65 ] ] ] } },
{ "type": "Feature", "properties": { "lat": 43.6, "lng": -92.3 }, "geometry": { "type": "Polygon", "coordinates": [ [ [ -92.35, 43.65 ], [ -92.25, 43.65 ], [ -92.25, 43.55 ], [ -92.35, 43.55 ], [ -92.35, 43.65 ] ] ] } },
{ "type": "Feature", "properties": { "lat": 43.6, "lng": -92.2 }, "geometry": { "type": "Polygon", "coordinates": [ [ [ -92.25, 43.65 ], [ -92.15, 43.65 ], [ -92.15, 43.55 ], [ -92.25, 43.55 ], [ -92.25, 43.65 ] ] ] } },
{ "type": "Feature", "properties": { "lat": 43.6, "lng": -92.1 }, "geometry": { "type": "Polygon", "coordinates": [ [ [ -92.15, 43.65 ], [ -92.05, 43.65 ], [ -92.05, 43.55 ], [ -92.15, 43.55 ], [ -92.15, 43.65 ] ] ] } },
{ "type": "Feature", "properties": { "lat": 43.6, "lng": -92.0 }, "geometry": { "type": "Polygon", "coordinates": [ [ [ -92.05, 43.65 ], [ -91.95, 43.65 ], [ -91.95, 43.55 ], [ -92.05, 43.55 ], [ -92.05, 43.65 ] ] ] } },
{ "type": "Feature", "properties": { "lat": 43.6, "lng": -91.9 }, "geometry": { "type": "Polygon", "coordinates": [ [ [ -91.95, 43.65 ], [ -91.85, 43.65 ], [ -91.85, 43.55 ], [ -91.95, 43.55 ], [ -91.95, 43.65 ] ] ] } },
{ "type": "Feature", "properties": { "lat": 43.6, "lng": -91.8 }, "geometry": { "type": "Polygon", "coordinates": [ [ [ -91.85, 43.65 ], [ -91.75, 43.65 ], [ -91.75, 43.55 ], [ -91.85, 43.55 ], [ -91.85, 43.65 ] ] ] } },
{ "type": "Feature", "properties": { "lat": 43.6, "lng": -91.7 }, "geometry": { "type": "Polygon", "coordinates": [ [ [ -91.75, 43.65 ], [ -91.65, 43.65 ], [ -91.65, 43.55 ], [ -91.75, 43.55 ], [ -91.75, 43.65 ] ] ] } },
{ "type": "Feature", "properties": { "lat": 43.6, "lng": -91.6 }, "geometry": { "type": "Polygon", "coordinates": [ [ [ -91.65, 43.65 ], [ -91.55, 43.65 ], [ -91.55, 43.55 ], [ -91.65, 43.55 ], [ -91.65, 43.65 ] ] ] } },
{ "type": "Feature", "properties": { "lat": 43.6, "lng": -91.5 }, "geometry": { "type": "Polygon", "coordinates": [ [ [ -91.55, 43.65 ], [ -91.45, 43.65 ], [ -91.45, 43.55 ], [ -91.55, 43.55 ], [ -91.55, 43.65 ] ] ] } },
{ "type": "Feature", "properties": { "lat": 43.6, "lng": -91.4 }, "geometry": { "type": "Polygon", "coordinates": [ [ [ -91.45, 43.65 ], [ -91.35, 43.65 ], [ -91.35, 43.55 ], [ -91.45, 43.55 ], [ -91.45, 43.65 ] ] ] } },
{ "type": "Feature", "properties": { "lat": 43.6, "lng": -91.3 }, "geometry": { "type": "Polygon", "coordinates": [ [ [ -91.35, 43.65 ], [ -91.25, 43.65 ], [ -91.25, 43.55 ], [ -91.35, 43.55 ], [ -91.35, 43.65 ] ] ] } },
{ "type": "Feature", "properties": { "lat": 43.6, "lng": -91.2 }, "geometry": { "type": "Polygon", "coordinates": [ [ [ -91.25, 43.65 ], [ -91.15, 43.65 ], [ -91.15, 43.55 ], [ -91.25, 43.55 ], [ -91.25, 43.65 ] ] ] } },
{ "type": "Feature", "properties": { "lat": 43.6, "lng": -91.1 }, "geometry": { "type": "Polygon", "coordinates": [ [ [ -91.15, 43.65 ], [ -91.05, 43.65 ], [ -91.05, 43.55 ], [ -91.15, 43.55 ], [ -91.15, 43.65 ] ] ] } },
{ "type": "Feature", "properties": { "lat": 43.6, "lng": -91.0 }, "geometry": { "type": "Polygon", "coordinates": [ [ [ -91.05, 43.65 ], [ -90.95, 43.65 ], [ -90.95, 43.55 ], [ -91.05, 43.55 ], [ -91.05, 43.65 ] ] ] } },
{ "type": "Feature", "properties": { "lat": 43.6, "lng": -90.9 }, "geometry": { "type": "Polygon", "coordinates": [ [ [ -90.95, 43.65 ], [ -90.85, 43.65 ], [ -90.85, 43.55 ], [ -90.95, 43.55 ], [ -90.95, 43.65 ] ] ] } },
{ "type": "Feature", "properties": { "lat": 43.6, "lng": -90.8 }, "geometry": { "type": "Polygon", "coordinates": [ [ [ -90.85, 43.65 ], [ -90.75, 43.65 ], [ -90.75, 43.55 ], [ -90.85, 43.55 ], [ -90.85, 43.65 ] ] ] } },
{ "type": "Feature", "properties": { "lat": 43.6, "lng": -90.7 }, "geometry": { "type": "Polygon", "coordinates": [ [ [ -90.75, 43.65 ], [ -90.65, 43.65 ], [ -90.65, 43.55 ], [ -90.75, 43.55 ], [ -90.75, 43.65 ] ] ] } },
{ "type": "Feature", "properties": { "lat": 43.6, "lng": -90.6 }, "geometry": { "type": "Polygon", "coordinates": [ [ [ -90.65, 43.65 ], [ -90.55, 43.65 ], [ -90.55, 43.55 ], [ -90.65, 43.55 ], [ -90.65, 43.65 ] ] ] } },
{ "type": "Feature", "properties": { "lat": 43.6, "lng": -90.5 }, "geometry": { "type": "Polygon", "coordinates": [ [ [ -90.55, 43.65 ], [ -90.45, 43.65 ], [ -90.45, 43.55 ], [ -90.55, 43.55 ], [ -90.55, 43.65 ] ] ] } },
{ "type": "Feature", "properties": { "lat": 43.6, "lng": -90.4 }, "geometry": { "type": "Polygon", "coordinates": [ [ [ -90.45, 43.65 ], [ -90.35, 43.65 ], [ -90.35, 43.55 ], [ -90.45, 43.55 ], [ -90.45, 43.65 ] ] ] } },
{ "type": "Feature", "properties": { "lat": 43.6, "lng": -90.3 }, "geometry": { "type": "Polygon", "coordinates": [ [ [ -90.35, 43.65 ], [ -90.25, 43.65 ], [ -90.25, 43.55 ], [ -90.35, 43.55 ], [ -90.35, 43.65 ] ] ] } },
{ "type": "Feature", "properties": { "lat": 43.6, "lng": -90.2 }, "geometry": { "type": "Polygon", "coordinates": [ [ [ -90.25, 43.65 ], [ -90.15, 43.65 ], [ -90.15, 43.55 ], [ -90.25, 43.55 ], [ -90.25, 43.65 ] ] ] } },
{ "type": "Feature", "properties": { "lat": 43.6, "lng": -90.1 }, "geometry": { "type": "Polygon", "coordinates": [ [ [ -90.15, 43.65 ], [ -90.05, 43.65 ], [ -90.05, 43.55 ], [ -90.15, 43.55 ], [ -90.15, 43.65 ] ] ] } },
{ "type": "Feature", "properties": { "lat": 43.6, "lng": -90.0 }, "geometry": { "type": "Polygon", "coordinates": [ [ [ -90.05, 43.65 ], [ -89.95, 43.65 ], [ -89.95, 43.55 ], [ -90.05, 43.55 ], [ -90.05, 43.65 ] ] ] } },
{ "type": "Feature", "properties": { "lat": 43.6, "lng": -89.9 }, "geometry": { "type": "Polygon", "coordinates": [ [ [ -89.95, 43.65 ], [ -89.85, 43.65 ], [ -89.85, 43.55 ], [ -89.95, 43.55 ], [ -89.95, 43.65 ] ] ] } },
{ "type": "Feature", "properties": { "lat": 43.6, "lng": -89.8 }, "geometry": { "type": "Polygon", "coordinates": [ [ [ -89.85, 43.65 ], [ -89.75, 43.65 ], [ -89.75, 43.55 ], [ -89.85, 43.55 ], [ -89.85, 43.65 ] ] ] } },
{ "type": "Feature", "properties": { "lat": 43.6, "lng": -89.7 }, "geometry": { "type": "Polygon", "coordinates": [ [ [ -89.75, 43.65 ], [ -89.65, 43.65 ], [ -89.65, 43.55 ], [ -89.75, 43.55 ], [ -89.75, 43.65 ] ] ] } },
{ "type": "Feature", "properties": { "lat": 43.6, "lng": -89.6 }, "geometry": { "type": "Polygon", "coordinates": [ [ [ -89.65, 43.65 ], [ -89.55, 43.65 ], [ -89.55, 43.55 ], [ -89.65, 43.55 ], [ -89.65, 43.65 ] ] ] } },
{ "type": "Feature", "properties": { "lat": 43.6, "lng": -89.5 }, "geometry": { "type": "Polygon", "coordinates": [ [ [ -89.55, 43.65 ], [ -89.45, 43.65 ], [ -89.45, 43.55 ], [ -89.55, 43.55 ], [ -89.55, 43.65 ] ] ] } },
{ "type": "Feature", "properties": { "lat": 43.6, "lng": -89.4 }, "geometry": { "type": "Polygon", "coordinates": [ [ [ -89.45, 43.65 ], [ -89.35, 43.65 ], [ -89.35, 43.55 ], [ -89.45, 43.55 ], [ -89.45, 43.65 ] ] ] } },
{ "type": "Feature", "properties": { "lat": 43.6, "lng": -89.3 }, "geometry": { "type": "Polygon", "coordinates": [ [ [ -89.35, 43.65 ], [ -89.25, 43.65 ], [ -89.25, 43.55 ], [ -89.35, 43.55 ], [ -89.35, 43.65 ] ] ] } },
{ "type": "Feature", "properties": { "lat": 43.6, "lng": -89.2 }, "geometry": { "type": "Polygon", "coordinates": [ [ [ -89.25, 43.65 ], [ -89.15, 43.65 ], [ -89.15, 43.55 ], [ -89.25, 43.55 ], [ -89.25, 43.65 ] ] ] } },
{ "type": "Feature", "properties": { "lat": 43.6, "lng": -89.1 }, "geometry": { "type": "Polygon", "coordinates": [ [ [ -89.15, 43.65 ], [ -89.05, 43.65 ], [ -89.05, 43.55 ], [ -89.15, 43.55 ], [ -89.15, 43.65 ] ] ] } },
{ "type": "Feature", "properties": { "lat": 43.6, "lng": -89.0 }, "geometry": { "type": "Polygon", "coordinates": [ [ [ -89.05, 43.65 ], [ -88.95, 43.65 ], [ -88.95, 43.55 ], [ -89.05, 43.55 ], [ -89.05, 43.65 ] ] ] } },
{ "type": "Feature", "properties": { "lat": 43.6, "lng": -88.9 }, "geometry": { "type": "Polygon", "coordinates": [ [ [ -88.95, 43.65 ], [ -88.85, 43.65 ], [ -88.85, 43.55 ], [ -88.95, 43.55 ], [ -88.95, 43.65 ] ] ] } },
{ "type": "Feature", "properties": { "lat": 43.6, "lng": -88.8 }, "geometry": { "type": "Polygon", "coordinates": [ [ [ -88.85, 43.65 ], [ -88.75, 43.65 ], [ -88.75, 43.55 ], [ -88.85, 43.55 ], [ -88.85, 43.65 ] ] ] } },
{ "type": "Feature", "properties": { "lat": 43.6, "lng": -88.7 }, "geometry": { "type": "Polygon", "coordinates": [ [ [ -88.75, 43.65 ], [ -88.65, 43.65 ], [ -88.65, 43.55 ], [ -88.75, 43.55 ], [ -88.75, 43.65 ] ] ] } },
{ "type": "Feature", "properties": { "lat": 43.6, "lng": -88.6 }, "geometry": { "type": "Polygon", "coordinates": [ [ [ -88.65, 43.65 ], [ -88.55, 43.65 ], [ -88.55, 43.55 ], [ -88.65, 43.55 ], [ -88.65, 43.65 ] ] ] } },
{ "type": "Feature", "properties": { "lat": 43.6, "lng": -88.5 }, "geometry": { "type": "Polygon", "coordinates": [ [ [ -88.55, 43.65 ], [ -88.45, 43.65 ], [ -88.45, 43.55 ], [ -88.55, 43.55 ], [ -88.55, 43.65 ] ] ] } },
{ "type": "Feature", "properties": { "lat": 43.6, "lng": -88.4 }, "geometry": { "type": "Polygon", "coordinates": [ [ [ -88.45, 43.65 ], [ -88.35, 43.65 ], [ -88.35, 43.55 ], [ -88.45, 43.55 ], [ -88.45, 43.65 ] ] ] } },
{ "type": "Feature", "properties": { "lat": 43.6, "lng": -88.3 }, "geometry": { "type": "Polygon", "coordinates": [ [ [ -88.35, 43.65 ], [ -88.25, 43.65 ], [ -88.25, 43.55 ], [ -88.35, 43.55 ], [ -88.35, 43.65 ] ] ] } },
{ "type": "Feature", "properties": { "lat": 43.6, "lng": -88.2 }, "geometry": { "type": "Polygon", "coordinates": [ [ [ -88.25, 43.65 ], [ -88.15, 43.65 ], [ -88.15, 43.55 ], [ -88.25, 43.55 ], [ -88.25, 43.65 ] ] ] } },
{ "type": "Feature", "properties": { "lat": 43.6, "lng": -88.1 }, "geometry": { "type": "Polygon", "coordinates": [ [ [ -88.15, 43.65 ], [ -88.05, 43.65 ], [ -88.05, 43.55 ], [ -88.15, 43.55 ], [ -88.15, 43.65 ] ] ] } },
{ "type": "Feature", "properties": { "lat": 43.6, "lng": -88.0 }, "geometry": { "type": "Polygon", "coordinates": [ [ [ -88.05, 43.65 ], [ -87.95, 43.65 ], [ -87.95, 43.55 ], [ -88.05, 43.55 ], [ -88.05, 43.65 ] ] ] } },
{ "type": "Feature", "properties": { "lat": 43.6, "lng": -87.9 }, "geometry": { "type": "Polygon", "coordinates": [ [ [ -87.95, 43.65 ], [ -87.85, 43.65 ], [ -87.85, 43.55 ], [ -87.95, 43.55 ], [ -87.95, 43.65 ] ] ] } },
{ "type": "Feature", "properties": { "lat": 43.6, "lng": -87.8 }, "geometry": { "type": "Polygon", "coordinates": [ [ [ -87.85, 43.65 ], [ -87.75, 43.65 ], [ -87.75, 43.55 ], [ -87.85, 43.55 ], [ -87.85, 43.65 ] ] ] } },
{ "type": "Feature", "properties": { "lat": 43.6, "lng": -87.7 }, "geometry": { "type": "Polygon", "coordinates": [ [ [ -87.75, 43.65 ], [ -87.65, 43.65 ], [ -87.65, 43.55 ], [ -87.75, 43.55 ], [ -87.75, 43.65 ] ] ] } },
{ "type": "Feature", "properties": { "lat": 43.6, "lng": -87.6 }, "geometry": { "type": "Polygon", "coordinates": [ [ [ -87.65, 43.65 ], [ -87.55, 43.65 ], [ -87.55, 43.55 ], [ -87.65, 43.55 ], [ -87.65, 43.65 ] ] ] } },
{ "type": "Feature", "properties": { "lat": 43.6, "lng": -87.5 }, "geometry": { "type": "Polygon", "coordinates": [ [ [ -87.55, 43.65 ], [ -87.45, 43.65 ], [ -87.45, 43.55 ], [ -87.55, 43.55 ], [ -87.55, 43.65 ] ] ] } },
{ "type": "Feature", "properties": { "lat": 43.6, "lng": -87.4 }, "geometry": { "type": "Polygon", "coordinates": [ [ [ -87.45, 43.65 ], [ -87.35, 43.65 ], [ -87.35, 43.55 ], [ -87.45, 43.55 ], [ -87.45, 43.65 ] ] ] } },
{ "type": "Feature", "properties": { "lat": 43.6, "lng": -87.3 }, "geometry": { "type": "Polygon", "coordinates": [ [ [ -87.35, 43.65 ], [ -87.25, 43.65 ], [ -87.25, 43.55 ], [ -87.35, 43.55 ], [ -87.35, 43.65 ] ] ] } },
{ "type": "Feature", "properties": { "lat": 43.6, "lng": -87.2 }, "geometry": { "type": "Polygon", "coordinates": [ [ [ -87.25, 43.65 ], [ -87.15, 43.65 ], [ -87.15, 43.55 ], [ -87.25, 43.55 ], [ -87.25, 43.65 ] ] ] } },
{ "type": "Feature", "properties": { "lat": 43.6, "lng": -87.1 }, "geometry": { "type": "Polygon", "coordinates": [ [ [ -87.15, 43.65 ], [ -87.05, 43.65 ], [ -87.05, 43.55 ], [ -87.15, 43.55 ], [ -87.15, 43.65 ] ] ] } },
{ "type": "Feature", "properties": { "lat": 43.6, "lng": -87.0 }, "geometry": { "type": "Polygon", "coordinates": [ [ [ -87.05, 43.65 ], [ -86.95, 43.65 ], [ -86.95, 43.55 ], [ -87.05, 43.55 ], [ -87.05, 43.65 ] ] ] } },
{ "type": "Feature", "properties": { "lat": 43.6, "lng": -86.9 }, "geometry": { "type": "Polygon", "coordinates": [ [ [ -86.95, 43.65 ], [ -86.85, 43.65 ], [ -86.85, 43.55 ], [ -86.95, 43.55 ], [ -86.95, 43.65 ] ] ] } },
{ "type": "Feature", "properties": { "lat": 43.6, "lng": -86.8 }, "geometry": { "type": "Polygon", "coordinates": [ [ [ -86.85, 43.65 ], [ -86.75, 43.65 ], [ -86.75, 43.55 ], [ -86.85, 43.55 ], [ -86.85, 43.65 ] ] ] } },
{ "type": "Feature", "properties": { "lat": 43.7, "lng": -93.0 }, "geometry": { "type": "Polygon", "coordinates": [ [ [ -93.05, 43.75 ], [ -92.95, 43.75 ], [ -92.95, 43.65 ], [ -93.05, 43.65 ], [ -93.05, 43.75 ] ] ] } },
{ "type": "Feature", "properties": { "lat": 43.7, "lng": -92.9 }, "geometry": { "type": "Polygon", "coordinates": [ [ [ -92.95, 43.75 ], [ -92.85, 43.75 ], [ -92.85, 43.65 ], [ -92.95, 43.65 ], [ -92.95, 43.75 ] ] ] } },
{ "type": "Feature", "properties": { "lat": 43.7, "lng": -92.8 }, "geometry": { "type": "Polygon", "coordinates": [ [ [ -92.85, 43.75 ], [ -92.75, 43.75 ], [ -92.75, 43.65 ], [ -92.85, 43.65 ], [ -92.85, 43.75 ] ] ] } },
{ "type": "Feature", "properties": { "lat": 43.7, "lng": -92.7 }, "geometry": { "type": "Polygon", "coordinates": [ [ [ -92.75, 43.75 ], [ -92.65, 43.75 ], [ -92.65, 43.65 ], [ -92.75, 43.65 ], [ -92.75, 43.75 ] ] ] } },
{ "type": "Feature", "properties": { "lat": 43.7, "lng": -92.6 }, "geometry": { "type": "Polygon", "coordinates": [ [ [ -92.65, 43.75 ], [ -92.55, 43.75 ], [ -92.55, 43.65 ], [ -92.65, 43.65 ], [ -92.65, 43.75 ] ] ] } },
{ "type": "Feature", "properties": { "lat": 43.7, "lng": -92.5 }, "geometry": { "type": "Polygon", "coordinates": [ [ [ -92.55, 43.75 ], [ -92.45, 43.75 ], [ -92.45, 43.65 ], [ -92.55, 43.65 ], [ -92.55, 43.75 ] ] ] } },
{ "type": "Feature", "properties": { "lat": 43.7, "lng": -92.4 }, "geometry": { "type": "Polygon", "coordinates": [ [ [ -92.45, 43.75 ], [ -92.35, 43.75 ], [ -92.35, 43.65 ], [ -92.45, 43.65 ], [ -92.45, 43.75 ] ] ] } },
{ "type": "Feature", "properties": { "lat": 43.7, "lng": -92.3 }, "geometry": { "type": "Polygon", "coordinates": [ [ [ -92.35, 43.75 ], [ -92.25, 43.75 ], [ -92.25, 43.65 ], [ -92.35, 43.65 ], [ -92.35, 43.75 ] ] ] } },
{ "type": "Feature", "properties": { "lat": 43.7, "lng": -92.2 }, "geometry": { "type": "Polygon", "coordinates": [ [ [ -92.25, 43.75 ], [ -92.15, 43.75 ], [ -92.15, 43.65 ], [ -92.25, 43.65 ], [ -92.25, 43.75 ] ] ] } },
{ "type": "Feature", "properties": { "lat": 43.7, "lng": -92.1 }, "geometry": { "type": "Polygon", "coordinates": [ [ [ -92.15, 43.75 ], [ -92.05, 43.75 ], [ -92.05, 43.65 ], [ -92.15, 43.65 ], [ -92.15, 43.75 ] ] ] } },
{ "type": "Feature", "properties": { "lat": 43.7, "lng": -92.0 }, "geometry": { "type": "Polygon", "coordinates": [ [ [ -92.05, 43.75 ], [ -91.95, 43.75 ], [ -91.95, 43.65 ], [ -92.05, 43.65 ], [ -92.05, 43.75 ] ] ] } },
{ "type": "Feature", "properties": { "lat": 43.7, "lng": -91.9 }, "geometry": { "type": "Polygon", "coordinates": [ [ [ -91.95, 43.75 ], [ -91.85, 43.75 ], [ -91.85, 43.65 ], [ -91.95, 43.65 ], [ -91.95, 43.75 ] ] ] } },
{ "type": "Feature", "properties": { "lat": 43.7, "lng": -91.8 }, "geometry": { "type": "Polygon", "coordinates": [ [ [ -91.85, 43.75 ], [ -91.75, 43.75 ], [ -91.75, 43.65 ], [ -91.85, 43.65 ], [ -91.85, 43.75 ] ] ] } },
{ "type": "Feature", "properties": { "lat": 43.7, "lng": -91.7 }, "geometry": { "type": "Polygon", "coordinates": [ [ [ -91.75, 43.75 ], [ -91.65, 43.75 ], [ -91.65, 43.65 ], [ -91.75, 43.65 ], [ -91.75, 43.75 ] ] ] } },
{ "type": "Feature", "properties": { "lat": 43.7, "lng": -91.6 }, "geometry": { "type": "Polygon", "coordinates": [ [ [ -91.65, 43.75 ], [ -91.55, 43.75 ], [ -91.55, 43.65 ], [ -91.65, 43.65 ], [ -91.65, 43.75 ] ] ] } },
{ "type": "Feature", "properties": { "lat": 43.7, "lng": -91.5 }, "geometry": { "type": "Polygon", "coordinates": [ [ [ -91.55, 43.75 ], [ -91.45, 43.75 ], [ -91.45, 43.65 ], [ -91.55, 43.65 ], [ -91.55, 43.75 ] ] ] } },
{ "type": "Feature", "properties": { "lat": 43.7, "lng": -91.4 }, "geometry": { "type": "Polygon", "coordinates": [ [ [ -91.45, 43.75 ], [ -91.35, 43.75 ], [ -91.35, 43.65 ], [ -91.45, 43.65 ], [ -91.45, 43.75 ] ] ] } },
{ "type": "Feature", "properties": { "lat": 43.7, "lng": -91.3 }, "geometry": { "type": "Polygon", "coordinates": [ [ [ -91.35, 43.75 ], [ -91.25, 43.75 ], [ -91.25, 43.65 ], [ -91.35, 43.65 ], [ -91.35, 43.75 ] ] ] } },
{ "type": "Feature", "properties": { "lat": 43.7, "lng": -91.2 }, "geometry": { "type": "Polygon", "coordinates": [ [ [ -91.25, 43.75 ], [ -91.15, 43.75 ], [ -91.15, 43.65 ], [ -91.25, 43.65 ], [ -91.25, 43.75 ] ] ] } },
{ "type": "Feature", "properties": { "lat": 43.7, "lng": -91.1 }, "geometry": { "type": "Polygon", "coordinates": [ [ [ -91.15, 43.75 ], [ -91.05, 43.75 ], [ -91.05, 43.65 ], [ -91.15, 43.65 ], [ -91.15, 43.75 ] ] ] } },
{ "type": "Feature", "properties": { "lat": 43.7, "lng": -91.0 }, "geometry": { "type": "Polygon", "coordinates": [ [ [ -91.05, 43.75 ], [ -90.95, 43.75 ], [ -90.95, 43.65 ], [ -91.05, 43.65 ], [ -91.05, 43.75 ] ] ] } },
{ "type": "Feature", "properties": { "lat": 43.7, "lng": -90.9 }, "geometry": { "type": "Polygon", "coordinates": [ [ [ -90.95, 43.75 ], [ -90.85, 43.75 ], [ -90.85, 43.65 ], [ -90.95, 43.65 ], [ -90.95, 43.75 ] ] ] } },
{ "type": "Feature", "properties": { "lat": 43.7, "lng": -90.8 }, "geometry": { "type": "Polygon", "coordinates": [ [ [ -90.85, 43.75 ], [ -90.75, 43.75 ], [ -90.75, 43.65 ], [ -90.85, 43.65 ], [ -90.85, 43.75 ] ] ] } },
{ "type": "Feature", "properties": { "lat": 43.7, "lng": -90.7 }, "geometry": { "type": "Polygon", "coordinates": [ [ [ -90.75, 43.75 ], [ -90.65, 43.75 ], [ -90.65, 43.65 ], [ -90.75, 43.65 ], [ -90.75, 43.75 ] ] ] } },
{ "type": "Feature", "properties": { "lat": 43.7, "lng": -90.6 }, "geometry": { "type": "Polygon", "coordinates": [ [ [ -90.65, 43.75 ], [ -90.55, 43.75 ], [ -90.55, 43.65 ], [ -90.65, 43.65 ], [ -90.65, 43.75 ] ] ] } },
{ "type": "Feature", "properties": { "lat": 43.7, "lng": -90.5 }, "geometry": { "type": "Polygon", "coordinates": [ [ [ -90.55, 43.75 ], [ -90.45, 43.75 ], [ -90.45, 43.65 ], [ -90.55, 43.65 ], [ -90.55, 43.75 ] ] ] } },
{ "type": "Feature", "properties": { "lat": 43.7, "lng": -90.4 }, "geometry": { "type": "Polygon", "coordinates": [ [ [ -90.45, 43.75 ], [ -90.35, 43.75 ], [ -90.35, 43.65 ], [ -90.45, 43.65 ], [ -90.45, 43.75 ] ] ] } },
{ "type": "Feature", "properties": { "lat": 43.7, "lng": -90.3 }, "geometry": { "type": "Polygon", "coordinates": [ [ [ -90.35, 43.75 ], [ -90.25, 43.75 ], [ -90.25, 43.65 ], [ -90.35, 43.65 ], [ -90.35, 43.75 ] ] ] } },
{ "type": "Feature", "properties": { "lat": 43.7, "lng": -90.2 }, "geometry": { "type": "Polygon", "coordinates": [ [ [ -90.25, 43.75 ], [ -90.15, 43.75 ], [ -90.15, 43.65 ], [ -90.25, 43.65 ], [ -90.25, 43.75 ] ] ] } },
{ "type": "Feature", "properties": { "lat": 43.7, "lng": -90.1 }, "geometry": { "type": "Polygon", "coordinates": [ [ [ -90.15, 43.75 ], [ -90.05, 43.75 ], [ -90.05, 43.65 ], [ -90.15, 43.65 ], [ -90.15, 43.75 ] ] ] } },
{ "type": "Feature", "properties": { "lat": 43.7, "lng": -90.0 }, "geometry": { "type": "Polygon", "coordinates": [ [ [ -90.05, 43.75 ], [ -89.95, 43.75 ], [ -89.95, 43.65 ], [ -90.05, 43.65 ], [ -90.05, 43.75 ] ] ] } },
{ "type": "Feature", "properties": { "lat": 43.7, "lng": -89.9 }, "geometry": { "type": "Polygon", "coordinates": [ [ [ -89.95, 43.75 ], [ -89.85, 43.75 ], [ -89.85, 43.65 ], [ -89.95, 43.65 ], [ -89.95, 43.75 ] ] ] } },
{ "type": "Feature", "properties": { "lat": 43.7, "lng": -89.8 }, "geometry": { "type": "Polygon", "coordinates": [ [ [ -89.85, 43.75 ], [ -89.75, 43.75 ], [ -89.75, 43.65 ], [ -89.85, 43.65 ], [ -89.85, 43.75 ] ] ] } },
{ "type": "Feature", "properties": { "lat": 43.7, "lng": -89.7 }, "geometry": { "type": "Polygon", "coordinates": [ [ [ -89.75, 43.75 ], [ -89.65, 43.75 ], [ -89.65, 43.65 ], [ -89.75, 43.65 ], [ -89.75, 43.75 ] ] ] } },
{ "type": "Feature", "properties": { "lat": 43.7, "lng": -89.6 }, "geometry": { "type": "Polygon", "coordinates": [ [ [ -89.65, 43.75 ], [ -89.55, 43.75 ], [ -89.55, 43.65 ], [ -89.65, 43.65 ], [ -89.65, 43.75 ] ] ] } },
{ "type": "Feature", "properties": { "lat": 43.7, "lng": -89.5 }, "geometry": { "type": "Polygon", "coordinates": [ [ [ -89.55, 43.75 ], [ -89.45, 43.75 ], [ -89.45, 43.65 ], [ -89.55, 43.65 ], [ -89.55, 43.75 ] ] ] } },
{ "type": "Feature", "properties": { "lat": 43.7, "lng": -89.4 }, "geometry": { "type": "Polygon", "coordinates": [ [ [ -89.45, 43.75 ], [ -89.35, 43.75 ], [ -89.35, 43.65 ], [ -89.45, 43.65 ], [ -89.45, 43.75 ] ] ] } },
{ "type": "Feature", "properties": { "lat": 43.7, "lng": -89.3 }, "geometry": { "type": "Polygon", "coordinates": [ [ [ -89.35, 43.75 ], [ -89.25, 43.75 ], [ -89.25, 43.65 ], [ -89.35, 43.65 ], [ -89.35, 43.75 ] ] ] } },
{ "type": "Feature", "properties": { "lat": 43.7, "lng": -89.2 }, "geometry": { "type": "Polygon", "coordinates": [ [ [ -89.25, 43.75 ], [ -89.15, 43.75 ], [ -89.15, 43.65 ], [ -89.25, 43.65 ], [ -89.25, 43.75 ] ] ] } },
{ "type": "Feature", "properties": { "lat": 43.7, "lng": -89.1 }, "geometry": { "type": "Polygon", "coordinates": [ [ [ -89.15, 43.75 ], [ -89.05, 43.75 ], [ -89.05, 43.65 ], [ -89.15, 43.65 ], [ -89.15, 43.75 ] ] ] } },
{ "type": "Feature", "properties": { "lat": 43.7, "lng": -89.0 }, "geometry": { "type": "Polygon", "coordinates": [ [ [ -89.05, 43.75 ], [ -88.95, 43.75 ], [ -88.95, 43.65 ], [ -89.05, 43.65 ], [ -89.05, 43.75 ] ] ] } },
{ "type": "Feature", "properties": { "lat": 43.7, "lng": -88.9 }, "geometry": { "type": "Polygon", "coordinates": [ [ [ -88.95, 43.75 ], [ -88.85, 43.75 ], [ -88.85, 43.65 ], [ -88.95, 43.65 ], [ -88.95, 43.75 ] ] ] } },
{ "type": "Feature", "properties": { "lat": 43.7, "lng": -88.8 }, "geometry": { "type": "Polygon", "coordinates": [ [ [ -88.85, 43.75 ], [ -88.75, 43.75 ], [ -88.75, 43.65 ], [ -88.85, 43.65 ], [ -88.85, 43.75 ] ] ] } },
{ "type": "Feature", "properties": { "lat": 43.7, "lng": -88.7 }, "geometry": { "type": "Polygon", "coordinates": [ [ [ -88.75, 43.75 ], [ -88.65, 43.75 ], [ -88.65, 43.65 ], [ -88.75, 43.65 ], [ -88.75, 43.75 ] ] ] } },
{ "type": "Feature", "properties": { "lat": 43.7, "lng": -88.6 }, "geometry": { "type": "Polygon", "coordinates": [ [ [ -88.65, 43.75 ], [ -88.55, 43.75 ], [ -88.55, 43.65 ], [ -88.65, 43.65 ], [ -88.65, 43.75 ] ] ] } },
{ "type": "Feature", "properties": { "lat": 43.7, "lng": -88.5 }, "geometry": { "type": "Polygon", "coordinates": [ [ [ -88.55, 43.75 ], [ -88.45, 43.75 ], [ -88.45, 43.65 ], [ -88.55, 43.65 ], [ -88.55, 43.75 ] ] ] } },
{ "type": "Feature", "properties": { "lat": 43.7, "lng": -88.4 }, "geometry": { "type": "Polygon", "coordinates": [ [ [ -88.45, 43.75 ], [ -88.35, 43.75 ], [ -88.35, 43.65 ], [ -88.45, 43.65 ], [ -88.45, 43.75 ] ] ] } },
{ "type": "Feature", "properties": { "lat": 43.7, "lng": -88.3 }, "geometry": { "type": "Polygon", "coordinates": [ [ [ -88.35, 43.75 ], [ -88.25, 43.75 ], [ -88.25, 43.65 ], [ -88.35, 43.65 ], [ -88.35, 43.75 ] ] ] } },
{ "type": "Feature", "properties": { "lat": 43.7, "lng": -88.2 }, "geometry": { "type": "Polygon", "coordinates": [ [ [ -88.25, 43.75 ], [ -88.15, 43.75 ], [ -88.15, 43.65 ], [ -88.25, 43.65 ], [ -88.25, 43.75 ] ] ] } },
{ "type": "Feature", "properties": { "lat": 43.7, "lng": -88.1 }, "geometry": { "type": "Polygon", "coordinates": [ [ [ -88.15, 43.75 ], [ -88.05, 43.75 ], [ -88.05, 43.65 ], [ -88.15, 43.65 ], [ -88.15, 43.75 ] ] ] } },
{ "type": "Feature", "properties": { "lat": 43.7, "lng": -88.0 }, "geometry": { "type": "Polygon", "coordinates": [ [ [ -88.05, 43.75 ], [ -87.95, 43.75 ], [ -87.95, 43.65 ], [ -88.05, 43.65 ], [ -88.05, 43.75 ] ] ] } },
{ "type": "Feature", "properties": { "lat": 43.7, "lng": -87.9 }, "geometry": { "type": "Polygon", "coordinates": [ [ [ -87.95, 43.75 ], [ -87.85, 43.75 ], [ -87.85, 43.65 ], [ -87.95, 43.65 ], [ -87.95, 43.75 ] ] ] } },
{ "type": "Feature", "properties": { "lat": 43.7, "lng": -87.8 }, "geometry": { "type": "Polygon", "coordinates": [ [ [ -87.85, 43.75 ], [ -87.75, 43.75 ], [ -87.75, 43.65 ], [ -87.85, 43.65 ], [ -87.85, 43.75 ] ] ] } },
{ "type": "Feature", "properties": { "lat": 43.7, "lng": -87.7 }, "geometry": { "type": "Polygon", "coordinates": [ [ [ -87.75, 43.75 ], [ -87.65, 43.75 ], [ -87.65, 43.65 ], [ -87.75, 43.65 ], [ -87.75, 43.75 ] ] ] } },
{ "type": "Feature", "properties": { "lat": 43.7, "lng": -87.6 }, "geometry": { "type": "Polygon", "coordinates": [ [ [ -87.65, 43.75 ], [ -87.55, 43.75 ], [ -87.55, 43.65 ], [ -87.65, 43.65 ], [ -87.65, 43.75 ] ] ] } },
{ "type": "Feature", "properties": { "lat": 43.7, "lng": -87.5 }, "geometry": { "type": "Polygon", "coordinates": [ [ [ -87.55, 43.75 ], [ -87.45, 43.75 ], [ -87.45, 43.65 ], [ -87.55, 43.65 ], [ -87.55, 43.75 ] ] ] } },
{ "type": "Feature", "properties": { "lat": 43.7, "lng": -87.4 }, "geometry": { "type": "Polygon", "coordinates": [ [ [ -87.45, 43.75 ], [ -87.35, 43.75 ], [ -87.35, 43.65 ], [ -87.45, 43.65 ], [ -87.45, 43.75 ] ] ] } },
{ "type": "Feature", "properties": { "lat": 43.7, "lng": -87.3 }, "geometry": { "type": "Polygon", "coordinates": [ [ [ -87.35, 43.75 ], [ -87.25, 43.75 ], [ -87.25, 43.65 ], [ -87.35, 43.65 ], [ -87.35, 43.75 ] ] ] } },
{ "type": "Feature", "properties": { "lat": 43.7, "lng": -87.2 }, "geometry": { "type": "Polygon", "coordinates": [ [ [ -87.25, 43.75 ], [ -87.15, 43.75 ], [ -87.15, 43.65 ], [ -87.25, 43.65 ], [ -87.25, 43.75 ] ] ] } },
{ "type": "Feature", "properties": { "lat": 43.7, "lng": -87.1 }, "geometry": { "type": "Polygon", "coordinates": [ [ [ -87.15, 43.75 ], [ -87.05, 43.75 ], [ -87.05, 43.65 ], [ -87.15, 43.65 ], [ -87.15, 43.75 ] ] ] } },
{ "type": "Feature", "properties": { "lat": 43.7, "lng": -87.0 }, "geometry": { "type": "Polygon", "coordinates": [ [ [ -87.05, 43.75 ], [ -86.95, 43.75 ], [ -86.95, 43.65 ], [ -87.05, 43.65 ], [ -87.05, 43.75 ] ] ] } },
{ "type": "Feature", "properties": { "lat": 43.7, "lng": -86.9 }, "geometry": { "type": "Polygon", "coordinates": [ [ [ -86.95, 43.75 ], [ -86.85, 43.75 ], [ -86.85, 43.65 ], [ -86.95, 43.65 ], [ -86.95, 43.75 ] ] ] } },
{ "type": "Feature", "properties": { "lat": 43.7, "lng": -86.8 }, "geometry": { "type": "Polygon", "coordinates": [ [ [ -86.85, 43.75 ], [ -86.75, 43.75 ], [ -86.75, 43.65 ], [ -86.85, 43.65 ], [ -86.85, 43.75 ] ] ] } },
{ "type": "Feature", "properties": { "lat": 43.8, "lng": -93.0 }, "geometry": { "type": "Polygon", "coordinates": [ [ [ -93.05, 43.85 ], [ -92.95, 43.85 ], [ -92.95, 43.75 ], [ -93.05, 43.75 ], [ -93.05, 43.85 ] ] ] } },
{ "type": "Feature", "properties": { "lat": 43.8, "lng": -92.9 }, "geometry": { "type": "Polygon", "coordinates": [ [ [ -92.95, 43.85 ], [ -92.85, 43.85 ], [ -92.85, 43.75 ], [ -92.95, 43.75 ], [ -92.95, 43.85 ] ] ] } },
{ "type": "Feature", "properties": { "lat": 43.8, "lng": -92.8 }, "geometry": { "type": "Polygon", "coordinates": [ [ [ -92.85, 43.85 ], [ -92.75, 43.85 ], [ -92.75, 43.75 ], [ -92.85, 43.75 ], [ -92.85, 43.85 ] ] ] } },
{ "type": "Feature", "properties": { "lat": 43.8, "lng": -92.7 }, "geometry": { "type": "Polygon", "coordinates": [ [ [ -92.75, 43.85 ], [ -92.65, 43.85 ], [ -92.65, 43.75 ], [ -92.75, 43.75 ], [ -92.75, 43.85 ] ] ] } },
{ "type": "Feature", "properties": { "lat": 43.8, "lng": -92.6 }, "geometry": { "type": "Polygon", "coordinates": [ [ [ -92.65, 43.85 ], [ -92.55, 43.85 ], [ -92.55, 43.75 ], [ -92.65, 43.75 ], [ -92.65, 43.85 ] ] ] } },
{ "type": "Feature", "properties": { "lat": 43.8, "lng": -92.5 }, "geometry": { "type": "Polygon", "coordinates": [ [ [ -92.55, 43.85 ], [ -92.45, 43.85 ], [ -92.45, 43.75 ], [ -92.55, 43.75 ], [ -92.55, 43.85 ] ] ] } },
{ "type": "Feature", "properties": { "lat": 43.8, "lng": -92.4 }, "geometry": { "type": "Polygon", "coordinates": [ [ [ -92.45, 43.85 ], [ -92.35, 43.85 ], [ -92.35, 43.75 ], [ -92.45, 43.75 ], [ -92.45, 43.85 ] ] ] } },
{ "type": "Feature", "properties": { "lat": 43.8, "lng": -92.3 }, "geometry": { "type": "Polygon", "coordinates": [ [ [ -92.35, 43.85 ], [ -92.25, 43.85 ], [ -92.25, 43.75 ], [ -92.35, 43.75 ], [ -92.35, 43.85 ] ] ] } },
{ "type": "Feature", "properties": { "lat": 43.8, "lng": -92.2 }, "geometry": { "type": "Polygon", "coordinates": [ [ [ -92.25, 43.85 ], [ -92.15, 43.85 ], [ -92.15, 43.75 ], [ -92.25, 43.75 ], [ -92.25, 43.85 ] ] ] } },
{ "type": "Feature", "properties": { "lat": 43.8, "lng": -92.1 }, "geometry": { "type": "Polygon", "coordinates": [ [ [ -92.15, 43.85 ], [ -92.05, 43.85 ], [ -92.05, 43.75 ], [ -92.15, 43.75 ], [ -92.15, 43.85 ] ] ] } },
{ "type": "Feature", "properties": { "lat": 43.8, "lng": -92.0 }, "geometry": { "type": "Polygon", "coordinates": [ [ [ -92.05, 43.85 ], [ -91.95, 43.85 ], [ -91.95, 43.75 ], [ -92.05, 43.75 ], [ -92.05, 43.85 ] ] ] } },
{ "type": "Feature", "properties": { "lat": 43.8, "lng": -91.9 }, "geometry": { "type": "Polygon", "coordinates": [ [ [ -91.95, 43.85 ], [ -91.85, 43.85 ], [ -91.85, 43.75 ], [ -91.95, 43.75 ], [ -91.95, 43.85 ] ] ] } },
{ "type": "Feature", "properties": { "lat": 43.8, "lng": -91.8 }, "geometry": { "type": "Polygon", "coordinates": [ [ [ -91.85, 43.85 ], [ -91.75, 43.85 ], [ -91.75, 43.75 ], [ -91.85, 43.75 ], [ -91.85, 43.85 ] ] ] } },
{ "type": "Feature", "properties": { "lat": 43.8, "lng": -91.7 }, "geometry": { "type": "Polygon", "coordinates": [ [ [ -91.75, 43.85 ], [ -91.65, 43.85 ], [ -91.65, 43.75 ], [ -91.75, 43.75 ], [ -91.75, 43.85 ] ] ] } },
{ "type": "Feature", "properties": { "lat": 43.8, "lng": -91.6 }, "geometry": { "type": "Polygon", "coordinates": [ [ [ -91.65, 43.85 ], [ -91.55, 43.85 ], [ -91.55, 43.75 ], [ -91.65, 43.75 ], [ -91.65, 43.85 ] ] ] } },
{ "type": "Feature", "properties": { "lat": 43.8, "lng": -91.5 }, "geometry": { "type": "Polygon", "coordinates": [ [ [ -91.55, 43.85 ], [ -91.45, 43.85 ], [ -91.45, 43.75 ], [ -91.55, 43.75 ], [ -91.55, 43.85 ] ] ] } },
{ "type": "Feature", "properties": { "lat": 43.8, "lng": -91.4 }, "geometry": { "type": "Polygon", "coordinates": [ [ [ -91.45, 43.85 ], [ -91.35, 43.85 ], [ -91.35, 43.75 ], [ -91.45, 43.75 ], [ -91.45, 43.85 ] ] ] } },
{ "type": "Feature", "properties": { "lat": 43.8, "lng": -91.3 }, "geometry": { "type": "Polygon", "coordinates": [ [ [ -91.35, 43.85 ], [ -91.25, 43.85 ], [ -91.25, 43.75 ], [ -91.35, 43.75 ], [ -91.35, 43.85 ] ] ] } },
{ "type": "Feature", "properties": { "lat": 43.8, "lng": -91.2 }, "geometry": { "type": "Polygon", "coordinates": [ [ [ -91.25, 43.85 ], [ -91.15, 43.85 ], [ -91.15, 43.75 ], [ -91.25, 43.75 ], [ -91.25, 43.85 ] ] ] } },
{ "type": "Feature", "properties": { "lat": 43.8, "lng": -91.1 }, "geometry": { "type": "Polygon", "coordinates": [ [ [ -91.15, 43.85 ], [ -91.05, 43.85 ], [ -91.05, 43.75 ], [ -91.15, 43.75 ], [ -91.15, 43.85 ] ] ] } },
{ "type": "Feature", "properties": { "lat": 43.8, "lng": -91.0 }, "geometry": { "type": "Polygon", "coordinates": [ [ [ -91.05, 43.85 ], [ -90.95, 43.85 ], [ -90.95, 43.75 ], [ -91.05, 43.75 ], [ -91.05, 43.85 ] ] ] } },
{ "type": "Feature", "properties": { "lat": 43.8, "lng": -90.9 }, "geometry": { "type": "Polygon", "coordinates": [ [ [ -90.95, 43.85 ], [ -90.85, 43.85 ], [ -90.85, 43.75 ], [ -90.95, 43.75 ], [ -90.95, 43.85 ] ] ] } },
{ "type": "Feature", "properties": { "lat": 43.8, "lng": -90.8 }, "geometry": { "type": "Polygon", "coordinates": [ [ [ -90.85, 43.85 ], [ -90.75, 43.85 ], [ -90.75, 43.75 ], [ -90.85, 43.75 ], [ -90.85, 43.85 ] ] ] } },
{ "type": "Feature", "properties": { "lat": 43.8, "lng": -90.7 }, "geometry": { "type": "Polygon", "coordinates": [ [ [ -90.75, 43.85 ], [ -90.65, 43.85 ], [ -90.65, 43.75 ], [ -90.75, 43.75 ], [ -90.75, 43.85 ] ] ] } },
{ "type": "Feature", "properties": { "lat": 43.8, "lng": -90.6 }, "geometry": { "type": "Polygon", "coordinates": [ [ [ -90.65, 43.85 ], [ -90.55, 43.85 ], [ -90.55, 43.75 ], [ -90.65, 43.75 ], [ -90.65, 43.85 ] ] ] } },
{ "type": "Feature", "properties": { "lat": 43.8, "lng": -90.5 }, "geometry": { "type": "Polygon", "coordinates": [ [ [ -90.55, 43.85 ], [ -90.45, 43.85 ], [ -90.45, 43.75 ], [ -90.55, 43.75 ], [ -90.55, 43.85 ] ] ] } },
{ "type": "Feature", "properties": { "lat": 43.8, "lng": -90.4 }, "geometry": { "type": "Polygon", "coordinates": [ [ [ -90.45, 43.85 ], [ -90.35, 43.85 ], [ -90.35, 43.75 ], [ -90.45, 43.75 ], [ -90.45, 43.85 ] ] ] } },
{ "type": "Feature", "properties": { "lat": 43.8, "lng": -90.3 }, "geometry": { "type": "Polygon", "coordinates": [ [ [ -90.35, 43.85 ], [ -90.25, 43.85 ], [ -90.25, 43.75 ], [ -90.35, 43.75 ], [ -90.35, 43.85 ] ] ] } },
{ "type": "Feature", "properties": { "lat": 43.8, "lng": -90.2 }, "geometry": { "type": "Polygon", "coordinates": [ [ [ -90.25, 43.85 ], [ -90.15, 43.85 ], [ -90.15, 43.75 ], [ -90.25, 43.75 ], [ -90.25, 43.85 ] ] ] } },
{ "type": "Feature", "properties": { "lat": 43.8, "lng": -90.1 }, "geometry": { "type": "Polygon", "coordinates": [ [ [ -90.15, 43.85 ], [ -90.05, 43.85 ], [ -90.05, 43.75 ], [ -90.15, 43.75 ], [ -90.15, 43.85 ] ] ] } },
{ "type": "Feature", "properties": { "lat": 43.8, "lng": -90.0 }, "geometry": { "type": "Polygon", "coordinates": [ [ [ -90.05, 43.85 ], [ -89.95, 43.85 ], [ -89.95, 43.75 ], [ -90.05, 43.75 ], [ -90.05, 43.85 ] ] ] } },
{ "type": "Feature", "properties": { "lat": 43.8, "lng": -89.9 }, "geometry": { "type": "Polygon", "coordinates": [ [ [ -89.95, 43.85 ], [ -89.85, 43.85 ], [ -89.85, 43.75 ], [ -89.95, 43.75 ], [ -89.95, 43.85 ] ] ] } },
{ "type": "Feature", "properties": { "lat": 43.8, "lng": -89.8 }, "geometry": { "type": "Polygon", "coordinates": [ [ [ -89.85, 43.85 ], [ -89.75, 43.85 ], [ -89.75, 43.75 ], [ -89.85, 43.75 ], [ -89.85, 43.85 ] ] ] } },
{ "type": "Feature", "properties": { "lat": 43.8, "lng": -89.7 }, "geometry": { "type": "Polygon", "coordinates": [ [ [ -89.75, 43.85 ], [ -89.65, 43.85 ], [ -89.65, 43.75 ], [ -89.75, 43.75 ], [ -89.75, 43.85 ] ] ] } },
{ "type": "Feature", "properties": { "lat": 43.8, "lng": -89.6 }, "geometry": { "type": "Polygon", "coordinates": [ [ [ -89.65, 43.85 ], [ -89.55, 43.85 ], [ -89.55, 43.75 ], [ -89.65, 43.75 ], [ -89.65, 43.85 ] ] ] } },
{ "type": "Feature", "properties": { "lat": 43.8, "lng": -89.5 }, "geometry": { "type": "Polygon", "coordinates": [ [ [ -89.55, 43.85 ], [ -89.45, 43.85 ], [ -89.45, 43.75 ], [ -89.55, 43.75 ], [ -89.55, 43.85 ] ] ] } },
{ "type": "Feature", "properties": { "lat": 43.8, "lng": -89.4 }, "geometry": { "type": "Polygon", "coordinates": [ [ [ -89.45, 43.85 ], [ -89.35, 43.85 ], [ -89.35, 43.75 ], [ -89.45, 43.75 ], [ -89.45, 43.85 ] ] ] } },
{ "type": "Feature", "properties": { "lat": 43.8, "lng": -89.3 }, "geometry": { "type": "Polygon", "coordinates": [ [ [ -89.35, 43.85 ], [ -89.25, 43.85 ], [ -89.25, 43.75 ], [ -89.35, 43.75 ], [ -89.35, 43.85 ] ] ] } },
{ "type": "Feature", "properties": { "lat": 43.8, "lng": -89.2 }, "geometry": { "type": "Polygon", "coordinates": [ [ [ -89.25, 43.85 ], [ -89.15, 43.85 ], [ -89.15, 43.75 ], [ -89.25, 43.75 ], [ -89.25, 43.85 ] ] ] } },
{ "type": "Feature", "properties": { "lat": 43.8, "lng": -89.1 }, "geometry": { "type": "Polygon", "coordinates": [ [ [ -89.15, 43.85 ], [ -89.05, 43.85 ], [ -89.05, 43.75 ], [ -89.15, 43.75 ], [ -89.15, 43.85 ] ] ] } },
{ "type": "Feature", "properties": { "lat": 43.8, "lng": -89.0 }, "geometry": { "type": "Polygon", "coordinates": [ [ [ -89.05, 43.85 ], [ -88.95, 43.85 ], [ -88.95, 43.75 ], [ -89.05, 43.75 ], [ -89.05, 43.85 ] ] ] } },
{ "type": "Feature", "properties": { "lat": 43.8, "lng": -88.9 }, "geometry": { "type": "Polygon", "coordinates": [ [ [ -88.95, 43.85 ], [ -88.85, 43.85 ], [ -88.85, 43.75 ], [ -88.95, 43.75 ], [ -88.95, 43.85 ] ] ] } },
{ "type": "Feature", "properties": { "lat": 43.8, "lng": -88.8 }, "geometry": { "type": "Polygon", "coordinates": [ [ [ -88.85, 43.85 ], [ -88.75, 43.85 ], [ -88.75, 43.75 ], [ -88.85, 43.75 ], [ -88.85, 43.85 ] ] ] } },
{ "type": "Feature", "properties": { "lat": 43.8, "lng": -88.7 }, "geometry": { "type": "Polygon", "coordinates": [ [ [ -88.75, 43.85 ], [ -88.65, 43.85 ], [ -88.65, 43.75 ], [ -88.75, 43.75 ], [ -88.75, 43.85 ] ] ] } },
{ "type": "Feature", "properties": { "lat": 43.8, "lng": -88.6 }, "geometry": { "type": "Polygon", "coordinates": [ [ [ -88.65, 43.85 ], [ -88.55, 43.85 ], [ -88.55, 43.75 ], [ -88.65, 43.75 ], [ -88.65, 43.85 ] ] ] } },
{ "type": "Feature", "properties": { "lat": 43.8, "lng": -88.5 }, "geometry": { "type": "Polygon", "coordinates": [ [ [ -88.55, 43.85 ], [ -88.45, 43.85 ], [ -88.45, 43.75 ], [ -88.55, 43.75 ], [ -88.55, 43.85 ] ] ] } },
{ "type": "Feature", "properties": { "lat": 43.8, "lng": -88.4 }, "geometry": { "type": "Polygon", "coordinates": [ [ [ -88.45, 43.85 ], [ -88.35, 43.85 ], [ -88.35, 43.75 ], [ -88.45, 43.75 ], [ -88.45, 43.85 ] ] ] } },
{ "type": "Feature", "properties": { "lat": 43.8, "lng": -88.3 }, "geometry": { "type": "Polygon", "coordinates": [ [ [ -88.35, 43.85 ], [ -88.25, 43.85 ], [ -88.25, 43.75 ], [ -88.35, 43.75 ], [ -88.35, 43.85 ] ] ] } },
{ "type": "Feature", "properties": { "lat": 43.8, "lng": -88.2 }, "geometry": { "type": "Polygon", "coordinates": [ [ [ -88.25, 43.85 ], [ -88.15, 43.85 ], [ -88.15, 43.75 ], [ -88.25, 43.75 ], [ -88.25, 43.85 ] ] ] } },
{ "type": "Feature", "properties": { "lat": 43.8, "lng": -88.1 }, "geometry": { "type": "Polygon", "coordinates": [ [ [ -88.15, 43.85 ], [ -88.05, 43.85 ], [ -88.05, 43.75 ], [ -88.15, 43.75 ], [ -88.15, 43.85 ] ] ] } },
{ "type": "Feature", "properties": { "lat": 43.8, "lng": -88.0 }, "geometry": { "type": "Polygon", "coordinates": [ [ [ -88.05, 43.85 ], [ -87.95, 43.85 ], [ -87.95, 43.75 ], [ -88.05, 43.75 ], [ -88.05, 43.85 ] ] ] } },
{ "type": "Feature", "properties": { "lat": 43.8, "lng": -87.9 }, "geometry": { "type": "Polygon", "coordinates": [ [ [ -87.95, 43.85 ], [ -87.85, 43.85 ], [ -87.85, 43.75 ], [ -87.95, 43.75 ], [ -87.95, 43.85 ] ] ] } },
{ "type": "Feature", "properties": { "lat": 43.8, "lng": -87.8 }, "geometry": { "type": "Polygon", "coordinates": [ [ [ -87.85, 43.85 ], [ -87.75, 43.85 ], [ -87.75, 43.75 ], [ -87.85, 43.75 ], [ -87.85, 43.85 ] ] ] } },
{ "type": "Feature", "properties": { "lat": 43.8, "lng": -87.7 }, "geometry": { "type": "Polygon", "coordinates": [ [ [ -87.75, 43.85 ], [ -87.65, 43.85 ], [ -87.65, 43.75 ], [ -87.75, 43.75 ], [ -87.75, 43.85 ] ] ] } },
{ "type": "Feature", "properties": { "lat": 43.8, "lng": -87.6 }, "geometry": { "type": "Polygon", "coordinates": [ [ [ -87.65, 43.85 ], [ -87.55, 43.85 ], [ -87.55, 43.75 ], [ -87.65, 43.75 ], [ -87.65, 43.85 ] ] ] } },
{ "type": "Feature", "properties": { "lat": 43.8, "lng": -87.5 }, "geometry": { "type": "Polygon", "coordinates": [ [ [ -87.55, 43.85 ], [ -87.45, 43.85 ], [ -87.45, 43.75 ], [ -87.55, 43.75 ], [ -87.55, 43.85 ] ] ] } },
{ "type": "Feature", "properties": { "lat": 43.8, "lng": -87.4 }, "geometry": { "type": "Polygon", "coordinates": [ [ [ -87.45, 43.85 ], [ -87.35, 43.85 ], [ -87.35, 43.75 ], [ -87.45, 43.75 ], [ -87.45, 43.85 ] ] ] } },
{ "type": "Feature", "properties": { "lat": 43.8, "lng": -87.3 }, "geometry": { "type": "Polygon", "coordinates": [ [ [ -87.35, 43.85 ], [ -87.25, 43.85 ], [ -87.25, 43.75 ], [ -87.35, 43.75 ], [ -87.35, 43.85 ] ] ] } },
{ "type": "Feature", "properties": { "lat": 43.8, "lng": -87.2 }, "geometry": { "type": "Polygon", "coordinates": [ [ [ -87.25, 43.85 ], [ -87.15, 43.85 ], [ -87.15, 43.75 ], [ -87.25, 43.75 ], [ -87.25, 43.85 ] ] ] } },
{ "type": "Feature", "properties": { "lat": 43.8, "lng": -87.1 }, "geometry": { "type": "Polygon", "coordinates": [ [ [ -87.15, 43.85 ], [ -87.05, 43.85 ], [ -87.05, 43.75 ], [ -87.15, 43.75 ], [ -87.15, 43.85 ] ] ] } },
{ "type": "Feature", "properties": { "lat": 43.8, "lng": -87.0 }, "geometry": { "type": "Polygon", "coordinates": [ [ [ -87.05, 43.85 ], [ -86.95, 43.85 ], [ -86.95, 43.75 ], [ -87.05, 43.75 ], [ -87.05, 43.85 ] ] ] } },
{ "type": "Feature", "properties": { "lat": 43.8, "lng": -86.9 }, "geometry": { "type": "Polygon", "coordinates": [ [ [ -86.95, 43.85 ], [ -86.85, 43.85 ], [ -86.85, 43.75 ], [ -86.95, 43.75 ], [ -86.95, 43.85 ] ] ] } },
{ "type": "Feature", "properties": { "lat": 43.8, "lng": -86.8 }, "geometry": { "type": "Polygon", "coordinates": [ [ [ -86.85, 43.85 ], [ -86.75, 43.85 ], [ -86.75, 43.75 ], [ -86.85, 43.75 ], [ -86.85, 43.85 ] ] ] } },
{ "type": "Feature", "properties": { "lat": 43.9, "lng": -93.0 }, "geometry": { "type": "Polygon", "coordinates": [ [ [ -93.05, 43.95 ], [ -92.95, 43.95 ], [ -92.95, 43.85 ], [ -93.05, 43.85 ], [ -93.05, 43.95 ] ] ] } },
{ "type": "Feature", "properties": { "lat": 43.9, "lng": -92.9 }, "geometry": { "type": "Polygon", "coordinates": [ [ [ -92.95, 43.95 ], [ -92.85, 43.95 ], [ -92.85, 43.85 ], [ -92.95, 43.85 ], [ -92.95, 43.95 ] ] ] } },
{ "type": "Feature", "properties": { "lat": 43.9, "lng": -92.8 }, "geometry": { "type": "Polygon", "coordinates": [ [ [ -92.85, 43.95 ], [ -92.75, 43.95 ], [ -92.75, 43.85 ], [ -92.85, 43.85 ], [ -92.85, 43.95 ] ] ] } },
{ "type": "Feature", "properties": { "lat": 43.9, "lng": -92.7 }, "geometry": { "type": "Polygon", "coordinates": [ [ [ -92.75, 43.95 ], [ -92.65, 43.95 ], [ -92.65, 43.85 ], [ -92.75, 43.85 ], [ -92.75, 43.95 ] ] ] } },
{ "type": "Feature", "properties": { "lat": 43.9, "lng": -92.6 }, "geometry": { "type": "Polygon", "coordinates": [ [ [ -92.65, 43.95 ], [ -92.55, 43.95 ], [ -92.55, 43.85 ], [ -92.65, 43.85 ], [ -92.65, 43.95 ] ] ] } },
{ "type": "Feature", "properties": { "lat": 43.9, "lng": -92.5 }, "geometry": { "type": "Polygon", "coordinates": [ [ [ -92.55, 43.95 ], [ -92.45, 43.95 ], [ -92.45, 43.85 ], [ -92.55, 43.85 ], [ -92.55, 43.95 ] ] ] } },
{ "type": "Feature", "properties": { "lat": 43.9, "lng": -92.4 }, "geometry": { "type": "Polygon", "coordinates": [ [ [ -92.45, 43.95 ], [ -92.35, 43.95 ], [ -92.35, 43.85 ], [ -92.45, 43.85 ], [ -92.45, 43.95 ] ] ] } },
{ "type": "Feature", "properties": { "lat": 43.9, "lng": -92.3 }, "geometry": { "type": "Polygon", "coordinates": [ [ [ -92.35, 43.95 ], [ -92.25, 43.95 ], [ -92.25, 43.85 ], [ -92.35, 43.85 ], [ -92.35, 43.95 ] ] ] } },
{ "type": "Feature", "properties": { "lat": 43.9, "lng": -92.2 }, "geometry": { "type": "Polygon", "coordinates": [ [ [ -92.25, 43.95 ], [ -92.15, 43.95 ], [ -92.15, 43.85 ], [ -92.25, 43.85 ], [ -92.25, 43.95 ] ] ] } },
{ "type": "Feature", "properties": { "lat": 43.9, "lng": -92.1 }, "geometry": { "type": "Polygon", "coordinates": [ [ [ -92.15, 43.95 ], [ -92.05, 43.95 ], [ -92.05, 43.85 ], [ -92.15, 43.85 ], [ -92.15, 43.95 ] ] ] } },
{ "type": "Feature", "properties": { "lat": 43.9, "lng": -92.0 }, "geometry": { "type": "Polygon", "coordinates": [ [ [ -92.05, 43.95 ], [ -91.95, 43.95 ], [ -91.95, 43.85 ], [ -92.05, 43.85 ], [ -92.05, 43.95 ] ] ] } },
{ "type": "Feature", "properties": { "lat": 43.9, "lng": -91.9 }, "geometry": { "type": "Polygon", "coordinates": [ [ [ -91.95, 43.95 ], [ -91.85, 43.95 ], [ -91.85, 43.85 ], [ -91.95, 43.85 ], [ -91.95, 43.95 ] ] ] } },
{ "type": "Feature", "properties": { "lat": 43.9, "lng": -91.8 }, "geometry": { "type": "Polygon", "coordinates": [ [ [ -91.85, 43.95 ], [ -91.75, 43.95 ], [ -91.75, 43.85 ], [ -91.85, 43.85 ], [ -91.85, 43.95 ] ] ] } },
{ "type": "Feature", "properties": { "lat": 43.9, "lng": -91.7 }, "geometry": { "type": "Polygon", "coordinates": [ [ [ -91.75, 43.95 ], [ -91.65, 43.95 ], [ -91.65, 43.85 ], [ -91.75, 43.85 ], [ -91.75, 43.95 ] ] ] } },
{ "type": "Feature", "properties": { "lat": 43.9, "lng": -91.6 }, "geometry": { "type": "Polygon", "coordinates": [ [ [ -91.65, 43.95 ], [ -91.55, 43.95 ], [ -91.55, 43.85 ], [ -91.65, 43.85 ], [ -91.65, 43.95 ] ] ] } },
{ "type": "Feature", "properties": { "lat": 43.9, "lng": -91.5 }, "geometry": { "type": "Polygon", "coordinates": [ [ [ -91.55, 43.95 ], [ -91.45, 43.95 ], [ -91.45, 43.85 ], [ -91.55, 43.85 ], [ -91.55, 43.95 ] ] ] } },
{ "type": "Feature", "properties": { "lat": 43.9, "lng": -91.4 }, "geometry": { "type": "Polygon", "coordinates": [ [ [ -91.45, 43.95 ], [ -91.35, 43.95 ], [ -91.35, 43.85 ], [ -91.45, 43.85 ], [ -91.45, 43.95 ] ] ] } },
{ "type": "Feature", "properties": { "lat": 43.9, "lng": -91.3 }, "geometry": { "type": "Polygon", "coordinates": [ [ [ -91.35, 43.95 ], [ -91.25, 43.95 ], [ -91.25, 43.85 ], [ -91.35, 43.85 ], [ -91.35, 43.95 ] ] ] } },
{ "type": "Feature", "properties": { "lat": 43.9, "lng": -91.2 }, "geometry": { "type": "Polygon", "coordinates": [ [ [ -91.25, 43.95 ], [ -91.15, 43.95 ], [ -91.15, 43.85 ], [ -91.25, 43.85 ], [ -91.25, 43.95 ] ] ] } },
{ "type": "Feature", "properties": { "lat": 43.9, "lng": -91.1 }, "geometry": { "type": "Polygon", "coordinates": [ [ [ -91.15, 43.95 ], [ -91.05, 43.95 ], [ -91.05, 43.85 ], [ -91.15, 43.85 ], [ -91.15, 43.95 ] ] ] } },
{ "type": "Feature", "properties": { "lat": 43.9, "lng": -91.0 }, "geometry": { "type": "Polygon", "coordinates": [ [ [ -91.05, 43.95 ], [ -90.95, 43.95 ], [ -90.95, 43.85 ], [ -91.05, 43.85 ], [ -91.05, 43.95 ] ] ] } },
{ "type": "Feature", "properties": { "lat": 43.9, "lng": -90.9 }, "geometry": { "type": "Polygon", "coordinates": [ [ [ -90.95, 43.95 ], [ -90.85, 43.95 ], [ -90.85, 43.85 ], [ -90.95, 43.85 ], [ -90.95, 43.95 ] ] ] } },
{ "type": "Feature", "properties": { "lat": 43.9, "lng": -90.8 }, "geometry": { "type": "Polygon", "coordinates": [ [ [ -90.85, 43.95 ], [ -90.75, 43.95 ], [ -90.75, 43.85 ], [ -90.85, 43.85 ], [ -90.85, 43.95 ] ] ] } },
{ "type": "Feature", "properties": { "lat": 43.9, "lng": -90.7 }, "geometry": { "type": "Polygon", "coordinates": [ [ [ -90.75, 43.95 ], [ -90.65, 43.95 ], [ -90.65, 43.85 ], [ -90.75, 43.85 ], [ -90.75, 43.95 ] ] ] } },
{ "type": "Feature", "properties": { "lat": 43.9, "lng": -90.6 }, "geometry": { "type": "Polygon", "coordinates": [ [ [ -90.65, 43.95 ], [ -90.55, 43.95 ], [ -90.55, 43.85 ], [ -90.65, 43.85 ], [ -90.65, 43.95 ] ] ] } },
{ "type": "Feature", "properties": { "lat": 43.9, "lng": -90.5 }, "geometry": { "type": "Polygon", "coordinates": [ [ [ -90.55, 43.95 ], [ -90.45, 43.95 ], [ -90.45, 43.85 ], [ -90.55, 43.85 ], [ -90.55, 43.95 ] ] ] } },
{ "type": "Feature", "properties": { "lat": 43.9, "lng": -90.4 }, "geometry": { "type": "Polygon", "coordinates": [ [ [ -90.45, 43.95 ], [ -90.35, 43.95 ], [ -90.35, 43.85 ], [ -90.45, 43.85 ], [ -90.45, 43.95 ] ] ] } },
{ "type": "Feature", "properties": { "lat": 43.9, "lng": -90.3 }, "geometry": { "type": "Polygon", "coordinates": [ [ [ -90.35, 43.95 ], [ -90.25, 43.95 ], [ -90.25, 43.85 ], [ -90.35, 43.85 ], [ -90.35, 43.95 ] ] ] } },
{ "type": "Feature", "properties": { "lat": 43.9, "lng": -90.2 }, "geometry": { "type": "Polygon", "coordinates": [ [ [ -90.25, 43.95 ], [ -90.15, 43.95 ], [ -90.15, 43.85 ], [ -90.25, 43.85 ], [ -90.25, 43.95 ] ] ] } },
{ "type": "Feature", "properties": { "lat": 43.9, "lng": -90.1 }, "geometry": { "type": "Polygon", "coordinates": [ [ [ -90.15, 43.95 ], [ -90.05, 43.95 ], [ -90.05, 43.85 ], [ -90.15, 43.85 ], [ -90.15, 43.95 ] ] ] } },
{ "type": "Feature", "properties": { "lat": 43.9, "lng": -90.0 }, "geometry": { "type": "Polygon", "coordinates": [ [ [ -90.05, 43.95 ], [ -89.95, 43.95 ], [ -89.95, 43.85 ], [ -90.05, 43.85 ], [ -90.05, 43.95 ] ] ] } },
{ "type": "Feature", "properties": { "lat": 43.9, "lng": -89.9 }, "geometry": { "type": "Polygon", "coordinates": [ [ [ -89.95, 43.95 ], [ -89.85, 43.95 ], [ -89.85, 43.85 ], [ -89.95, 43.85 ], [ -89.95, 43.95 ] ] ] } },
{ "type": "Feature", "properties": { "lat": 43.9, "lng": -89.8 }, "geometry": { "type": "Polygon", "coordinates": [ [ [ -89.85, 43.95 ], [ -89.75, 43.95 ], [ -89.75, 43.85 ], [ -89.85, 43.85 ], [ -89.85, 43.95 ] ] ] } },
{ "type": "Feature", "properties": { "lat": 43.9, "lng": -89.7 }, "geometry": { "type": "Polygon", "coordinates": [ [ [ -89.75, 43.95 ], [ -89.65, 43.95 ], [ -89.65, 43.85 ], [ -89.75, 43.85 ], [ -89.75, 43.95 ] ] ] } },
{ "type": "Feature", "properties": { "lat": 43.9, "lng": -89.6 }, "geometry": { "type": "Polygon", "coordinates": [ [ [ -89.65, 43.95 ], [ -89.55, 43.95 ], [ -89.55, 43.85 ], [ -89.65, 43.85 ], [ -89.65, 43.95 ] ] ] } },
{ "type": "Feature", "properties": { "lat": 43.9, "lng": -89.5 }, "geometry": { "type": "Polygon", "coordinates": [ [ [ -89.55, 43.95 ], [ -89.45, 43.95 ], [ -89.45, 43.85 ], [ -89.55, 43.85 ], [ -89.55, 43.95 ] ] ] } },
{ "type": "Feature", "properties": { "lat": 43.9, "lng": -89.4 }, "geometry": { "type": "Polygon", "coordinates": [ [ [ -89.45, 43.95 ], [ -89.35, 43.95 ], [ -89.35, 43.85 ], [ -89.45, 43.85 ], [ -89.45, 43.95 ] ] ] } },
{ "type": "Feature", "properties": { "lat": 43.9, "lng": -89.3 }, "geometry": { "type": "Polygon", "coordinates": [ [ [ -89.35, 43.95 ], [ -89.25, 43.95 ], [ -89.25, 43.85 ], [ -89.35, 43.85 ], [ -89.35, 43.95 ] ] ] } },
{ "type": "Feature", "properties": { "lat": 43.9, "lng": -89.2 }, "geometry": { "type": "Polygon", "coordinates": [ [ [ -89.25, 43.95 ], [ -89.15, 43.95 ], [ -89.15, 43.85 ], [ -89.25, 43.85 ], [ -89.25, 43.95 ] ] ] } },
{ "type": "Feature", "properties": { "lat": 43.9, "lng": -89.1 }, "geometry": { "type": "Polygon", "coordinates": [ [ [ -89.15, 43.95 ], [ -89.05, 43.95 ], [ -89.05, 43.85 ], [ -89.15, 43.85 ], [ -89.15, 43.95 ] ] ] } },
{ "type": "Feature", "properties": { "lat": 43.9, "lng": -89.0 }, "geometry": { "type": "Polygon", "coordinates": [ [ [ -89.05, 43.95 ], [ -88.95, 43.95 ], [ -88.95, 43.85 ], [ -89.05, 43.85 ], [ -89.05, 43.95 ] ] ] } },
{ "type": "Feature", "properties": { "lat": 43.9, "lng": -88.9 }, "geometry": { "type": "Polygon", "coordinates": [ [ [ -88.95, 43.95 ], [ -88.85, 43.95 ], [ -88.85, 43.85 ], [ -88.95, 43.85 ], [ -88.95, 43.95 ] ] ] } },
{ "type": "Feature", "properties": { "lat": 43.9, "lng": -88.8 }, "geometry": { "type": "Polygon", "coordinates": [ [ [ -88.85, 43.95 ], [ -88.75, 43.95 ], [ -88.75, 43.85 ], [ -88.85, 43.85 ], [ -88.85, 43.95 ] ] ] } },
{ "type": "Feature", "properties": { "lat": 43.9, "lng": -88.7 }, "geometry": { "type": "Polygon", "coordinates": [ [ [ -88.75, 43.95 ], [ -88.65, 43.95 ], [ -88.65, 43.85 ], [ -88.75, 43.85 ], [ -88.75, 43.95 ] ] ] } },
{ "type": "Feature", "properties": { "lat": 43.9, "lng": -88.6 }, "geometry": { "type": "Polygon", "coordinates": [ [ [ -88.65, 43.95 ], [ -88.55, 43.95 ], [ -88.55, 43.85 ], [ -88.65, 43.85 ], [ -88.65, 43.95 ] ] ] } },
{ "type": "Feature", "properties": { "lat": 43.9, "lng": -88.5 }, "geometry": { "type": "Polygon", "coordinates": [ [ [ -88.55, 43.95 ], [ -88.45, 43.95 ], [ -88.45, 43.85 ], [ -88.55, 43.85 ], [ -88.55, 43.95 ] ] ] } },
{ "type": "Feature", "properties": { "lat": 43.9, "lng": -88.4 }, "geometry": { "type": "Polygon", "coordinates": [ [ [ -88.45, 43.95 ], [ -88.35, 43.95 ], [ -88.35, 43.85 ], [ -88.45, 43.85 ], [ -88.45, 43.95 ] ] ] } },
{ "type": "Feature", "properties": { "lat": 43.9, "lng": -88.3 }, "geometry": { "type": "Polygon", "coordinates": [ [ [ -88.35, 43.95 ], [ -88.25, 43.95 ], [ -88.25, 43.85 ], [ -88.35, 43.85 ], [ -88.35, 43.95 ] ] ] } },
{ "type": "Feature", "properties": { "lat": 43.9, "lng": -88.2 }, "geometry": { "type": "Polygon", "coordinates": [ [ [ -88.25, 43.95 ], [ -88.15, 43.95 ], [ -88.15, 43.85 ], [ -88.25, 43.85 ], [ -88.25, 43.95 ] ] ] } },
{ "type": "Feature", "properties": { "lat": 43.9, "lng": -88.1 }, "geometry": { "type": "Polygon", "coordinates": [ [ [ -88.15, 43.95 ], [ -88.05, 43.95 ], [ -88.05, 43.85 ], [ -88.15, 43.85 ], [ -88.15, 43.95 ] ] ] } },
{ "type": "Feature", "properties": { "lat": 43.9, "lng": -88.0 }, "geometry": { "type": "Polygon", "coordinates": [ [ [ -88.05, 43.95 ], [ -87.95, 43.95 ], [ -87.95, 43.85 ], [ -88.05, 43.85 ], [ -88.05, 43.95 ] ] ] } },
{ "type": "Feature", "properties": { "lat": 43.9, "lng": -87.9 }, "geometry": { "type": "Polygon", "coordinates": [ [ [ -87.95, 43.95 ], [ -87.85, 43.95 ], [ -87.85, 43.85 ], [ -87.95, 43.85 ], [ -87.95, 43.95 ] ] ] } },
{ "type": "Feature", "properties": { "lat": 43.9, "lng": -87.8 }, "geometry": { "type": "Polygon", "coordinates": [ [ [ -87.85, 43.95 ], [ -87.75, 43.95 ], [ -87.75, 43.85 ], [ -87.85, 43.85 ], [ -87.85, 43.95 ] ] ] } },
{ "type": "Feature", "properties": { "lat": 43.9, "lng": -87.7 }, "geometry": { "type": "Polygon", "coordinates": [ [ [ -87.75, 43.95 ], [ -87.65, 43.95 ], [ -87.65, 43.85 ], [ -87.75, 43.85 ], [ -87.75, 43.95 ] ] ] } },
{ "type": "Feature", "properties": { "lat": 43.9, "lng": -87.6 }, "geometry": { "type": "Polygon", "coordinates": [ [ [ -87.65, 43.95 ], [ -87.55, 43.95 ], [ -87.55, 43.85 ], [ -87.65, 43.85 ], [ -87.65, 43.95 ] ] ] } },
{ "type": "Feature", "properties": { "lat": 43.9, "lng": -87.5 }, "geometry": { "type": "Polygon", "coordinates": [ [ [ -87.55, 43.95 ], [ -87.45, 43.95 ], [ -87.45, 43.85 ], [ -87.55, 43.85 ], [ -87.55, 43.95 ] ] ] } },
{ "type": "Feature", "properties": { "lat": 43.9, "lng": -87.4 }, "geometry": { "type": "Polygon", "coordinates": [ [ [ -87.45, 43.95 ], [ -87.35, 43.95 ], [ -87.35, 43.85 ], [ -87.45, 43.85 ], [ -87.45, 43.95 ] ] ] } },
{ "type": "Feature", "properties": { "lat": 43.9, "lng": -87.3 }, "geometry": { "type": "Polygon", "coordinates": [ [ [ -87.35, 43.95 ], [ -87.25, 43.95 ], [ -87.25, 43.85 ], [ -87.35, 43.85 ], [ -87.35, 43.95 ] ] ] } },
{ "type": "Feature", "properties": { "lat": 43.9, "lng": -87.2 }, "geometry": { "type": "Polygon", "coordinates": [ [ [ -87.25, 43.95 ], [ -87.15, 43.95 ], [ -87.15, 43.85 ], [ -87.25, 43.85 ], [ -87.25, 43.95 ] ] ] } },
{ "type": "Feature", "properties": { "lat": 43.9, "lng": -87.1 }, "geometry": { "type": "Polygon", "coordinates": [ [ [ -87.15, 43.95 ], [ -87.05, 43.95 ], [ -87.05, 43.85 ], [ -87.15, 43.85 ], [ -87.15, 43.95 ] ] ] } },
{ "type": "Feature", "properties": { "lat": 43.9, "lng": -87.0 }, "geometry": { "type": "Polygon", "coordinates": [ [ [ -87.05, 43.95 ], [ -86.95, 43.95 ], [ -86.95, 43.85 ], [ -87.05, 43.85 ], [ -87.05, 43.95 ] ] ] } },
{ "type": "Feature", "properties": { "lat": 43.9, "lng": -86.9 }, "geometry": { "type": "Polygon", "coordinates": [ [ [ -86.95, 43.95 ], [ -86.85, 43.95 ], [ -86.85, 43.85 ], [ -86.95, 43.85 ], [ -86.95, 43.95 ] ] ] } },
{ "type": "Feature", "properties": { "lat": 43.9, "lng": -86.8 }, "geometry": { "type": "Polygon", "coordinates": [ [ [ -86.85, 43.95 ], [ -86.75, 43.95 ], [ -86.75, 43.85 ], [ -86.85, 43.85 ], [ -86.85, 43.95 ] ] ] } },
{ "type": "Feature", "properties": { "lat": 44.0, "lng": -93.0 }, "geometry": { "type": "Polygon", "coordinates": [ [ [ -93.05, 44.05 ], [ -92.95, 44.05 ], [ -92.95, 43.95 ], [ -93.05, 43.95 ], [ -93.05, 44.05 ] ] ] } },
{ "type": "Feature", "properties": { "lat": 44.0, "lng": -92.9 }, "geometry": { "type": "Polygon", "coordinates": [ [ [ -92.95, 44.05 ], [ -92.85, 44.05 ], [ -92.85, 43.95 ], [ -92.95, 43.95 ], [ -92.95, 44.05 ] ] ] } },
{ "type": "Feature", "properties": { "lat": 44.0, "lng": -92.8 }, "geometry": { "type": "Polygon", "coordinates": [ [ [ -92.85, 44.05 ], [ -92.75, 44.05 ], [ -92.75, 43.95 ], [ -92.85, 43.95 ], [ -92.85, 44.05 ] ] ] } },
{ "type": "Feature", "properties": { "lat": 44.0, "lng": -92.7 }, "geometry": { "type": "Polygon", "coordinates": [ [ [ -92.75, 44.05 ], [ -92.65, 44.05 ], [ -92.65, 43.95 ], [ -92.75, 43.95 ], [ -92.75, 44.05 ] ] ] } },
{ "type": "Feature", "properties": { "lat": 44.0, "lng": -92.6 }, "geometry": { "type": "Polygon", "coordinates": [ [ [ -92.65, 44.05 ], [ -92.55, 44.05 ], [ -92.55, 43.95 ], [ -92.65, 43.95 ], [ -92.65, 44.05 ] ] ] } },
{ "type": "Feature", "properties": { "lat": 44.0, "lng": -92.5 }, "geometry": { "type": "Polygon", "coordinates": [ [ [ -92.55, 44.05 ], [ -92.45, 44.05 ], [ -92.45, 43.95 ], [ -92.55, 43.95 ], [ -92.55, 44.05 ] ] ] } },
{ "type": "Feature", "properties": { "lat": 44.0, "lng": -92.4 }, "geometry": { "type": "Polygon", "coordinates": [ [ [ -92.45, 44.05 ], [ -92.35, 44.05 ], [ -92.35, 43.95 ], [ -92.45, 43.95 ], [ -92.45, 44.05 ] ] ] } },
{ "type": "Feature", "properties": { "lat": 44.0, "lng": -92.3 }, "geometry": { "type": "Polygon", "coordinates": [ [ [ -92.35, 44.05 ], [ -92.25, 44.05 ], [ -92.25, 43.95 ], [ -92.35, 43.95 ], [ -92.35, 44.05 ] ] ] } },
{ "type": "Feature", "properties": { "lat": 44.0, "lng": -92.2 }, "geometry": { "type": "Polygon", "coordinates": [ [ [ -92.25, 44.05 ], [ -92.15, 44.05 ], [ -92.15, 43.95 ], [ -92.25, 43.95 ], [ -92.25, 44.05 ] ] ] } },
{ "type": "Feature", "properties": { "lat": 44.0, "lng": -92.1 }, "geometry": { "type": "Polygon", "coordinates": [ [ [ -92.15, 44.05 ], [ -92.05, 44.05 ], [ -92.05, 43.95 ], [ -92.15, 43.95 ], [ -92.15, 44.05 ] ] ] } },
{ "type": "Feature", "properties": { "lat": 44.0, "lng": -92.0 }, "geometry": { "type": "Polygon", "coordinates": [ [ [ -92.05, 44.05 ], [ -91.95, 44.05 ], [ -91.95, 43.95 ], [ -92.05, 43.95 ], [ -92.05, 44.05 ] ] ] } },
{ "type": "Feature", "properties": { "lat": 44.0, "lng": -91.9 }, "geometry": { "type": "Polygon", "coordinates": [ [ [ -91.95, 44.05 ], [ -91.85, 44.05 ], [ -91.85, 43.95 ], [ -91.95, 43.95 ], [ -91.95, 44.05 ] ] ] } },
{ "type": "Feature", "properties": { "lat": 44.0, "lng": -91.8 }, "geometry": { "type": "Polygon", "coordinates": [ [ [ -91.85, 44.05 ], [ -91.75, 44.05 ], [ -91.75, 43.95 ], [ -91.85, 43.95 ], [ -91.85, 44.05 ] ] ] } },
{ "type": "Feature", "properties": { "lat": 44.0, "lng": -91.7 }, "geometry": { "type": "Polygon", "coordinates": [ [ [ -91.75, 44.05 ], [ -91.65, 44.05 ], [ -91.65, 43.95 ], [ -91.75, 43.95 ], [ -91.75, 44.05 ] ] ] } },
{ "type": "Feature", "properties": { "lat": 44.0, "lng": -91.6 }, "geometry": { "type": "Polygon", "coordinates": [ [ [ -91.65, 44.05 ], [ -91.55, 44.05 ], [ -91.55, 43.95 ], [ -91.65, 43.95 ], [ -91.65, 44.05 ] ] ] } },
{ "type": "Feature", "properties": { "lat": 44.0, "lng": -91.5 }, "geometry": { "type": "Polygon", "coordinates": [ [ [ -91.55, 44.05 ], [ -91.45, 44.05 ], [ -91.45, 43.95 ], [ -91.55, 43.95 ], [ -91.55, 44.05 ] ] ] } },
{ "type": "Feature", "properties": { "lat": 44.0, "lng": -91.4 }, "geometry": { "type": "Polygon", "coordinates": [ [ [ -91.45, 44.05 ], [ -91.35, 44.05 ], [ -91.35, 43.95 ], [ -91.45, 43.95 ], [ -91.45, 44.05 ] ] ] } },
{ "type": "Feature", "properties": { "lat": 44.0, "lng": -91.3 }, "geometry": { "type": "Polygon", "coordinates": [ [ [ -91.35, 44.05 ], [ -91.25, 44.05 ], [ -91.25, 43.95 ], [ -91.35, 43.95 ], [ -91.35, 44.05 ] ] ] } },
{ "type": "Feature", "properties": { "lat": 44.0, "lng": -91.2 }, "geometry": { "type": "Polygon", "coordinates": [ [ [ -91.25, 44.05 ], [ -91.15, 44.05 ], [ -91.15, 43.95 ], [ -91.25, 43.95 ], [ -91.25, 44.05 ] ] ] } },
{ "type": "Feature", "properties": { "lat": 44.0, "lng": -91.1 }, "geometry": { "type": "Polygon", "coordinates": [ [ [ -91.15, 44.05 ], [ -91.05, 44.05 ], [ -91.05, 43.95 ], [ -91.15, 43.95 ], [ -91.15, 44.05 ] ] ] } },
{ "type": "Feature", "properties": { "lat": 44.0, "lng": -91.0 }, "geometry": { "type": "Polygon", "coordinates": [ [ [ -91.05, 44.05 ], [ -90.95, 44.05 ], [ -90.95, 43.95 ], [ -91.05, 43.95 ], [ -91.05, 44.05 ] ] ] } },
{ "type": "Feature", "properties": { "lat": 44.0, "lng": -90.9 }, "geometry": { "type": "Polygon", "coordinates": [ [ [ -90.95, 44.05 ], [ -90.85, 44.05 ], [ -90.85, 43.95 ], [ -90.95, 43.95 ], [ -90.95, 44.05 ] ] ] } },
{ "type": "Feature", "properties": { "lat": 44.0, "lng": -90.8 }, "geometry": { "type": "Polygon", "coordinates": [ [ [ -90.85, 44.05 ], [ -90.75, 44.05 ], [ -90.75, 43.95 ], [ -90.85, 43.95 ], [ -90.85, 44.05 ] ] ] } },
{ "type": "Feature", "properties": { "lat": 44.0, "lng": -90.7 }, "geometry": { "type": "Polygon", "coordinates": [ [ [ -90.75, 44.05 ], [ -90.65, 44.05 ], [ -90.65, 43.95 ], [ -90.75, 43.95 ], [ -90.75, 44.05 ] ] ] } },
{ "type": "Feature", "properties": { "lat": 44.0, "lng": -90.6 }, "geometry": { "type": "Polygon", "coordinates": [ [ [ -90.65, 44.05 ], [ -90.55, 44.05 ], [ -90.55, 43.95 ], [ -90.65, 43.95 ], [ -90.65, 44.05 ] ] ] } },
{ "type": "Feature", "properties": { "lat": 44.0, "lng": -90.5 }, "geometry": { "type": "Polygon", "coordinates": [ [ [ -90.55, 44.05 ], [ -90.45, 44.05 ], [ -90.45, 43.95 ], [ -90.55, 43.95 ], [ -90.55, 44.05 ] ] ] } },
{ "type": "Feature", "properties": { "lat": 44.0, "lng": -90.4 }, "geometry": { "type": "Polygon", "coordinates": [ [ [ -90.45, 44.05 ], [ -90.35, 44.05 ], [ -90.35, 43.95 ], [ -90.45, 43.95 ], [ -90.45, 44.05 ] ] ] } },
{ "type": "Feature", "properties": { "lat": 44.0, "lng": -90.3 }, "geometry": { "type": "Polygon", "coordinates": [ [ [ -90.35, 44.05 ], [ -90.25, 44.05 ], [ -90.25, 43.95 ], [ -90.35, 43.95 ], [ -90.35, 44.05 ] ] ] } },
{ "type": "Feature", "properties": { "lat": 44.0, "lng": -90.2 }, "geometry": { "type": "Polygon", "coordinates": [ [ [ -90.25, 44.05 ], [ -90.15, 44.05 ], [ -90.15, 43.95 ], [ -90.25, 43.95 ], [ -90.25, 44.05 ] ] ] } },
{ "type": "Feature", "properties": { "lat": 44.0, "lng": -90.1 }, "geometry": { "type": "Polygon", "coordinates": [ [ [ -90.15, 44.05 ], [ -90.05, 44.05 ], [ -90.05, 43.95 ], [ -90.15, 43.95 ], [ -90.15, 44.05 ] ] ] } },
{ "type": "Feature", "properties": { "lat": 44.0, "lng": -90.0 }, "geometry": { "type": "Polygon", "coordinates": [ [ [ -90.05, 44.05 ], [ -89.95, 44.05 ], [ -89.95, 43.95 ], [ -90.05, 43.95 ], [ -90.05, 44.05 ] ] ] } },
{ "type": "Feature", "properties": { "lat": 44.0, "lng": -89.9 }, "geometry": { "type": "Polygon", "coordinates": [ [ [ -89.95, 44.05 ], [ -89.85, 44.05 ], [ -89.85, 43.95 ], [ -89.95, 43.95 ], [ -89.95, 44.05 ] ] ] } },
{ "type": "Feature", "properties": { "lat": 44.0, "lng": -89.8 }, "geometry": { "type": "Polygon", "coordinates": [ [ [ -89.85, 44.05 ], [ -89.75, 44.05 ], [ -89.75, 43.95 ], [ -89.85, 43.95 ], [ -89.85, 44.05 ] ] ] } },
{ "type": "Feature", "properties": { "lat": 44.0, "lng": -89.7 }, "geometry": { "type": "Polygon", "coordinates": [ [ [ -89.75, 44.05 ], [ -89.65, 44.05 ], [ -89.65, 43.95 ], [ -89.75, 43.95 ], [ -89.75, 44.05 ] ] ] } },
{ "type": "Feature", "properties": { "lat": 44.0, "lng": -89.6 }, "geometry": { "type": "Polygon", "coordinates": [ [ [ -89.65, 44.05 ], [ -89.55, 44.05 ], [ -89.55, 43.95 ], [ -89.65, 43.95 ], [ -89.65, 44.05 ] ] ] } },
{ "type": "Feature", "properties": { "lat": 44.0, "lng": -89.5 }, "geometry": { "type": "Polygon", "coordinates": [ [ [ -89.55, 44.05 ], [ -89.45, 44.05 ], [ -89.45, 43.95 ], [ -89.55, 43.95 ], [ -89.55, 44.05 ] ] ] } },
{ "type": "Feature", "properties": { "lat": 44.0, "lng": -89.4 }, "geometry": { "type": "Polygon", "coordinates": [ [ [ -89.45, 44.05 ], [ -89.35, 44.05 ], [ -89.35, 43.95 ], [ -89.45, 43.95 ], [ -89.45, 44.05 ] ] ] } },
{ "type": "Feature", "properties": { "lat": 44.0, "lng": -89.3 }, "geometry": { "type": "Polygon", "coordinates": [ [ [ -89.35, 44.05 ], [ -89.25, 44.05 ], [ -89.25, 43.95 ], [ -89.35, 43.95 ], [ -89.35, 44.05 ] ] ] } },
{ "type": "Feature", "properties": { "lat": 44.0, "lng": -89.2 }, "geometry": { "type": "Polygon", "coordinates": [ [ [ -89.25, 44.05 ], [ -89.15, 44.05 ], [ -89.15, 43.95 ], [ -89.25, 43.95 ], [ -89.25, 44.05 ] ] ] } },
{ "type": "Feature", "properties": { "lat": 44.0, "lng": -89.1 }, "geometry": { "type": "Polygon", "coordinates": [ [ [ -89.15, 44.05 ], [ -89.05, 44.05 ], [ -89.05, 43.95 ], [ -89.15, 43.95 ], [ -89.15, 44.05 ] ] ] } },
{ "type": "Feature", "properties": { "lat": 44.0, "lng": -89.0 }, "geometry": { "type": "Polygon", "coordinates": [ [ [ -89.05, 44.05 ], [ -88.95, 44.05 ], [ -88.95, 43.95 ], [ -89.05, 43.95 ], [ -89.05, 44.05 ] ] ] } },
{ "type": "Feature", "properties": { "lat": 44.0, "lng": -88.9 }, "geometry": { "type": "Polygon", "coordinates": [ [ [ -88.95, 44.05 ], [ -88.85, 44.05 ], [ -88.85, 43.95 ], [ -88.95, 43.95 ], [ -88.95, 44.05 ] ] ] } },
{ "type": "Feature", "properties": { "lat": 44.0, "lng": -88.8 }, "geometry": { "type": "Polygon", "coordinates": [ [ [ -88.85, 44.05 ], [ -88.75, 44.05 ], [ -88.75, 43.95 ], [ -88.85, 43.95 ], [ -88.85, 44.05 ] ] ] } },
{ "type": "Feature", "properties": { "lat": 44.0, "lng": -88.7 }, "geometry": { "type": "Polygon", "coordinates": [ [ [ -88.75, 44.05 ], [ -88.65, 44.05 ], [ -88.65, 43.95 ], [ -88.75, 43.95 ], [ -88.75, 44.05 ] ] ] } },
{ "type": "Feature", "properties": { "lat": 44.0, "lng": -88.6 }, "geometry": { "type": "Polygon", "coordinates": [ [ [ -88.65, 44.05 ], [ -88.55, 44.05 ], [ -88.55, 43.95 ], [ -88.65, 43.95 ], [ -88.65, 44.05 ] ] ] } },
{ "type": "Feature", "properties": { "lat": 44.0, "lng": -88.5 }, "geometry": { "type": "Polygon", "coordinates": [ [ [ -88.55, 44.05 ], [ -88.45, 44.05 ], [ -88.45, 43.95 ], [ -88.55, 43.95 ], [ -88.55, 44.05 ] ] ] } },
{ "type": "Feature", "properties": { "lat": 44.0, "lng": -88.4 }, "geometry": { "type": "Polygon", "coordinates": [ [ [ -88.45, 44.05 ], [ -88.35, 44.05 ], [ -88.35, 43.95 ], [ -88.45, 43.95 ], [ -88.45, 44.05 ] ] ] } },
{ "type": "Feature", "properties": { "lat": 44.0, "lng": -88.3 }, "geometry": { "type": "Polygon", "coordinates": [ [ [ -88.35, 44.05 ], [ -88.25, 44.05 ], [ -88.25, 43.95 ], [ -88.35, 43.95 ], [ -88.35, 44.05 ] ] ] } },
{ "type": "Feature", "properties": { "lat": 44.0, "lng": -88.2 }, "geometry": { "type": "Polygon", "coordinates": [ [ [ -88.25, 44.05 ], [ -88.15, 44.05 ], [ -88.15, 43.95 ], [ -88.25, 43.95 ], [ -88.25, 44.05 ] ] ] } },
{ "type": "Feature", "properties": { "lat": 44.0, "lng": -88.1 }, "geometry": { "type": "Polygon", "coordinates": [ [ [ -88.15, 44.05 ], [ -88.05, 44.05 ], [ -88.05, 43.95 ], [ -88.15, 43.95 ], [ -88.15, 44.05 ] ] ] } },
{ "type": "Feature", "properties": { "lat": 44.0, "lng": -88.0 }, "geometry": { "type": "Polygon", "coordinates": [ [ [ -88.05, 44.05 ], [ -87.95, 44.05 ], [ -87.95, 43.95 ], [ -88.05, 43.95 ], [ -88.05, 44.05 ] ] ] } },
{ "type": "Feature", "properties": { "lat": 44.0, "lng": -87.9 }, "geometry": { "type": "Polygon", "coordinates": [ [ [ -87.95, 44.05 ], [ -87.85, 44.05 ], [ -87.85, 43.95 ], [ -87.95, 43.95 ], [ -87.95, 44.05 ] ] ] } },
{ "type": "Feature", "properties": { "lat": 44.0, "lng": -87.8 }, "geometry": { "type": "Polygon", "coordinates": [ [ [ -87.85, 44.05 ], [ -87.75, 44.05 ], [ -87.75, 43.95 ], [ -87.85, 43.95 ], [ -87.85, 44.05 ] ] ] } },
{ "type": "Feature", "properties": { "lat": 44.0, "lng": -87.7 }, "geometry": { "type": "Polygon", "coordinates": [ [ [ -87.75, 44.05 ], [ -87.65, 44.05 ], [ -87.65, 43.95 ], [ -87.75, 43.95 ], [ -87.75, 44.05 ] ] ] } },
{ "type": "Feature", "properties": { "lat": 44.0, "lng": -87.6 }, "geometry": { "type": "Polygon", "coordinates": [ [ [ -87.65, 44.05 ], [ -87.55, 44.05 ], [ -87.55, 43.95 ], [ -87.65, 43.95 ], [ -87.65, 44.05 ] ] ] } },
{ "type": "Feature", "properties": { "lat": 44.0, "lng": -87.5 }, "geometry": { "type": "Polygon", "coordinates": [ [ [ -87.55, 44.05 ], [ -87.45, 44.05 ], [ -87.45, 43.95 ], [ -87.55, 43.95 ], [ -87.55, 44.05 ] ] ] } },
{ "type": "Feature", "properties": { "lat": 44.0, "lng": -87.4 }, "geometry": { "type": "Polygon", "coordinates": [ [ [ -87.45, 44.05 ], [ -87.35, 44.05 ], [ -87.35, 43.95 ], [ -87.45, 43.95 ], [ -87.45, 44.05 ] ] ] } },
{ "type": "Feature", "properties": { "lat": 44.0, "lng": -87.3 }, "geometry": { "type": "Polygon", "coordinates": [ [ [ -87.35, 44.05 ], [ -87.25, 44.05 ], [ -87.25, 43.95 ], [ -87.35, 43.95 ], [ -87.35, 44.05 ] ] ] } },
{ "type": "Feature", "properties": { "lat": 44.0, "lng": -87.2 }, "geometry": { "type": "Polygon", "coordinates": [ [ [ -87.25, 44.05 ], [ -87.15, 44.05 ], [ -87.15, 43.95 ], [ -87.25, 43.95 ], [ -87.25, 44.05 ] ] ] } },
{ "type": "Feature", "properties": { "lat": 44.0, "lng": -87.1 }, "geometry": { "type": "Polygon", "coordinates": [ [ [ -87.15, 44.05 ], [ -87.05, 44.05 ], [ -87.05, 43.95 ], [ -87.15, 43.95 ], [ -87.15, 44.05 ] ] ] } },
{ "type": "Feature", "properties": { "lat": 44.0, "lng": -87.0 }, "geometry": { "type": "Polygon", "coordinates": [ [ [ -87.05, 44.05 ], [ -86.95, 44.05 ], [ -86.95, 43.95 ], [ -87.05, 43.95 ], [ -87.05, 44.05 ] ] ] } },
{ "type": "Feature", "properties": { "lat": 44.0, "lng": -86.9 }, "geometry": { "type": "Polygon", "coordinates": [ [ [ -86.95, 44.05 ], [ -86.85, 44.05 ], [ -86.85, 43.95 ], [ -86.95, 43.95 ], [ -86.95, 44.05 ] ] ] } },
{ "type": "Feature", "properties": { "lat": 44.0, "lng": -86.8 }, "geometry": { "type": "Polygon", "coordinates": [ [ [ -86.85, 44.05 ], [ -86.75, 44.05 ], [ -86.75, 43.95 ], [ -86.85, 43.95 ], [ -86.85, 44.05 ] ] ] } },
{ "type": "Feature", "properties": { "lat": 44.1, "lng": -93.0 }, "geometry": { "type": "Polygon", "coordinates": [ [ [ -93.05, 44.15 ], [ -92.95, 44.15 ], [ -92.95, 44.05 ], [ -93.05, 44.05 ], [ -93.05, 44.15 ] ] ] } },
{ "type": "Feature", "properties": { "lat": 44.1, "lng": -92.9 }, "geometry": { "type": "Polygon", "coordinates": [ [ [ -92.95, 44.15 ], [ -92.85, 44.15 ], [ -92.85, 44.05 ], [ -92.95, 44.05 ], [ -92.95, 44.15 ] ] ] } },
{ "type": "Feature", "properties": { "lat": 44.1, "lng": -92.8 }, "geometry": { "type": "Polygon", "coordinates": [ [ [ -92.85, 44.15 ], [ -92.75, 44.15 ], [ -92.75, 44.05 ], [ -92.85, 44.05 ], [ -92.85, 44.15 ] ] ] } },
{ "type": "Feature", "properties": { "lat": 44.1, "lng": -92.7 }, "geometry": { "type": "Polygon", "coordinates": [ [ [ -92.75, 44.15 ], [ -92.65, 44.15 ], [ -92.65, 44.05 ], [ -92.75, 44.05 ], [ -92.75, 44.15 ] ] ] } },
{ "type": "Feature", "properties": { "lat": 44.1, "lng": -92.6 }, "geometry": { "type": "Polygon", "coordinates": [ [ [ -92.65, 44.15 ], [ -92.55, 44.15 ], [ -92.55, 44.05 ], [ -92.65, 44.05 ], [ -92.65, 44.15 ] ] ] } },
{ "type": "Feature", "properties": { "lat": 44.1, "lng": -92.5 }, "geometry": { "type": "Polygon", "coordinates": [ [ [ -92.55, 44.15 ], [ -92.45, 44.15 ], [ -92.45, 44.05 ], [ -92.55, 44.05 ], [ -92.55, 44.15 ] ] ] } },
{ "type": "Feature", "properties": { "lat": 44.1, "lng": -92.4 }, "geometry": { "type": "Polygon", "coordinates": [ [ [ -92.45, 44.15 ], [ -92.35, 44.15 ], [ -92.35, 44.05 ], [ -92.45, 44.05 ], [ -92.45, 44.15 ] ] ] } },
{ "type": "Feature", "properties": { "lat": 44.1, "lng": -92.3 }, "geometry": { "type": "Polygon", "coordinates": [ [ [ -92.35, 44.15 ], [ -92.25, 44.15 ], [ -92.25, 44.05 ], [ -92.35, 44.05 ], [ -92.35, 44.15 ] ] ] } },
{ "type": "Feature", "properties": { "lat": 44.1, "lng": -92.2 }, "geometry": { "type": "Polygon", "coordinates": [ [ [ -92.25, 44.15 ], [ -92.15, 44.15 ], [ -92.15, 44.05 ], [ -92.25, 44.05 ], [ -92.25, 44.15 ] ] ] } },
{ "type": "Feature", "properties": { "lat": 44.1, "lng": -92.1 }, "geometry": { "type": "Polygon", "coordinates": [ [ [ -92.15, 44.15 ], [ -92.05, 44.15 ], [ -92.05, 44.05 ], [ -92.15, 44.05 ], [ -92.15, 44.15 ] ] ] } },
{ "type": "Feature", "properties": { "lat": 44.1, "lng": -92.0 }, "geometry": { "type": "Polygon", "coordinates": [ [ [ -92.05, 44.15 ], [ -91.95, 44.15 ], [ -91.95, 44.05 ], [ -92.05, 44.05 ], [ -92.05, 44.15 ] ] ] } },
{ "type": "Feature", "properties": { "lat": 44.1, "lng": -91.9 }, "geometry": { "type": "Polygon", "coordinates": [ [ [ -91.95, 44.15 ], [ -91.85, 44.15 ], [ -91.85, 44.05 ], [ -91.95, 44.05 ], [ -91.95, 44.15 ] ] ] } },
{ "type": "Feature", "properties": { "lat": 44.1, "lng": -91.8 }, "geometry": { "type": "Polygon", "coordinates": [ [ [ -91.85, 44.15 ], [ -91.75, 44.15 ], [ -91.75, 44.05 ], [ -91.85, 44.05 ], [ -91.85, 44.15 ] ] ] } },
{ "type": "Feature", "properties": { "lat": 44.1, "lng": -91.7 }, "geometry": { "type": "Polygon", "coordinates": [ [ [ -91.75, 44.15 ], [ -91.65, 44.15 ], [ -91.65, 44.05 ], [ -91.75, 44.05 ], [ -91.75, 44.15 ] ] ] } },
{ "type": "Feature", "properties": { "lat": 44.1, "lng": -91.6 }, "geometry": { "type": "Polygon", "coordinates": [ [ [ -91.65, 44.15 ], [ -91.55, 44.15 ], [ -91.55, 44.05 ], [ -91.65, 44.05 ], [ -91.65, 44.15 ] ] ] } },
{ "type": "Feature", "properties": { "lat": 44.1, "lng": -91.5 }, "geometry": { "type": "Polygon", "coordinates": [ [ [ -91.55, 44.15 ], [ -91.45, 44.15 ], [ -91.45, 44.05 ], [ -91.55, 44.05 ], [ -91.55, 44.15 ] ] ] } },
{ "type": "Feature", "properties": { "lat": 44.1, "lng": -91.4 }, "geometry": { "type": "Polygon", "coordinates": [ [ [ -91.45, 44.15 ], [ -91.35, 44.15 ], [ -91.35, 44.05 ], [ -91.45, 44.05 ], [ -91.45, 44.15 ] ] ] } },
{ "type": "Feature", "properties": { "lat": 44.1, "lng": -91.3 }, "geometry": { "type": "Polygon", "coordinates": [ [ [ -91.35, 44.15 ], [ -91.25, 44.15 ], [ -91.25, 44.05 ], [ -91.35, 44.05 ], [ -91.35, 44.15 ] ] ] } },
{ "type": "Feature", "properties": { "lat": 44.1, "lng": -91.2 }, "geometry": { "type": "Polygon", "coordinates": [ [ [ -91.25, 44.15 ], [ -91.15, 44.15 ], [ -91.15, 44.05 ], [ -91.25, 44.05 ], [ -91.25, 44.15 ] ] ] } },
{ "type": "Feature", "properties": { "lat": 44.1, "lng": -91.1 }, "geometry": { "type": "Polygon", "coordinates": [ [ [ -91.15, 44.15 ], [ -91.05, 44.15 ], [ -91.05, 44.05 ], [ -91.15, 44.05 ], [ -91.15, 44.15 ] ] ] } },
{ "type": "Feature", "properties": { "lat": 44.1, "lng": -91.0 }, "geometry": { "type": "Polygon", "coordinates": [ [ [ -91.05, 44.15 ], [ -90.95, 44.15 ], [ -90.95, 44.05 ], [ -91.05, 44.05 ], [ -91.05, 44.15 ] ] ] } },
{ "type": "Feature", "properties": { "lat": 44.1, "lng": -90.9 }, "geometry": { "type": "Polygon", "coordinates": [ [ [ -90.95, 44.15 ], [ -90.85, 44.15 ], [ -90.85, 44.05 ], [ -90.95, 44.05 ], [ -90.95, 44.15 ] ] ] } },
{ "type": "Feature", "properties": { "lat": 44.1, "lng": -90.8 }, "geometry": { "type": "Polygon", "coordinates": [ [ [ -90.85, 44.15 ], [ -90.75, 44.15 ], [ -90.75, 44.05 ], [ -90.85, 44.05 ], [ -90.85, 44.15 ] ] ] } },
{ "type": "Feature", "properties": { "lat": 44.1, "lng": -90.7 }, "geometry": { "type": "Polygon", "coordinates": [ [ [ -90.75, 44.15 ], [ -90.65, 44.15 ], [ -90.65, 44.05 ], [ -90.75, 44.05 ], [ -90.75, 44.15 ] ] ] } },
{ "type": "Feature", "properties": { "lat": 44.1, "lng": -90.6 }, "geometry": { "type": "Polygon", "coordinates": [ [ [ -90.65, 44.15 ], [ -90.55, 44.15 ], [ -90.55, 44.05 ], [ -90.65, 44.05 ], [ -90.65, 44.15 ] ] ] } },
{ "type": "Feature", "properties": { "lat": 44.1, "lng": -90.5 }, "geometry": { "type": "Polygon", "coordinates": [ [ [ -90.55, 44.15 ], [ -90.45, 44.15 ], [ -90.45, 44.05 ], [ -90.55, 44.05 ], [ -90.55, 44.15 ] ] ] } },
{ "type": "Feature", "properties": { "lat": 44.1, "lng": -90.4 }, "geometry": { "type": "Polygon", "coordinates": [ [ [ -90.45, 44.15 ], [ -90.35, 44.15 ], [ -90.35, 44.05 ], [ -90.45, 44.05 ], [ -90.45, 44.15 ] ] ] } },
{ "type": "Feature", "properties": { "lat": 44.1, "lng": -90.3 }, "geometry": { "type": "Polygon", "coordinates": [ [ [ -90.35, 44.15 ], [ -90.25, 44.15 ], [ -90.25, 44.05 ], [ -90.35, 44.05 ], [ -90.35, 44.15 ] ] ] } },
{ "type": "Feature", "properties": { "lat": 44.1, "lng": -90.2 }, "geometry": { "type": "Polygon", "coordinates": [ [ [ -90.25, 44.15 ], [ -90.15, 44.15 ], [ -90.15, 44.05 ], [ -90.25, 44.05 ], [ -90.25, 44.15 ] ] ] } },
{ "type": "Feature", "properties": { "lat": 44.1, "lng": -90.1 }, "geometry": { "type": "Polygon", "coordinates": [ [ [ -90.15, 44.15 ], [ -90.05, 44.15 ], [ -90.05, 44.05 ], [ -90.15, 44.05 ], [ -90.15, 44.15 ] ] ] } },
{ "type": "Feature", "properties": { "lat": 44.1, "lng": -90.0 }, "geometry": { "type": "Polygon", "coordinates": [ [ [ -90.05, 44.15 ], [ -89.95, 44.15 ], [ -89.95, 44.05 ], [ -90.05, 44.05 ], [ -90.05, 44.15 ] ] ] } },
{ "type": "Feature", "properties": { "lat": 44.1, "lng": -89.9 }, "geometry": { "type": "Polygon", "coordinates": [ [ [ -89.95, 44.15 ], [ -89.85, 44.15 ], [ -89.85, 44.05 ], [ -89.95, 44.05 ], [ -89.95, 44.15 ] ] ] } },
{ "type": "Feature", "properties": { "lat": 44.1, "lng": -89.8 }, "geometry": { "type": "Polygon", "coordinates": [ [ [ -89.85, 44.15 ], [ -89.75, 44.15 ], [ -89.75, 44.05 ], [ -89.85, 44.05 ], [ -89.85, 44.15 ] ] ] } },
{ "type": "Feature", "properties": { "lat": 44.1, "lng": -89.7 }, "geometry": { "type": "Polygon", "coordinates": [ [ [ -89.75, 44.15 ], [ -89.65, 44.15 ], [ -89.65, 44.05 ], [ -89.75, 44.05 ], [ -89.75, 44.15 ] ] ] } },
{ "type": "Feature", "properties": { "lat": 44.1, "lng": -89.6 }, "geometry": { "type": "Polygon", "coordinates": [ [ [ -89.65, 44.15 ], [ -89.55, 44.15 ], [ -89.55, 44.05 ], [ -89.65, 44.05 ], [ -89.65, 44.15 ] ] ] } },
{ "type": "Feature", "properties": { "lat": 44.1, "lng": -89.5 }, "geometry": { "type": "Polygon", "coordinates": [ [ [ -89.55, 44.15 ], [ -89.45, 44.15 ], [ -89.45, 44.05 ], [ -89.55, 44.05 ], [ -89.55, 44.15 ] ] ] } },
{ "type": "Feature", "properties": { "lat": 44.1, "lng": -89.4 }, "geometry": { "type": "Polygon", "coordinates": [ [ [ -89.45, 44.15 ], [ -89.35, 44.15 ], [ -89.35, 44.05 ], [ -89.45, 44.05 ], [ -89.45, 44.15 ] ] ] } },
{ "type": "Feature", "properties": { "lat": 44.1, "lng": -89.3 }, "geometry": { "type": "Polygon", "coordinates": [ [ [ -89.35, 44.15 ], [ -89.25, 44.15 ], [ -89.25, 44.05 ], [ -89.35, 44.05 ], [ -89.35, 44.15 ] ] ] } },
{ "type": "Feature", "properties": { "lat": 44.1, "lng": -89.2 }, "geometry": { "type": "Polygon", "coordinates": [ [ [ -89.25, 44.15 ], [ -89.15, 44.15 ], [ -89.15, 44.05 ], [ -89.25, 44.05 ], [ -89.25, 44.15 ] ] ] } },
{ "type": "Feature", "properties": { "lat": 44.1, "lng": -89.1 }, "geometry": { "type": "Polygon", "coordinates": [ [ [ -89.15, 44.15 ], [ -89.05, 44.15 ], [ -89.05, 44.05 ], [ -89.15, 44.05 ], [ -89.15, 44.15 ] ] ] } },
{ "type": "Feature", "properties": { "lat": 44.1, "lng": -89.0 }, "geometry": { "type": "Polygon", "coordinates": [ [ [ -89.05, 44.15 ], [ -88.95, 44.15 ], [ -88.95, 44.05 ], [ -89.05, 44.05 ], [ -89.05, 44.15 ] ] ] } },
{ "type": "Feature", "properties": { "lat": 44.1, "lng": -88.9 }, "geometry": { "type": "Polygon", "coordinates": [ [ [ -88.95, 44.15 ], [ -88.85, 44.15 ], [ -88.85, 44.05 ], [ -88.95, 44.05 ], [ -88.95, 44.15 ] ] ] } },
{ "type": "Feature", "properties": { "lat": 44.1, "lng": -88.8 }, "geometry": { "type": "Polygon", "coordinates": [ [ [ -88.85, 44.15 ], [ -88.75, 44.15 ], [ -88.75, 44.05 ], [ -88.85, 44.05 ], [ -88.85, 44.15 ] ] ] } },
{ "type": "Feature", "properties": { "lat": 44.1, "lng": -88.7 }, "geometry": { "type": "Polygon", "coordinates": [ [ [ -88.75, 44.15 ], [ -88.65, 44.15 ], [ -88.65, 44.05 ], [ -88.75, 44.05 ], [ -88.75, 44.15 ] ] ] } },
{ "type": "Feature", "properties": { "lat": 44.1, "lng": -88.6 }, "geometry": { "type": "Polygon", "coordinates": [ [ [ -88.65, 44.15 ], [ -88.55, 44.15 ], [ -88.55, 44.05 ], [ -88.65, 44.05 ], [ -88.65, 44.15 ] ] ] } },
{ "type": "Feature", "properties": { "lat": 44.1, "lng": -88.5 }, "geometry": { "type": "Polygon", "coordinates": [ [ [ -88.55, 44.15 ], [ -88.45, 44.15 ], [ -88.45, 44.05 ], [ -88.55, 44.05 ], [ -88.55, 44.15 ] ] ] } },
{ "type": "Feature", "properties": { "lat": 44.1, "lng": -88.4 }, "geometry": { "type": "Polygon", "coordinates": [ [ [ -88.45, 44.15 ], [ -88.35, 44.15 ], [ -88.35, 44.05 ], [ -88.45, 44.05 ], [ -88.45, 44.15 ] ] ] } },
{ "type": "Feature", "properties": { "lat": 44.1, "lng": -88.3 }, "geometry": { "type": "Polygon", "coordinates": [ [ [ -88.35, 44.15 ], [ -88.25, 44.15 ], [ -88.25, 44.05 ], [ -88.35, 44.05 ], [ -88.35, 44.15 ] ] ] } },
{ "type": "Feature", "properties": { "lat": 44.1, "lng": -88.2 }, "geometry": { "type": "Polygon", "coordinates": [ [ [ -88.25, 44.15 ], [ -88.15, 44.15 ], [ -88.15, 44.05 ], [ -88.25, 44.05 ], [ -88.25, 44.15 ] ] ] } },
{ "type": "Feature", "properties": { "lat": 44.1, "lng": -88.1 }, "geometry": { "type": "Polygon", "coordinates": [ [ [ -88.15, 44.15 ], [ -88.05, 44.15 ], [ -88.05, 44.05 ], [ -88.15, 44.05 ], [ -88.15, 44.15 ] ] ] } },
{ "type": "Feature", "properties": { "lat": 44.1, "lng": -88.0 }, "geometry": { "type": "Polygon", "coordinates": [ [ [ -88.05, 44.15 ], [ -87.95, 44.15 ], [ -87.95, 44.05 ], [ -88.05, 44.05 ], [ -88.05, 44.15 ] ] ] } },
{ "type": "Feature", "properties": { "lat": 44.1, "lng": -87.9 }, "geometry": { "type": "Polygon", "coordinates": [ [ [ -87.95, 44.15 ], [ -87.85, 44.15 ], [ -87.85, 44.05 ], [ -87.95, 44.05 ], [ -87.95, 44.15 ] ] ] } },
{ "type": "Feature", "properties": { "lat": 44.1, "lng": -87.8 }, "geometry": { "type": "Polygon", "coordinates": [ [ [ -87.85, 44.15 ], [ -87.75, 44.15 ], [ -87.75, 44.05 ], [ -87.85, 44.05 ], [ -87.85, 44.15 ] ] ] } },
{ "type": "Feature", "properties": { "lat": 44.1, "lng": -87.7 }, "geometry": { "type": "Polygon", "coordinates": [ [ [ -87.75, 44.15 ], [ -87.65, 44.15 ], [ -87.65, 44.05 ], [ -87.75, 44.05 ], [ -87.75, 44.15 ] ] ] } },
{ "type": "Feature", "properties": { "lat": 44.1, "lng": -87.6 }, "geometry": { "type": "Polygon", "coordinates": [ [ [ -87.65, 44.15 ], [ -87.55, 44.15 ], [ -87.55, 44.05 ], [ -87.65, 44.05 ], [ -87.65, 44.15 ] ] ] } },
{ "type": "Feature", "properties": { "lat": 44.1, "lng": -87.5 }, "geometry": { "type": "Polygon", "coordinates": [ [ [ -87.55, 44.15 ], [ -87.45, 44.15 ], [ -87.45, 44.05 ], [ -87.55, 44.05 ], [ -87.55, 44.15 ] ] ] } },
{ "type": "Feature", "properties": { "lat": 44.1, "lng": -87.4 }, "geometry": { "type": "Polygon", "coordinates": [ [ [ -87.45, 44.15 ], [ -87.35, 44.15 ], [ -87.35, 44.05 ], [ -87.45, 44.05 ], [ -87.45, 44.15 ] ] ] } },
{ "type": "Feature", "properties": { "lat": 44.1, "lng": -87.3 }, "geometry": { "type": "Polygon", "coordinates": [ [ [ -87.35, 44.15 ], [ -87.25, 44.15 ], [ -87.25, 44.05 ], [ -87.35, 44.05 ], [ -87.35, 44.15 ] ] ] } },
{ "type": "Feature", "properties": { "lat": 44.1, "lng": -87.2 }, "geometry": { "type": "Polygon", "coordinates": [ [ [ -87.25, 44.15 ], [ -87.15, 44.15 ], [ -87.15, 44.05 ], [ -87.25, 44.05 ], [ -87.25, 44.15 ] ] ] } },
{ "type": "Feature", "properties": { "lat": 44.1, "lng": -87.1 }, "geometry": { "type": "Polygon", "coordinates": [ [ [ -87.15, 44.15 ], [ -87.05, 44.15 ], [ -87.05, 44.05 ], [ -87.15, 44.05 ], [ -87.15, 44.15 ] ] ] } },
{ "type": "Feature", "properties": { "lat": 44.1, "lng": -87.0 }, "geometry": { "type": "Polygon", "coordinates": [ [ [ -87.05, 44.15 ], [ -86.95, 44.15 ], [ -86.95, 44.05 ], [ -87.05, 44.05 ], [ -87.05, 44.15 ] ] ] } },
{ "type": "Feature", "properties": { "lat": 44.1, "lng": -86.9 }, "geometry": { "type": "Polygon", "coordinates": [ [ [ -86.95, 44.15 ], [ -86.85, 44.15 ], [ -86.85, 44.05 ], [ -86.95, 44.05 ], [ -86.95, 44.15 ] ] ] } },
{ "type": "Feature", "properties": { "lat": 44.1, "lng": -86.8 }, "geometry": { "type": "Polygon", "coordinates": [ [ [ -86.85, 44.15 ], [ -86.75, 44.15 ], [ -86.75, 44.05 ], [ -86.85, 44.05 ], [ -86.85, 44.15 ] ] ] } },
{ "type": "Feature", "properties": { "lat": 44.2, "lng": -93.0 }, "geometry": { "type": "Polygon", "coordinates": [ [ [ -93.05, 44.25 ], [ -92.95, 44.25 ], [ -92.95, 44.15 ], [ -93.05, 44.15 ], [ -93.05, 44.25 ] ] ] } },
{ "type": "Feature", "properties": { "lat": 44.2, "lng": -92.9 }, "geometry": { "type": "Polygon", "coordinates": [ [ [ -92.95, 44.25 ], [ -92.85, 44.25 ], [ -92.85, 44.15 ], [ -92.95, 44.15 ], [ -92.95, 44.25 ] ] ] } },
{ "type": "Feature", "properties": { "lat": 44.2, "lng": -92.8 }, "geometry": { "type": "Polygon", "coordinates": [ [ [ -92.85, 44.25 ], [ -92.75, 44.25 ], [ -92.75, 44.15 ], [ -92.85, 44.15 ], [ -92.85, 44.25 ] ] ] } },
{ "type": "Feature", "properties": { "lat": 44.2, "lng": -92.7 }, "geometry": { "type": "Polygon", "coordinates": [ [ [ -92.75, 44.25 ], [ -92.65, 44.25 ], [ -92.65, 44.15 ], [ -92.75, 44.15 ], [ -92.75, 44.25 ] ] ] } },
{ "type": "Feature", "properties": { "lat": 44.2, "lng": -92.6 }, "geometry": { "type": "Polygon", "coordinates": [ [ [ -92.65, 44.25 ], [ -92.55, 44.25 ], [ -92.55, 44.15 ], [ -92.65, 44.15 ], [ -92.65, 44.25 ] ] ] } },
{ "type": "Feature", "properties": { "lat": 44.2, "lng": -92.5 }, "geometry": { "type": "Polygon", "coordinates": [ [ [ -92.55, 44.25 ], [ -92.45, 44.25 ], [ -92.45, 44.15 ], [ -92.55, 44.15 ], [ -92.55, 44.25 ] ] ] } },
{ "type": "Feature", "properties": { "lat": 44.2, "lng": -92.4 }, "geometry": { "type": "Polygon", "coordinates": [ [ [ -92.45, 44.25 ], [ -92.35, 44.25 ], [ -92.35, 44.15 ], [ -92.45, 44.15 ], [ -92.45, 44.25 ] ] ] } },
{ "type": "Feature", "properties": { "lat": 44.2, "lng": -92.3 }, "geometry": { "type": "Polygon", "coordinates": [ [ [ -92.35, 44.25 ], [ -92.25, 44.25 ], [ -92.25, 44.15 ], [ -92.35, 44.15 ], [ -92.35, 44.25 ] ] ] } },
{ "type": "Feature", "properties": { "lat": 44.2, "lng": -92.2 }, "geometry": { "type": "Polygon", "coordinates": [ [ [ -92.25, 44.25 ], [ -92.15, 44.25 ], [ -92.15, 44.15 ], [ -92.25, 44.15 ], [ -92.25, 44.25 ] ] ] } },
{ "type": "Feature", "properties": { "lat": 44.2, "lng": -92.1 }, "geometry": { "type": "Polygon", "coordinates": [ [ [ -92.15, 44.25 ], [ -92.05, 44.25 ], [ -92.05, 44.15 ], [ -92.15, 44.15 ], [ -92.15, 44.25 ] ] ] } },
{ "type": "Feature", "properties": { "lat": 44.2, "lng": -92.0 }, "geometry": { "type": "Polygon", "coordinates": [ [ [ -92.05, 44.25 ], [ -91.95, 44.25 ], [ -91.95, 44.15 ], [ -92.05, 44.15 ], [ -92.05, 44.25 ] ] ] } },
{ "type": "Feature", "properties": { "lat": 44.2, "lng": -91.9 }, "geometry": { "type": "Polygon", "coordinates": [ [ [ -91.95, 44.25 ], [ -91.85, 44.25 ], [ -91.85, 44.15 ], [ -91.95, 44.15 ], [ -91.95, 44.25 ] ] ] } },
{ "type": "Feature", "properties": { "lat": 44.2, "lng": -91.8 }, "geometry": { "type": "Polygon", "coordinates": [ [ [ -91.85, 44.25 ], [ -91.75, 44.25 ], [ -91.75, 44.15 ], [ -91.85, 44.15 ], [ -91.85, 44.25 ] ] ] } },
{ "type": "Feature", "properties": { "lat": 44.2, "lng": -91.7 }, "geometry": { "type": "Polygon", "coordinates": [ [ [ -91.75, 44.25 ], [ -91.65, 44.25 ], [ -91.65, 44.15 ], [ -91.75, 44.15 ], [ -91.75, 44.25 ] ] ] } },
{ "type": "Feature", "properties": { "lat": 44.2, "lng": -91.6 }, "geometry": { "type": "Polygon", "coordinates": [ [ [ -91.65, 44.25 ], [ -91.55, 44.25 ], [ -91.55, 44.15 ], [ -91.65, 44.15 ], [ -91.65, 44.25 ] ] ] } },
{ "type": "Feature", "properties": { "lat": 44.2, "lng": -91.5 }, "geometry": { "type": "Polygon", "coordinates": [ [ [ -91.55, 44.25 ], [ -91.45, 44.25 ], [ -91.45, 44.15 ], [ -91.55, 44.15 ], [ -91.55, 44.25 ] ] ] } },
{ "type": "Feature", "properties": { "lat": 44.2, "lng": -91.4 }, "geometry": { "type": "Polygon", "coordinates": [ [ [ -91.45, 44.25 ], [ -91.35, 44.25 ], [ -91.35, 44.15 ], [ -91.45, 44.15 ], [ -91.45, 44.25 ] ] ] } },
{ "type": "Feature", "properties": { "lat": 44.2, "lng": -91.3 }, "geometry": { "type": "Polygon", "coordinates": [ [ [ -91.35, 44.25 ], [ -91.25, 44.25 ], [ -91.25, 44.15 ], [ -91.35, 44.15 ], [ -91.35, 44.25 ] ] ] } },
{ "type": "Feature", "properties": { "lat": 44.2, "lng": -91.2 }, "geometry": { "type": "Polygon", "coordinates": [ [ [ -91.25, 44.25 ], [ -91.15, 44.25 ], [ -91.15, 44.15 ], [ -91.25, 44.15 ], [ -91.25, 44.25 ] ] ] } },
{ "type": "Feature", "properties": { "lat": 44.2, "lng": -91.1 }, "geometry": { "type": "Polygon", "coordinates": [ [ [ -91.15, 44.25 ], [ -91.05, 44.25 ], [ -91.05, 44.15 ], [ -91.15, 44.15 ], [ -91.15, 44.25 ] ] ] } },
{ "type": "Feature", "properties": { "lat": 44.2, "lng": -91.0 }, "geometry": { "type": "Polygon", "coordinates": [ [ [ -91.05, 44.25 ], [ -90.95, 44.25 ], [ -90.95, 44.15 ], [ -91.05, 44.15 ], [ -91.05, 44.25 ] ] ] } },
{ "type": "Feature", "properties": { "lat": 44.2, "lng": -90.9 }, "geometry": { "type": "Polygon", "coordinates": [ [ [ -90.95, 44.25 ], [ -90.85, 44.25 ], [ -90.85, 44.15 ], [ -90.95, 44.15 ], [ -90.95, 44.25 ] ] ] } },
{ "type": "Feature", "properties": { "lat": 44.2, "lng": -90.8 }, "geometry": { "type": "Polygon", "coordinates": [ [ [ -90.85, 44.25 ], [ -90.75, 44.25 ], [ -90.75, 44.15 ], [ -90.85, 44.15 ], [ -90.85, 44.25 ] ] ] } },
{ "type": "Feature", "properties": { "lat": 44.2, "lng": -90.7 }, "geometry": { "type": "Polygon", "coordinates": [ [ [ -90.75, 44.25 ], [ -90.65, 44.25 ], [ -90.65, 44.15 ], [ -90.75, 44.15 ], [ -90.75, 44.25 ] ] ] } },
{ "type": "Feature", "properties": { "lat": 44.2, "lng": -90.6 }, "geometry": { "type": "Polygon", "coordinates": [ [ [ -90.65, 44.25 ], [ -90.55, 44.25 ], [ -90.55, 44.15 ], [ -90.65, 44.15 ], [ -90.65, 44.25 ] ] ] } },
{ "type": "Feature", "properties": { "lat": 44.2, "lng": -90.5 }, "geometry": { "type": "Polygon", "coordinates": [ [ [ -90.55, 44.25 ], [ -90.45, 44.25 ], [ -90.45, 44.15 ], [ -90.55, 44.15 ], [ -90.55, 44.25 ] ] ] } },
{ "type": "Feature", "properties": { "lat": 44.2, "lng": -90.4 }, "geometry": { "type": "Polygon", "coordinates": [ [ [ -90.45, 44.25 ], [ -90.35, 44.25 ], [ -90.35, 44.15 ], [ -90.45, 44.15 ], [ -90.45, 44.25 ] ] ] } },
{ "type": "Feature", "properties": { "lat": 44.2, "lng": -90.3 }, "geometry": { "type": "Polygon", "coordinates": [ [ [ -90.35, 44.25 ], [ -90.25, 44.25 ], [ -90.25, 44.15 ], [ -90.35, 44.15 ], [ -90.35, 44.25 ] ] ] } },
{ "type": "Feature", "properties": { "lat": 44.2, "lng": -90.2 }, "geometry": { "type": "Polygon", "coordinates": [ [ [ -90.25, 44.25 ], [ -90.15, 44.25 ], [ -90.15, 44.15 ], [ -90.25, 44.15 ], [ -90.25, 44.25 ] ] ] } },
{ "type": "Feature", "properties": { "lat": 44.2, "lng": -90.1 }, "geometry": { "type": "Polygon", "coordinates": [ [ [ -90.15, 44.25 ], [ -90.05, 44.25 ], [ -90.05, 44.15 ], [ -90.15, 44.15 ], [ -90.15, 44.25 ] ] ] } },
{ "type": "Feature", "properties": { "lat": 44.2, "lng": -90.0 }, "geometry": { "type": "Polygon", "coordinates": [ [ [ -90.05, 44.25 ], [ -89.95, 44.25 ], [ -89.95, 44.15 ], [ -90.05, 44.15 ], [ -90.05, 44.25 ] ] ] } },
{ "type": "Feature", "properties": { "lat": 44.2, "lng": -89.9 }, "geometry": { "type": "Polygon", "coordinates": [ [ [ -89.95, 44.25 ], [ -89.85, 44.25 ], [ -89.85, 44.15 ], [ -89.95, 44.15 ], [ -89.95, 44.25 ] ] ] } },
{ "type": "Feature", "properties": { "lat": 44.2, "lng": -89.8 }, "geometry": { "type": "Polygon", "coordinates": [ [ [ -89.85, 44.25 ], [ -89.75, 44.25 ], [ -89.75, 44.15 ], [ -89.85, 44.15 ], [ -89.85, 44.25 ] ] ] } },
{ "type": "Feature", "properties": { "lat": 44.2, "lng": -89.7 }, "geometry": { "type": "Polygon", "coordinates": [ [ [ -89.75, 44.25 ], [ -89.65, 44.25 ], [ -89.65, 44.15 ], [ -89.75, 44.15 ], [ -89.75, 44.25 ] ] ] } },
{ "type": "Feature", "properties": { "lat": 44.2, "lng": -89.6 }, "geometry": { "type": "Polygon", "coordinates": [ [ [ -89.65, 44.25 ], [ -89.55, 44.25 ], [ -89.55, 44.15 ], [ -89.65, 44.15 ], [ -89.65, 44.25 ] ] ] } },
{ "type": "Feature", "properties": { "lat": 44.2, "lng": -89.5 }, "geometry": { "type": "Polygon", "coordinates": [ [ [ -89.55, 44.25 ], [ -89.45, 44.25 ], [ -89.45, 44.15 ], [ -89.55, 44.15 ], [ -89.55, 44.25 ] ] ] } },
{ "type": "Feature", "properties": { "lat": 44.2, "lng": -89.4 }, "geometry": { "type": "Polygon", "coordinates": [ [ [ -89.45, 44.25 ], [ -89.35, 44.25 ], [ -89.35, 44.15 ], [ -89.45, 44.15 ], [ -89.45, 44.25 ] ] ] } },
{ "type": "Feature", "properties": { "lat": 44.2, "lng": -89.3 }, "geometry": { "type": "Polygon", "coordinates": [ [ [ -89.35, 44.25 ], [ -89.25, 44.25 ], [ -89.25, 44.15 ], [ -89.35, 44.15 ], [ -89.35, 44.25 ] ] ] } },
{ "type": "Feature", "properties": { "lat": 44.2, "lng": -89.2 }, "geometry": { "type": "Polygon", "coordinates": [ [ [ -89.25, 44.25 ], [ -89.15, 44.25 ], [ -89.15, 44.15 ], [ -89.25, 44.15 ], [ -89.25, 44.25 ] ] ] } },
{ "type": "Feature", "properties": { "lat": 44.2, "lng": -89.1 }, "geometry": { "type": "Polygon", "coordinates": [ [ [ -89.15, 44.25 ], [ -89.05, 44.25 ], [ -89.05, 44.15 ], [ -89.15, 44.15 ], [ -89.15, 44.25 ] ] ] } },
{ "type": "Feature", "properties": { "lat": 44.2, "lng": -89.0 }, "geometry": { "type": "Polygon", "coordinates": [ [ [ -89.05, 44.25 ], [ -88.95, 44.25 ], [ -88.95, 44.15 ], [ -89.05, 44.15 ], [ -89.05, 44.25 ] ] ] } },
{ "type": "Feature", "properties": { "lat": 44.2, "lng": -88.9 }, "geometry": { "type": "Polygon", "coordinates": [ [ [ -88.95, 44.25 ], [ -88.85, 44.25 ], [ -88.85, 44.15 ], [ -88.95, 44.15 ], [ -88.95, 44.25 ] ] ] } },
{ "type": "Feature", "properties": { "lat": 44.2, "lng": -88.8 }, "geometry": { "type": "Polygon", "coordinates": [ [ [ -88.85, 44.25 ], [ -88.75, 44.25 ], [ -88.75, 44.15 ], [ -88.85, 44.15 ], [ -88.85, 44.25 ] ] ] } },
{ "type": "Feature", "properties": { "lat": 44.2, "lng": -88.7 }, "geometry": { "type": "Polygon", "coordinates": [ [ [ -88.75, 44.25 ], [ -88.65, 44.25 ], [ -88.65, 44.15 ], [ -88.75, 44.15 ], [ -88.75, 44.25 ] ] ] } },
{ "type": "Feature", "properties": { "lat": 44.2, "lng": -88.6 }, "geometry": { "type": "Polygon", "coordinates": [ [ [ -88.65, 44.25 ], [ -88.55, 44.25 ], [ -88.55, 44.15 ], [ -88.65, 44.15 ], [ -88.65, 44.25 ] ] ] } },
{ "type": "Feature", "properties": { "lat": 44.2, "lng": -88.5 }, "geometry": { "type": "Polygon", "coordinates": [ [ [ -88.55, 44.25 ], [ -88.45, 44.25 ], [ -88.45, 44.15 ], [ -88.55, 44.15 ], [ -88.55, 44.25 ] ] ] } },
{ "type": "Feature", "properties": { "lat": 44.2, "lng": -88.4 }, "geometry": { "type": "Polygon", "coordinates": [ [ [ -88.45, 44.25 ], [ -88.35, 44.25 ], [ -88.35, 44.15 ], [ -88.45, 44.15 ], [ -88.45, 44.25 ] ] ] } },
{ "type": "Feature", "properties": { "lat": 44.2, "lng": -88.3 }, "geometry": { "type": "Polygon", "coordinates": [ [ [ -88.35, 44.25 ], [ -88.25, 44.25 ], [ -88.25, 44.15 ], [ -88.35, 44.15 ], [ -88.35, 44.25 ] ] ] } },
{ "type": "Feature", "properties": { "lat": 44.2, "lng": -88.2 }, "geometry": { "type": "Polygon", "coordinates": [ [ [ -88.25, 44.25 ], [ -88.15, 44.25 ], [ -88.15, 44.15 ], [ -88.25, 44.15 ], [ -88.25, 44.25 ] ] ] } },
{ "type": "Feature", "properties": { "lat": 44.2, "lng": -88.1 }, "geometry": { "type": "Polygon", "coordinates": [ [ [ -88.15, 44.25 ], [ -88.05, 44.25 ], [ -88.05, 44.15 ], [ -88.15, 44.15 ], [ -88.15, 44.25 ] ] ] } },
{ "type": "Feature", "properties": { "lat": 44.2, "lng": -88.0 }, "geometry": { "type": "Polygon", "coordinates": [ [ [ -88.05, 44.25 ], [ -87.95, 44.25 ], [ -87.95, 44.15 ], [ -88.05, 44.15 ], [ -88.05, 44.25 ] ] ] } },
{ "type": "Feature", "properties": { "lat": 44.2, "lng": -87.9 }, "geometry": { "type": "Polygon", "coordinates": [ [ [ -87.95, 44.25 ], [ -87.85, 44.25 ], [ -87.85, 44.15 ], [ -87.95, 44.15 ], [ -87.95, 44.25 ] ] ] } },
{ "type": "Feature", "properties": { "lat": 44.2, "lng": -87.8 }, "geometry": { "type": "Polygon", "coordinates": [ [ [ -87.85, 44.25 ], [ -87.75, 44.25 ], [ -87.75, 44.15 ], [ -87.85, 44.15 ], [ -87.85, 44.25 ] ] ] } },
{ "type": "Feature", "properties": { "lat": 44.2, "lng": -87.7 }, "geometry": { "type": "Polygon", "coordinates": [ [ [ -87.75, 44.25 ], [ -87.65, 44.25 ], [ -87.65, 44.15 ], [ -87.75, 44.15 ], [ -87.75, 44.25 ] ] ] } },
{ "type": "Feature", "properties": { "lat": 44.2, "lng": -87.6 }, "geometry": { "type": "Polygon", "coordinates": [ [ [ -87.65, 44.25 ], [ -87.55, 44.25 ], [ -87.55, 44.15 ], [ -87.65, 44.15 ], [ -87.65, 44.25 ] ] ] } },
{ "type": "Feature", "properties": { "lat": 44.2, "lng": -87.5 }, "geometry": { "type": "Polygon", "coordinates": [ [ [ -87.55, 44.25 ], [ -87.45, 44.25 ], [ -87.45, 44.15 ], [ -87.55, 44.15 ], [ -87.55, 44.25 ] ] ] } },
{ "type": "Feature", "properties": { "lat": 44.2, "lng": -87.4 }, "geometry": { "type": "Polygon", "coordinates": [ [ [ -87.45, 44.25 ], [ -87.35, 44.25 ], [ -87.35, 44.15 ], [ -87.45, 44.15 ], [ -87.45, 44.25 ] ] ] } },
{ "type": "Feature", "properties": { "lat": 44.2, "lng": -87.3 }, "geometry": { "type": "Polygon", "coordinates": [ [ [ -87.35, 44.25 ], [ -87.25, 44.25 ], [ -87.25, 44.15 ], [ -87.35, 44.15 ], [ -87.35, 44.25 ] ] ] } },
{ "type": "Feature", "properties": { "lat": 44.2, "lng": -87.2 }, "geometry": { "type": "Polygon", "coordinates": [ [ [ -87.25, 44.25 ], [ -87.15, 44.25 ], [ -87.15, 44.15 ], [ -87.25, 44.15 ], [ -87.25, 44.25 ] ] ] } },
{ "type": "Feature", "properties": { "lat": 44.2, "lng": -87.1 }, "geometry": { "type": "Polygon", "coordinates": [ [ [ -87.15, 44.25 ], [ -87.05, 44.25 ], [ -87.05, 44.15 ], [ -87.15, 44.15 ], [ -87.15, 44.25 ] ] ] } },
{ "type": "Feature", "properties": { "lat": 44.2, "lng": -87.0 }, "geometry": { "type": "Polygon", "coordinates": [ [ [ -87.05, 44.25 ], [ -86.95, 44.25 ], [ -86.95, 44.15 ], [ -87.05, 44.15 ], [ -87.05, 44.25 ] ] ] } },
{ "type": "Feature", "properties": { "lat": 44.2, "lng": -86.9 }, "geometry": { "type": "Polygon", "coordinates": [ [ [ -86.95, 44.25 ], [ -86.85, 44.25 ], [ -86.85, 44.15 ], [ -86.95, 44.15 ], [ -86.95, 44.25 ] ] ] } },
{ "type": "Feature", "properties": { "lat": 44.2, "lng": -86.8 }, "geometry": { "type": "Polygon", "coordinates": [ [ [ -86.85, 44.25 ], [ -86.75, 44.25 ], [ -86.75, 44.15 ], [ -86.85, 44.15 ], [ -86.85, 44.25 ] ] ] } },
{ "type": "Feature", "properties": { "lat": 44.3, "lng": -93.0 }, "geometry": { "type": "Polygon", "coordinates": [ [ [ -93.05, 44.35 ], [ -92.95, 44.35 ], [ -92.95, 44.25 ], [ -93.05, 44.25 ], [ -93.05, 44.35 ] ] ] } },
{ "type": "Feature", "properties": { "lat": 44.3, "lng": -92.9 }, "geometry": { "type": "Polygon", "coordinates": [ [ [ -92.95, 44.35 ], [ -92.85, 44.35 ], [ -92.85, 44.25 ], [ -92.95, 44.25 ], [ -92.95, 44.35 ] ] ] } },
{ "type": "Feature", "properties": { "lat": 44.3, "lng": -92.8 }, "geometry": { "type": "Polygon", "coordinates": [ [ [ -92.85, 44.35 ], [ -92.75, 44.35 ], [ -92.75, 44.25 ], [ -92.85, 44.25 ], [ -92.85, 44.35 ] ] ] } },
{ "type": "Feature", "properties": { "lat": 44.3, "lng": -92.7 }, "geometry": { "type": "Polygon", "coordinates": [ [ [ -92.75, 44.35 ], [ -92.65, 44.35 ], [ -92.65, 44.25 ], [ -92.75, 44.25 ], [ -92.75, 44.35 ] ] ] } },
{ "type": "Feature", "properties": { "lat": 44.3, "lng": -92.6 }, "geometry": { "type": "Polygon", "coordinates": [ [ [ -92.65, 44.35 ], [ -92.55, 44.35 ], [ -92.55, 44.25 ], [ -92.65, 44.25 ], [ -92.65, 44.35 ] ] ] } },
{ "type": "Feature", "properties": { "lat": 44.3, "lng": -92.5 }, "geometry": { "type": "Polygon", "coordinates": [ [ [ -92.55, 44.35 ], [ -92.45, 44.35 ], [ -92.45, 44.25 ], [ -92.55, 44.25 ], [ -92.55, 44.35 ] ] ] } },
{ "type": "Feature", "properties": { "lat": 44.3, "lng": -92.4 }, "geometry": { "type": "Polygon", "coordinates": [ [ [ -92.45, 44.35 ], [ -92.35, 44.35 ], [ -92.35, 44.25 ], [ -92.45, 44.25 ], [ -92.45, 44.35 ] ] ] } },
{ "type": "Feature", "properties": { "lat": 44.3, "lng": -92.3 }, "geometry": { "type": "Polygon", "coordinates": [ [ [ -92.35, 44.35 ], [ -92.25, 44.35 ], [ -92.25, 44.25 ], [ -92.35, 44.25 ], [ -92.35, 44.35 ] ] ] } },
{ "type": "Feature", "properties": { "lat": 44.3, "lng": -92.2 }, "geometry": { "type": "Polygon", "coordinates": [ [ [ -92.25, 44.35 ], [ -92.15, 44.35 ], [ -92.15, 44.25 ], [ -92.25, 44.25 ], [ -92.25, 44.35 ] ] ] } },
{ "type": "Feature", "properties": { "lat": 44.3, "lng": -92.1 }, "geometry": { "type": "Polygon", "coordinates": [ [ [ -92.15, 44.35 ], [ -92.05, 44.35 ], [ -92.05, 44.25 ], [ -92.15, 44.25 ], [ -92.15, 44.35 ] ] ] } },
{ "type": "Feature", "properties": { "lat": 44.3, "lng": -92.0 }, "geometry": { "type": "Polygon", "coordinates": [ [ [ -92.05, 44.35 ], [ -91.95, 44.35 ], [ -91.95, 44.25 ], [ -92.05, 44.25 ], [ -92.05, 44.35 ] ] ] } },
{ "type": "Feature", "properties": { "lat": 44.3, "lng": -91.9 }, "geometry": { "type": "Polygon", "coordinates": [ [ [ -91.95, 44.35 ], [ -91.85, 44.35 ], [ -91.85, 44.25 ], [ -91.95, 44.25 ], [ -91.95, 44.35 ] ] ] } },
{ "type": "Feature", "properties": { "lat": 44.3, "lng": -91.8 }, "geometry": { "type": "Polygon", "coordinates": [ [ [ -91.85, 44.35 ], [ -91.75, 44.35 ], [ -91.75, 44.25 ], [ -91.85, 44.25 ], [ -91.85, 44.35 ] ] ] } },
{ "type": "Feature", "properties": { "lat": 44.3, "lng": -91.7 }, "geometry": { "type": "Polygon", "coordinates": [ [ [ -91.75, 44.35 ], [ -91.65, 44.35 ], [ -91.65, 44.25 ], [ -91.75, 44.25 ], [ -91.75, 44.35 ] ] ] } },
{ "type": "Feature", "properties": { "lat": 44.3, "lng": -91.6 }, "geometry": { "type": "Polygon", "coordinates": [ [ [ -91.65, 44.35 ], [ -91.55, 44.35 ], [ -91.55, 44.25 ], [ -91.65, 44.25 ], [ -91.65, 44.35 ] ] ] } },
{ "type": "Feature", "properties": { "lat": 44.3, "lng": -91.5 }, "geometry": { "type": "Polygon", "coordinates": [ [ [ -91.55, 44.35 ], [ -91.45, 44.35 ], [ -91.45, 44.25 ], [ -91.55, 44.25 ], [ -91.55, 44.35 ] ] ] } },
{ "type": "Feature", "properties": { "lat": 44.3, "lng": -91.4 }, "geometry": { "type": "Polygon", "coordinates": [ [ [ -91.45, 44.35 ], [ -91.35, 44.35 ], [ -91.35, 44.25 ], [ -91.45, 44.25 ], [ -91.45, 44.35 ] ] ] } },
{ "type": "Feature", "properties": { "lat": 44.3, "lng": -91.3 }, "geometry": { "type": "Polygon", "coordinates": [ [ [ -91.35, 44.35 ], [ -91.25, 44.35 ], [ -91.25, 44.25 ], [ -91.35, 44.25 ], [ -91.35, 44.35 ] ] ] } },
{ "type": "Feature", "properties": { "lat": 44.3, "lng": -91.2 }, "geometry": { "type": "Polygon", "coordinates": [ [ [ -91.25, 44.35 ], [ -91.15, 44.35 ], [ -91.15, 44.25 ], [ -91.25, 44.25 ], [ -91.25, 44.35 ] ] ] } },
{ "type": "Feature", "properties": { "lat": 44.3, "lng": -91.1 }, "geometry": { "type": "Polygon", "coordinates": [ [ [ -91.15, 44.35 ], [ -91.05, 44.35 ], [ -91.05, 44.25 ], [ -91.15, 44.25 ], [ -91.15, 44.35 ] ] ] } },
{ "type": "Feature", "properties": { "lat": 44.3, "lng": -91.0 }, "geometry": { "type": "Polygon", "coordinates": [ [ [ -91.05, 44.35 ], [ -90.95, 44.35 ], [ -90.95, 44.25 ], [ -91.05, 44.25 ], [ -91.05, 44.35 ] ] ] } },
{ "type": "Feature", "properties": { "lat": 44.3, "lng": -90.9 }, "geometry": { "type": "Polygon", "coordinates": [ [ [ -90.95, 44.35 ], [ -90.85, 44.35 ], [ -90.85, 44.25 ], [ -90.95, 44.25 ], [ -90.95, 44.35 ] ] ] } },
{ "type": "Feature", "properties": { "lat": 44.3, "lng": -90.8 }, "geometry": { "type": "Polygon", "coordinates": [ [ [ -90.85, 44.35 ], [ -90.75, 44.35 ], [ -90.75, 44.25 ], [ -90.85, 44.25 ], [ -90.85, 44.35 ] ] ] } },
{ "type": "Feature", "properties": { "lat": 44.3, "lng": -90.7 }, "geometry": { "type": "Polygon", "coordinates": [ [ [ -90.75, 44.35 ], [ -90.65, 44.35 ], [ -90.65, 44.25 ], [ -90.75, 44.25 ], [ -90.75, 44.35 ] ] ] } },
{ "type": "Feature", "properties": { "lat": 44.3, "lng": -90.6 }, "geometry": { "type": "Polygon", "coordinates": [ [ [ -90.65, 44.35 ], [ -90.55, 44.35 ], [ -90.55, 44.25 ], [ -90.65, 44.25 ], [ -90.65, 44.35 ] ] ] } },
{ "type": "Feature", "properties": { "lat": 44.3, "lng": -90.5 }, "geometry": { "type": "Polygon", "coordinates": [ [ [ -90.55, 44.35 ], [ -90.45, 44.35 ], [ -90.45, 44.25 ], [ -90.55, 44.25 ], [ -90.55, 44.35 ] ] ] } },
{ "type": "Feature", "properties": { "lat": 44.3, "lng": -90.4 }, "geometry": { "type": "Polygon", "coordinates": [ [ [ -90.45, 44.35 ], [ -90.35, 44.35 ], [ -90.35, 44.25 ], [ -90.45, 44.25 ], [ -90.45, 44.35 ] ] ] } },
{ "type": "Feature", "properties": { "lat": 44.3, "lng": -90.3 }, "geometry": { "type": "Polygon", "coordinates": [ [ [ -90.35, 44.35 ], [ -90.25, 44.35 ], [ -90.25, 44.25 ], [ -90.35, 44.25 ], [ -90.35, 44.35 ] ] ] } },
{ "type": "Feature", "properties": { "lat": 44.3, "lng": -90.2 }, "geometry": { "type": "Polygon", "coordinates": [ [ [ -90.25, 44.35 ], [ -90.15, 44.35 ], [ -90.15, 44.25 ], [ -90.25, 44.25 ], [ -90.25, 44.35 ] ] ] } },
{ "type": "Feature", "properties": { "lat": 44.3, "lng": -90.1 }, "geometry": { "type": "Polygon", "coordinates": [ [ [ -90.15, 44.35 ], [ -90.05, 44.35 ], [ -90.05, 44.25 ], [ -90.15, 44.25 ], [ -90.15, 44.35 ] ] ] } },
{ "type": "Feature", "properties": { "lat": 44.3, "lng": -90.0 }, "geometry": { "type": "Polygon", "coordinates": [ [ [ -90.05, 44.35 ], [ -89.95, 44.35 ], [ -89.95, 44.25 ], [ -90.05, 44.25 ], [ -90.05, 44.35 ] ] ] } },
{ "type": "Feature", "properties": { "lat": 44.3, "lng": -89.9 }, "geometry": { "type": "Polygon", "coordinates": [ [ [ -89.95, 44.35 ], [ -89.85, 44.35 ], [ -89.85, 44.25 ], [ -89.95, 44.25 ], [ -89.95, 44.35 ] ] ] } },
{ "type": "Feature", "properties": { "lat": 44.3, "lng": -89.8 }, "geometry": { "type": "Polygon", "coordinates": [ [ [ -89.85, 44.35 ], [ -89.75, 44.35 ], [ -89.75, 44.25 ], [ -89.85, 44.25 ], [ -89.85, 44.35 ] ] ] } },
{ "type": "Feature", "properties": { "lat": 44.3, "lng": -89.7 }, "geometry": { "type": "Polygon", "coordinates": [ [ [ -89.75, 44.35 ], [ -89.65, 44.35 ], [ -89.65, 44.25 ], [ -89.75, 44.25 ], [ -89.75, 44.35 ] ] ] } },
{ "type": "Feature", "properties": { "lat": 44.3, "lng": -89.6 }, "geometry": { "type": "Polygon", "coordinates": [ [ [ -89.65, 44.35 ], [ -89.55, 44.35 ], [ -89.55, 44.25 ], [ -89.65, 44.25 ], [ -89.65, 44.35 ] ] ] } },
{ "type": "Feature", "properties": { "lat": 44.3, "lng": -89.5 }, "geometry": { "type": "Polygon", "coordinates": [ [ [ -89.55, 44.35 ], [ -89.45, 44.35 ], [ -89.45, 44.25 ], [ -89.55, 44.25 ], [ -89.55, 44.35 ] ] ] } },
{ "type": "Feature", "properties": { "lat": 44.3, "lng": -89.4 }, "geometry": { "type": "Polygon", "coordinates": [ [ [ -89.45, 44.35 ], [ -89.35, 44.35 ], [ -89.35, 44.25 ], [ -89.45, 44.25 ], [ -89.45, 44.35 ] ] ] } },
{ "type": "Feature", "properties": { "lat": 44.3, "lng": -89.3 }, "geometry": { "type": "Polygon", "coordinates": [ [ [ -89.35, 44.35 ], [ -89.25, 44.35 ], [ -89.25, 44.25 ], [ -89.35, 44.25 ], [ -89.35, 44.35 ] ] ] } },
{ "type": "Feature", "properties": { "lat": 44.3, "lng": -89.2 }, "geometry": { "type": "Polygon", "coordinates": [ [ [ -89.25, 44.35 ], [ -89.15, 44.35 ], [ -89.15, 44.25 ], [ -89.25, 44.25 ], [ -89.25, 44.35 ] ] ] } },
{ "type": "Feature", "properties": { "lat": 44.3, "lng": -89.1 }, "geometry": { "type": "Polygon", "coordinates": [ [ [ -89.15, 44.35 ], [ -89.05, 44.35 ], [ -89.05, 44.25 ], [ -89.15, 44.25 ], [ -89.15, 44.35 ] ] ] } },
{ "type": "Feature", "properties": { "lat": 44.3, "lng": -89.0 }, "geometry": { "type": "Polygon", "coordinates": [ [ [ -89.05, 44.35 ], [ -88.95, 44.35 ], [ -88.95, 44.25 ], [ -89.05, 44.25 ], [ -89.05, 44.35 ] ] ] } },
{ "type": "Feature", "properties": { "lat": 44.3, "lng": -88.9 }, "geometry": { "type": "Polygon", "coordinates": [ [ [ -88.95, 44.35 ], [ -88.85, 44.35 ], [ -88.85, 44.25 ], [ -88.95, 44.25 ], [ -88.95, 44.35 ] ] ] } },
{ "type": "Feature", "properties": { "lat": 44.3, "lng": -88.8 }, "geometry": { "type": "Polygon", "coordinates": [ [ [ -88.85, 44.35 ], [ -88.75, 44.35 ], [ -88.75, 44.25 ], [ -88.85, 44.25 ], [ -88.85, 44.35 ] ] ] } },
{ "type": "Feature", "properties": { "lat": 44.3, "lng": -88.7 }, "geometry": { "type": "Polygon", "coordinates": [ [ [ -88.75, 44.35 ], [ -88.65, 44.35 ], [ -88.65, 44.25 ], [ -88.75, 44.25 ], [ -88.75, 44.35 ] ] ] } },
{ "type": "Feature", "properties": { "lat": 44.3, "lng": -88.6 }, "geometry": { "type": "Polygon", "coordinates": [ [ [ -88.65, 44.35 ], [ -88.55, 44.35 ], [ -88.55, 44.25 ], [ -88.65, 44.25 ], [ -88.65, 44.35 ] ] ] } },
{ "type": "Feature", "properties": { "lat": 44.3, "lng": -88.5 }, "geometry": { "type": "Polygon", "coordinates": [ [ [ -88.55, 44.35 ], [ -88.45, 44.35 ], [ -88.45, 44.25 ], [ -88.55, 44.25 ], [ -88.55, 44.35 ] ] ] } },
{ "type": "Feature", "properties": { "lat": 44.3, "lng": -88.4 }, "geometry": { "type": "Polygon", "coordinates": [ [ [ -88.45, 44.35 ], [ -88.35, 44.35 ], [ -88.35, 44.25 ], [ -88.45, 44.25 ], [ -88.45, 44.35 ] ] ] } },
{ "type": "Feature", "properties": { "lat": 44.3, "lng": -88.3 }, "geometry": { "type": "Polygon", "coordinates": [ [ [ -88.35, 44.35 ], [ -88.25, 44.35 ], [ -88.25, 44.25 ], [ -88.35, 44.25 ], [ -88.35, 44.35 ] ] ] } },
{ "type": "Feature", "properties": { "lat": 44.3, "lng": -88.2 }, "geometry": { "type": "Polygon", "coordinates": [ [ [ -88.25, 44.35 ], [ -88.15, 44.35 ], [ -88.15, 44.25 ], [ -88.25, 44.25 ], [ -88.25, 44.35 ] ] ] } },
{ "type": "Feature", "properties": { "lat": 44.3, "lng": -88.1 }, "geometry": { "type": "Polygon", "coordinates": [ [ [ -88.15, 44.35 ], [ -88.05, 44.35 ], [ -88.05, 44.25 ], [ -88.15, 44.25 ], [ -88.15, 44.35 ] ] ] } },
{ "type": "Feature", "properties": { "lat": 44.3, "lng": -88.0 }, "geometry": { "type": "Polygon", "coordinates": [ [ [ -88.05, 44.35 ], [ -87.95, 44.35 ], [ -87.95, 44.25 ], [ -88.05, 44.25 ], [ -88.05, 44.35 ] ] ] } },
{ "type": "Feature", "properties": { "lat": 44.3, "lng": -87.9 }, "geometry": { "type": "Polygon", "coordinates": [ [ [ -87.95, 44.35 ], [ -87.85, 44.35 ], [ -87.85, 44.25 ], [ -87.95, 44.25 ], [ -87.95, 44.35 ] ] ] } },
{ "type": "Feature", "properties": { "lat": 44.3, "lng": -87.8 }, "geometry": { "type": "Polygon", "coordinates": [ [ [ -87.85, 44.35 ], [ -87.75, 44.35 ], [ -87.75, 44.25 ], [ -87.85, 44.25 ], [ -87.85, 44.35 ] ] ] } },
{ "type": "Feature", "properties": { "lat": 44.3, "lng": -87.7 }, "geometry": { "type": "Polygon", "coordinates": [ [ [ -87.75, 44.35 ], [ -87.65, 44.35 ], [ -87.65, 44.25 ], [ -87.75, 44.25 ], [ -87.75, 44.35 ] ] ] } },
{ "type": "Feature", "properties": { "lat": 44.3, "lng": -87.6 }, "geometry": { "type": "Polygon", "coordinates": [ [ [ -87.65, 44.35 ], [ -87.55, 44.35 ], [ -87.55, 44.25 ], [ -87.65, 44.25 ], [ -87.65, 44.35 ] ] ] } },
{ "type": "Feature", "properties": { "lat": 44.3, "lng": -87.5 }, "geometry": { "type": "Polygon", "coordinates": [ [ [ -87.55, 44.35 ], [ -87.45, 44.35 ], [ -87.45, 44.25 ], [ -87.55, 44.25 ], [ -87.55, 44.35 ] ] ] } },
{ "type": "Feature", "properties": { "lat": 44.3, "lng": -87.4 }, "geometry": { "type": "Polygon", "coordinates": [ [ [ -87.45, 44.35 ], [ -87.35, 44.35 ], [ -87.35, 44.25 ], [ -87.45, 44.25 ], [ -87.45, 44.35 ] ] ] } },
{ "type": "Feature", "properties": { "lat": 44.3, "lng": -87.3 }, "geometry": { "type": "Polygon", "coordinates": [ [ [ -87.35, 44.35 ], [ -87.25, 44.35 ], [ -87.25, 44.25 ], [ -87.35, 44.25 ], [ -87.35, 44.35 ] ] ] } },
{ "type": "Feature", "properties": { "lat": 44.3, "lng": -87.2 }, "geometry": { "type": "Polygon", "coordinates": [ [ [ -87.25, 44.35 ], [ -87.15, 44.35 ], [ -87.15, 44.25 ], [ -87.25, 44.25 ], [ -87.25, 44.35 ] ] ] } },
{ "type": "Feature", "properties": { "lat": 44.3, "lng": -87.1 }, "geometry": { "type": "Polygon", "coordinates": [ [ [ -87.15, 44.35 ], [ -87.05, 44.35 ], [ -87.05, 44.25 ], [ -87.15, 44.25 ], [ -87.15, 44.35 ] ] ] } },
{ "type": "Feature", "properties": { "lat": 44.3, "lng": -87.0 }, "geometry": { "type": "Polygon", "coordinates": [ [ [ -87.05, 44.35 ], [ -86.95, 44.35 ], [ -86.95, 44.25 ], [ -87.05, 44.25 ], [ -87.05, 44.35 ] ] ] } },
{ "type": "Feature", "properties": { "lat": 44.3, "lng": -86.9 }, "geometry": { "type": "Polygon", "coordinates": [ [ [ -86.95, 44.35 ], [ -86.85, 44.35 ], [ -86.85, 44.25 ], [ -86.95, 44.25 ], [ -86.95, 44.35 ] ] ] } },
{ "type": "Feature", "properties": { "lat": 44.3, "lng": -86.8 }, "geometry": { "type": "Polygon", "coordinates": [ [ [ -86.85, 44.35 ], [ -86.75, 44.35 ], [ -86.75, 44.25 ], [ -86.85, 44.25 ], [ -86.85, 44.35 ] ] ] } },
{ "type": "Feature", "properties": { "lat": 44.4, "lng": -93.0 }, "geometry": { "type": "Polygon", "coordinates": [ [ [ -93.05, 44.45 ], [ -92.95, 44.45 ], [ -92.95, 44.35 ], [ -93.05, 44.35 ], [ -93.05, 44.45 ] ] ] } },
{ "type": "Feature", "properties": { "lat": 44.4, "lng": -92.9 }, "geometry": { "type": "Polygon", "coordinates": [ [ [ -92.95, 44.45 ], [ -92.85, 44.45 ], [ -92.85, 44.35 ], [ -92.95, 44.35 ], [ -92.95, 44.45 ] ] ] } },
{ "type": "Feature", "properties": { "lat": 44.4, "lng": -92.8 }, "geometry": { "type": "Polygon", "coordinates": [ [ [ -92.85, 44.45 ], [ -92.75, 44.45 ], [ -92.75, 44.35 ], [ -92.85, 44.35 ], [ -92.85, 44.45 ] ] ] } },
{ "type": "Feature", "properties": { "lat": 44.4, "lng": -92.7 }, "geometry": { "type": "Polygon", "coordinates": [ [ [ -92.75, 44.45 ], [ -92.65, 44.45 ], [ -92.65, 44.35 ], [ -92.75, 44.35 ], [ -92.75, 44.45 ] ] ] } },
{ "type": "Feature", "properties": { "lat": 44.4, "lng": -92.6 }, "geometry": { "type": "Polygon", "coordinates": [ [ [ -92.65, 44.45 ], [ -92.55, 44.45 ], [ -92.55, 44.35 ], [ -92.65, 44.35 ], [ -92.65, 44.45 ] ] ] } },
{ "type": "Feature", "properties": { "lat": 44.4, "lng": -92.5 }, "geometry": { "type": "Polygon", "coordinates": [ [ [ -92.55, 44.45 ], [ -92.45, 44.45 ], [ -92.45, 44.35 ], [ -92.55, 44.35 ], [ -92.55, 44.45 ] ] ] } },
{ "type": "Feature", "properties": { "lat": 44.4, "lng": -92.4 }, "geometry": { "type": "Polygon", "coordinates": [ [ [ -92.45, 44.45 ], [ -92.35, 44.45 ], [ -92.35, 44.35 ], [ -92.45, 44.35 ], [ -92.45, 44.45 ] ] ] } },
{ "type": "Feature", "properties": { "lat": 44.4, "lng": -92.3 }, "geometry": { "type": "Polygon", "coordinates": [ [ [ -92.35, 44.45 ], [ -92.25, 44.45 ], [ -92.25, 44.35 ], [ -92.35, 44.35 ], [ -92.35, 44.45 ] ] ] } },
{ "type": "Feature", "properties": { "lat": 44.4, "lng": -92.2 }, "geometry": { "type": "Polygon", "coordinates": [ [ [ -92.25, 44.45 ], [ -92.15, 44.45 ], [ -92.15, 44.35 ], [ -92.25, 44.35 ], [ -92.25, 44.45 ] ] ] } },
{ "type": "Feature", "properties": { "lat": 44.4, "lng": -92.1 }, "geometry": { "type": "Polygon", "coordinates": [ [ [ -92.15, 44.45 ], [ -92.05, 44.45 ], [ -92.05, 44.35 ], [ -92.15, 44.35 ], [ -92.15, 44.45 ] ] ] } },
{ "type": "Feature", "properties": { "lat": 44.4, "lng": -92.0 }, "geometry": { "type": "Polygon", "coordinates": [ [ [ -92.05, 44.45 ], [ -91.95, 44.45 ], [ -91.95, 44.35 ], [ -92.05, 44.35 ], [ -92.05, 44.45 ] ] ] } },
{ "type": "Feature", "properties": { "lat": 44.4, "lng": -91.9 }, "geometry": { "type": "Polygon", "coordinates": [ [ [ -91.95, 44.45 ], [ -91.85, 44.45 ], [ -91.85, 44.35 ], [ -91.95, 44.35 ], [ -91.95, 44.45 ] ] ] } },
{ "type": "Feature", "properties": { "lat": 44.4, "lng": -91.8 }, "geometry": { "type": "Polygon", "coordinates": [ [ [ -91.85, 44.45 ], [ -91.75, 44.45 ], [ -91.75, 44.35 ], [ -91.85, 44.35 ], [ -91.85, 44.45 ] ] ] } },
{ "type": "Feature", "properties": { "lat": 44.4, "lng": -91.7 }, "geometry": { "type": "Polygon", "coordinates": [ [ [ -91.75, 44.45 ], [ -91.65, 44.45 ], [ -91.65, 44.35 ], [ -91.75, 44.35 ], [ -91.75, 44.45 ] ] ] } },
{ "type": "Feature", "properties": { "lat": 44.4, "lng": -91.6 }, "geometry": { "type": "Polygon", "coordinates": [ [ [ -91.65, 44.45 ], [ -91.55, 44.45 ], [ -91.55, 44.35 ], [ -91.65, 44.35 ], [ -91.65, 44.45 ] ] ] } },
{ "type": "Feature", "properties": { "lat": 44.4, "lng": -91.5 }, "geometry": { "type": "Polygon", "coordinates": [ [ [ -91.55, 44.45 ], [ -91.45, 44.45 ], [ -91.45, 44.35 ], [ -91.55, 44.35 ], [ -91.55, 44.45 ] ] ] } },
{ "type": "Feature", "properties": { "lat": 44.4, "lng": -91.4 }, "geometry": { "type": "Polygon", "coordinates": [ [ [ -91.45, 44.45 ], [ -91.35, 44.45 ], [ -91.35, 44.35 ], [ -91.45, 44.35 ], [ -91.45, 44.45 ] ] ] } },
{ "type": "Feature", "properties": { "lat": 44.4, "lng": -91.3 }, "geometry": { "type": "Polygon", "coordinates": [ [ [ -91.35, 44.45 ], [ -91.25, 44.45 ], [ -91.25, 44.35 ], [ -91.35, 44.35 ], [ -91.35, 44.45 ] ] ] } },
{ "type": "Feature", "properties": { "lat": 44.4, "lng": -91.2 }, "geometry": { "type": "Polygon", "coordinates": [ [ [ -91.25, 44.45 ], [ -91.15, 44.45 ], [ -91.15, 44.35 ], [ -91.25, 44.35 ], [ -91.25, 44.45 ] ] ] } },
{ "type": "Feature", "properties": { "lat": 44.4, "lng": -91.1 }, "geometry": { "type": "Polygon", "coordinates": [ [ [ -91.15, 44.45 ], [ -91.05, 44.45 ], [ -91.05, 44.35 ], [ -91.15, 44.35 ], [ -91.15, 44.45 ] ] ] } },
{ "type": "Feature", "properties": { "lat": 44.4, "lng": -91.0 }, "geometry": { "type": "Polygon", "coordinates": [ [ [ -91.05, 44.45 ], [ -90.95, 44.45 ], [ -90.95, 44.35 ], [ -91.05, 44.35 ], [ -91.05, 44.45 ] ] ] } },
{ "type": "Feature", "properties": { "lat": 44.4, "lng": -90.9 }, "geometry": { "type": "Polygon", "coordinates": [ [ [ -90.95, 44.45 ], [ -90.85, 44.45 ], [ -90.85, 44.35 ], [ -90.95, 44.35 ], [ -90.95, 44.45 ] ] ] } },
{ "type": "Feature", "properties": { "lat": 44.4, "lng": -90.8 }, "geometry": { "type": "Polygon", "coordinates": [ [ [ -90.85, 44.45 ], [ -90.75, 44.45 ], [ -90.75, 44.35 ], [ -90.85, 44.35 ], [ -90.85, 44.45 ] ] ] } },
{ "type": "Feature", "properties": { "lat": 44.4, "lng": -90.7 }, "geometry": { "type": "Polygon", "coordinates": [ [ [ -90.75, 44.45 ], [ -90.65, 44.45 ], [ -90.65, 44.35 ], [ -90.75, 44.35 ], [ -90.75, 44.45 ] ] ] } },
{ "type": "Feature", "properties": { "lat": 44.4, "lng": -90.6 }, "geometry": { "type": "Polygon", "coordinates": [ [ [ -90.65, 44.45 ], [ -90.55, 44.45 ], [ -90.55, 44.35 ], [ -90.65, 44.35 ], [ -90.65, 44.45 ] ] ] } },
{ "type": "Feature", "properties": { "lat": 44.4, "lng": -90.5 }, "geometry": { "type": "Polygon", "coordinates": [ [ [ -90.55, 44.45 ], [ -90.45, 44.45 ], [ -90.45, 44.35 ], [ -90.55, 44.35 ], [ -90.55, 44.45 ] ] ] } },
{ "type": "Feature", "properties": { "lat": 44.4, "lng": -90.4 }, "geometry": { "type": "Polygon", "coordinates": [ [ [ -90.45, 44.45 ], [ -90.35, 44.45 ], [ -90.35, 44.35 ], [ -90.45, 44.35 ], [ -90.45, 44.45 ] ] ] } },
{ "type": "Feature", "properties": { "lat": 44.4, "lng": -90.3 }, "geometry": { "type": "Polygon", "coordinates": [ [ [ -90.35, 44.45 ], [ -90.25, 44.45 ], [ -90.25, 44.35 ], [ -90.35, 44.35 ], [ -90.35, 44.45 ] ] ] } },
{ "type": "Feature", "properties": { "lat": 44.4, "lng": -90.2 }, "geometry": { "type": "Polygon", "coordinates": [ [ [ -90.25, 44.45 ], [ -90.15, 44.45 ], [ -90.15, 44.35 ], [ -90.25, 44.35 ], [ -90.25, 44.45 ] ] ] } },
{ "type": "Feature", "properties": { "lat": 44.4, "lng": -90.1 }, "geometry": { "type": "Polygon", "coordinates": [ [ [ -90.15, 44.45 ], [ -90.05, 44.45 ], [ -90.05, 44.35 ], [ -90.15, 44.35 ], [ -90.15, 44.45 ] ] ] } },
{ "type": "Feature", "properties": { "lat": 44.4, "lng": -90.0 }, "geometry": { "type": "Polygon", "coordinates": [ [ [ -90.05, 44.45 ], [ -89.95, 44.45 ], [ -89.95, 44.35 ], [ -90.05, 44.35 ], [ -90.05, 44.45 ] ] ] } },
{ "type": "Feature", "properties": { "lat": 44.4, "lng": -89.9 }, "geometry": { "type": "Polygon", "coordinates": [ [ [ -89.95, 44.45 ], [ -89.85, 44.45 ], [ -89.85, 44.35 ], [ -89.95, 44.35 ], [ -89.95, 44.45 ] ] ] } },
{ "type": "Feature", "properties": { "lat": 44.4, "lng": -89.8 }, "geometry": { "type": "Polygon", "coordinates": [ [ [ -89.85, 44.45 ], [ -89.75, 44.45 ], [ -89.75, 44.35 ], [ -89.85, 44.35 ], [ -89.85, 44.45 ] ] ] } },
{ "type": "Feature", "properties": { "lat": 44.4, "lng": -89.7 }, "geometry": { "type": "Polygon", "coordinates": [ [ [ -89.75, 44.45 ], [ -89.65, 44.45 ], [ -89.65, 44.35 ], [ -89.75, 44.35 ], [ -89.75, 44.45 ] ] ] } },
{ "type": "Feature", "properties": { "lat": 44.4, "lng": -89.6 }, "geometry": { "type": "Polygon", "coordinates": [ [ [ -89.65, 44.45 ], [ -89.55, 44.45 ], [ -89.55, 44.35 ], [ -89.65, 44.35 ], [ -89.65, 44.45 ] ] ] } },
{ "type": "Feature", "properties": { "lat": 44.4, "lng": -89.5 }, "geometry": { "type": "Polygon", "coordinates": [ [ [ -89.55, 44.45 ], [ -89.45, 44.45 ], [ -89.45, 44.35 ], [ -89.55, 44.35 ], [ -89.55, 44.45 ] ] ] } },
{ "type": "Feature", "properties": { "lat": 44.4, "lng": -89.4 }, "geometry": { "type": "Polygon", "coordinates": [ [ [ -89.45, 44.45 ], [ -89.35, 44.45 ], [ -89.35, 44.35 ], [ -89.45, 44.35 ], [ -89.45, 44.45 ] ] ] } },
{ "type": "Feature", "properties": { "lat": 44.4, "lng": -89.3 }, "geometry": { "type": "Polygon", "coordinates": [ [ [ -89.35, 44.45 ], [ -89.25, 44.45 ], [ -89.25, 44.35 ], [ -89.35, 44.35 ], [ -89.35, 44.45 ] ] ] } },
{ "type": "Feature", "properties": { "lat": 44.4, "lng": -89.2 }, "geometry": { "type": "Polygon", "coordinates": [ [ [ -89.25, 44.45 ], [ -89.15, 44.45 ], [ -89.15, 44.35 ], [ -89.25, 44.35 ], [ -89.25, 44.45 ] ] ] } },
{ "type": "Feature", "properties": { "lat": 44.4, "lng": -89.1 }, "geometry": { "type": "Polygon", "coordinates": [ [ [ -89.15, 44.45 ], [ -89.05, 44.45 ], [ -89.05, 44.35 ], [ -89.15, 44.35 ], [ -89.15, 44.45 ] ] ] } },
{ "type": "Feature", "properties": { "lat": 44.4, "lng": -89.0 }, "geometry": { "type": "Polygon", "coordinates": [ [ [ -89.05, 44.45 ], [ -88.95, 44.45 ], [ -88.95, 44.35 ], [ -89.05, 44.35 ], [ -89.05, 44.45 ] ] ] } },
{ "type": "Feature", "properties": { "lat": 44.4, "lng": -88.9 }, "geometry": { "type": "Polygon", "coordinates": [ [ [ -88.95, 44.45 ], [ -88.85, 44.45 ], [ -88.85, 44.35 ], [ -88.95, 44.35 ], [ -88.95, 44.45 ] ] ] } },
{ "type": "Feature", "properties": { "lat": 44.4, "lng": -88.8 }, "geometry": { "type": "Polygon", "coordinates": [ [ [ -88.85, 44.45 ], [ -88.75, 44.45 ], [ -88.75, 44.35 ], [ -88.85, 44.35 ], [ -88.85, 44.45 ] ] ] } },
{ "type": "Feature", "properties": { "lat": 44.4, "lng": -88.7 }, "geometry": { "type": "Polygon", "coordinates": [ [ [ -88.75, 44.45 ], [ -88.65, 44.45 ], [ -88.65, 44.35 ], [ -88.75, 44.35 ], [ -88.75, 44.45 ] ] ] } },
{ "type": "Feature", "properties": { "lat": 44.4, "lng": -88.6 }, "geometry": { "type": "Polygon", "coordinates": [ [ [ -88.65, 44.45 ], [ -88.55, 44.45 ], [ -88.55, 44.35 ], [ -88.65, 44.35 ], [ -88.65, 44.45 ] ] ] } },
{ "type": "Feature", "properties": { "lat": 44.4, "lng": -88.5 }, "geometry": { "type": "Polygon", "coordinates": [ [ [ -88.55, 44.45 ], [ -88.45, 44.45 ], [ -88.45, 44.35 ], [ -88.55, 44.35 ], [ -88.55, 44.45 ] ] ] } },
{ "type": "Feature", "properties": { "lat": 44.4, "lng": -88.4 }, "geometry": { "type": "Polygon", "coordinates": [ [ [ -88.45, 44.45 ], [ -88.35, 44.45 ], [ -88.35, 44.35 ], [ -88.45, 44.35 ], [ -88.45, 44.45 ] ] ] } },
{ "type": "Feature", "properties": { "lat": 44.4, "lng": -88.3 }, "geometry": { "type": "Polygon", "coordinates": [ [ [ -88.35, 44.45 ], [ -88.25, 44.45 ], [ -88.25, 44.35 ], [ -88.35, 44.35 ], [ -88.35, 44.45 ] ] ] } },
{ "type": "Feature", "properties": { "lat": 44.4, "lng": -88.2 }, "geometry": { "type": "Polygon", "coordinates": [ [ [ -88.25, 44.45 ], [ -88.15, 44.45 ], [ -88.15, 44.35 ], [ -88.25, 44.35 ], [ -88.25, 44.45 ] ] ] } },
{ "type": "Feature", "properties": { "lat": 44.4, "lng": -88.1 }, "geometry": { "type": "Polygon", "coordinates": [ [ [ -88.15, 44.45 ], [ -88.05, 44.45 ], [ -88.05, 44.35 ], [ -88.15, 44.35 ], [ -88.15, 44.45 ] ] ] } },
{ "type": "Feature", "properties": { "lat": 44.4, "lng": -88.0 }, "geometry": { "type": "Polygon", "coordinates": [ [ [ -88.05, 44.45 ], [ -87.95, 44.45 ], [ -87.95, 44.35 ], [ -88.05, 44.35 ], [ -88.05, 44.45 ] ] ] } },
{ "type": "Feature", "properties": { "lat": 44.4, "lng": -87.9 }, "geometry": { "type": "Polygon", "coordinates": [ [ [ -87.95, 44.45 ], [ -87.85, 44.45 ], [ -87.85, 44.35 ], [ -87.95, 44.35 ], [ -87.95, 44.45 ] ] ] } },
{ "type": "Feature", "properties": { "lat": 44.4, "lng": -87.8 }, "geometry": { "type": "Polygon", "coordinates": [ [ [ -87.85, 44.45 ], [ -87.75, 44.45 ], [ -87.75, 44.35 ], [ -87.85, 44.35 ], [ -87.85, 44.45 ] ] ] } },
{ "type": "Feature", "properties": { "lat": 44.4, "lng": -87.7 }, "geometry": { "type": "Polygon", "coordinates": [ [ [ -87.75, 44.45 ], [ -87.65, 44.45 ], [ -87.65, 44.35 ], [ -87.75, 44.35 ], [ -87.75, 44.45 ] ] ] } },
{ "type": "Feature", "properties": { "lat": 44.4, "lng": -87.6 }, "geometry": { "type": "Polygon", "coordinates": [ [ [ -87.65, 44.45 ], [ -87.55, 44.45 ], [ -87.55, 44.35 ], [ -87.65, 44.35 ], [ -87.65, 44.45 ] ] ] } },
{ "type": "Feature", "properties": { "lat": 44.4, "lng": -87.5 }, "geometry": { "type": "Polygon", "coordinates": [ [ [ -87.55, 44.45 ], [ -87.45, 44.45 ], [ -87.45, 44.35 ], [ -87.55, 44.35 ], [ -87.55, 44.45 ] ] ] } },
{ "type": "Feature", "properties": { "lat": 44.4, "lng": -87.4 }, "geometry": { "type": "Polygon", "coordinates": [ [ [ -87.45, 44.45 ], [ -87.35, 44.45 ], [ -87.35, 44.35 ], [ -87.45, 44.35 ], [ -87.45, 44.45 ] ] ] } },
{ "type": "Feature", "properties": { "lat": 44.4, "lng": -87.3 }, "geometry": { "type": "Polygon", "coordinates": [ [ [ -87.35, 44.45 ], [ -87.25, 44.45 ], [ -87.25, 44.35 ], [ -87.35, 44.35 ], [ -87.35, 44.45 ] ] ] } },
{ "type": "Feature", "properties": { "lat": 44.4, "lng": -87.2 }, "geometry": { "type": "Polygon", "coordinates": [ [ [ -87.25, 44.45 ], [ -87.15, 44.45 ], [ -87.15, 44.35 ], [ -87.25, 44.35 ], [ -87.25, 44.45 ] ] ] } },
{ "type": "Feature", "properties": { "lat": 44.4, "lng": -87.1 }, "geometry": { "type": "Polygon", "coordinates": [ [ [ -87.15, 44.45 ], [ -87.05, 44.45 ], [ -87.05, 44.35 ], [ -87.15, 44.35 ], [ -87.15, 44.45 ] ] ] } },
{ "type": "Feature", "properties": { "lat": 44.4, "lng": -87.0 }, "geometry": { "type": "Polygon", "coordinates": [ [ [ -87.05, 44.45 ], [ -86.95, 44.45 ], [ -86.95, 44.35 ], [ -87.05, 44.35 ], [ -87.05, 44.45 ] ] ] } },
{ "type": "Feature", "properties": { "lat": 44.4, "lng": -86.9 }, "geometry": { "type": "Polygon", "coordinates": [ [ [ -86.95, 44.45 ], [ -86.85, 44.45 ], [ -86.85, 44.35 ], [ -86.95, 44.35 ], [ -86.95, 44.45 ] ] ] } },
{ "type": "Feature", "properties": { "lat": 44.4, "lng": -86.8 }, "geometry": { "type": "Polygon", "coordinates": [ [ [ -86.85, 44.45 ], [ -86.75, 44.45 ], [ -86.75, 44.35 ], [ -86.85, 44.35 ], [ -86.85, 44.45 ] ] ] } },
{ "type": "Feature", "properties": { "lat": 44.5, "lng": -93.0 }, "geometry": { "type": "Polygon", "coordinates": [ [ [ -93.05, 44.55 ], [ -92.95, 44.55 ], [ -92.95, 44.45 ], [ -93.05, 44.45 ], [ -93.05, 44.55 ] ] ] } },
{ "type": "Feature", "properties": { "lat": 44.5, "lng": -92.9 }, "geometry": { "type": "Polygon", "coordinates": [ [ [ -92.95, 44.55 ], [ -92.85, 44.55 ], [ -92.85, 44.45 ], [ -92.95, 44.45 ], [ -92.95, 44.55 ] ] ] } },
{ "type": "Feature", "properties": { "lat": 44.5, "lng": -92.8 }, "geometry": { "type": "Polygon", "coordinates": [ [ [ -92.85, 44.55 ], [ -92.75, 44.55 ], [ -92.75, 44.45 ], [ -92.85, 44.45 ], [ -92.85, 44.55 ] ] ] } },
{ "type": "Feature", "properties": { "lat": 44.5, "lng": -92.7 }, "geometry": { "type": "Polygon", "coordinates": [ [ [ -92.75, 44.55 ], [ -92.65, 44.55 ], [ -92.65, 44.45 ], [ -92.75, 44.45 ], [ -92.75, 44.55 ] ] ] } },
{ "type": "Feature", "properties": { "lat": 44.5, "lng": -92.6 }, "geometry": { "type": "Polygon", "coordinates": [ [ [ -92.65, 44.55 ], [ -92.55, 44.55 ], [ -92.55, 44.45 ], [ -92.65, 44.45 ], [ -92.65, 44.55 ] ] ] } },
{ "type": "Feature", "properties": { "lat": 44.5, "lng": -92.5 }, "geometry": { "type": "Polygon", "coordinates": [ [ [ -92.55, 44.55 ], [ -92.45, 44.55 ], [ -92.45, 44.45 ], [ -92.55, 44.45 ], [ -92.55, 44.55 ] ] ] } },
{ "type": "Feature", "properties": { "lat": 44.5, "lng": -92.4 }, "geometry": { "type": "Polygon", "coordinates": [ [ [ -92.45, 44.55 ], [ -92.35, 44.55 ], [ -92.35, 44.45 ], [ -92.45, 44.45 ], [ -92.45, 44.55 ] ] ] } },
{ "type": "Feature", "properties": { "lat": 44.5, "lng": -92.3 }, "geometry": { "type": "Polygon", "coordinates": [ [ [ -92.35, 44.55 ], [ -92.25, 44.55 ], [ -92.25, 44.45 ], [ -92.35, 44.45 ], [ -92.35, 44.55 ] ] ] } },
{ "type": "Feature", "properties": { "lat": 44.5, "lng": -92.2 }, "geometry": { "type": "Polygon", "coordinates": [ [ [ -92.25, 44.55 ], [ -92.15, 44.55 ], [ -92.15, 44.45 ], [ -92.25, 44.45 ], [ -92.25, 44.55 ] ] ] } },
{ "type": "Feature", "properties": { "lat": 44.5, "lng": -92.1 }, "geometry": { "type": "Polygon", "coordinates": [ [ [ -92.15, 44.55 ], [ -92.05, 44.55 ], [ -92.05, 44.45 ], [ -92.15, 44.45 ], [ -92.15, 44.55 ] ] ] } },
{ "type": "Feature", "properties": { "lat": 44.5, "lng": -92.0 }, "geometry": { "type": "Polygon", "coordinates": [ [ [ -92.05, 44.55 ], [ -91.95, 44.55 ], [ -91.95, 44.45 ], [ -92.05, 44.45 ], [ -92.05, 44.55 ] ] ] } },
{ "type": "Feature", "properties": { "lat": 44.5, "lng": -91.9 }, "geometry": { "type": "Polygon", "coordinates": [ [ [ -91.95, 44.55 ], [ -91.85, 44.55 ], [ -91.85, 44.45 ], [ -91.95, 44.45 ], [ -91.95, 44.55 ] ] ] } },
{ "type": "Feature", "properties": { "lat": 44.5, "lng": -91.8 }, "geometry": { "type": "Polygon", "coordinates": [ [ [ -91.85, 44.55 ], [ -91.75, 44.55 ], [ -91.75, 44.45 ], [ -91.85, 44.45 ], [ -91.85, 44.55 ] ] ] } },
{ "type": "Feature", "properties": { "lat": 44.5, "lng": -91.7 }, "geometry": { "type": "Polygon", "coordinates": [ [ [ -91.75, 44.55 ], [ -91.65, 44.55 ], [ -91.65, 44.45 ], [ -91.75, 44.45 ], [ -91.75, 44.55 ] ] ] } },
{ "type": "Feature", "properties": { "lat": 44.5, "lng": -91.6 }, "geometry": { "type": "Polygon", "coordinates": [ [ [ -91.65, 44.55 ], [ -91.55, 44.55 ], [ -91.55, 44.45 ], [ -91.65, 44.45 ], [ -91.65, 44.55 ] ] ] } },
{ "type": "Feature", "properties": { "lat": 44.5, "lng": -91.5 }, "geometry": { "type": "Polygon", "coordinates": [ [ [ -91.55, 44.55 ], [ -91.45, 44.55 ], [ -91.45, 44.45 ], [ -91.55, 44.45 ], [ -91.55, 44.55 ] ] ] } },
{ "type": "Feature", "properties": { "lat": 44.5, "lng": -91.4 }, "geometry": { "type": "Polygon", "coordinates": [ [ [ -91.45, 44.55 ], [ -91.35, 44.55 ], [ -91.35, 44.45 ], [ -91.45, 44.45 ], [ -91.45, 44.55 ] ] ] } },
{ "type": "Feature", "properties": { "lat": 44.5, "lng": -91.3 }, "geometry": { "type": "Polygon", "coordinates": [ [ [ -91.35, 44.55 ], [ -91.25, 44.55 ], [ -91.25, 44.45 ], [ -91.35, 44.45 ], [ -91.35, 44.55 ] ] ] } },
{ "type": "Feature", "properties": { "lat": 44.5, "lng": -91.2 }, "geometry": { "type": "Polygon", "coordinates": [ [ [ -91.25, 44.55 ], [ -91.15, 44.55 ], [ -91.15, 44.45 ], [ -91.25, 44.45 ], [ -91.25, 44.55 ] ] ] } },
{ "type": "Feature", "properties": { "lat": 44.5, "lng": -91.1 }, "geometry": { "type": "Polygon", "coordinates": [ [ [ -91.15, 44.55 ], [ -91.05, 44.55 ], [ -91.05, 44.45 ], [ -91.15, 44.45 ], [ -91.15, 44.55 ] ] ] } },
{ "type": "Feature", "properties": { "lat": 44.5, "lng": -91.0 }, "geometry": { "type": "Polygon", "coordinates": [ [ [ -91.05, 44.55 ], [ -90.95, 44.55 ], [ -90.95, 44.45 ], [ -91.05, 44.45 ], [ -91.05, 44.55 ] ] ] } },
{ "type": "Feature", "properties": { "lat": 44.5, "lng": -90.9 }, "geometry": { "type": "Polygon", "coordinates": [ [ [ -90.95, 44.55 ], [ -90.85, 44.55 ], [ -90.85, 44.45 ], [ -90.95, 44.45 ], [ -90.95, 44.55 ] ] ] } },
{ "type": "Feature", "properties": { "lat": 44.5, "lng": -90.8 }, "geometry": { "type": "Polygon", "coordinates": [ [ [ -90.85, 44.55 ], [ -90.75, 44.55 ], [ -90.75, 44.45 ], [ -90.85, 44.45 ], [ -90.85, 44.55 ] ] ] } },
{ "type": "Feature", "properties": { "lat": 44.5, "lng": -90.7 }, "geometry": { "type": "Polygon", "coordinates": [ [ [ -90.75, 44.55 ], [ -90.65, 44.55 ], [ -90.65, 44.45 ], [ -90.75, 44.45 ], [ -90.75, 44.55 ] ] ] } },
{ "type": "Feature", "properties": { "lat": 44.5, "lng": -90.6 }, "geometry": { "type": "Polygon", "coordinates": [ [ [ -90.65, 44.55 ], [ -90.55, 44.55 ], [ -90.55, 44.45 ], [ -90.65, 44.45 ], [ -90.65, 44.55 ] ] ] } },
{ "type": "Feature", "properties": { "lat": 44.5, "lng": -90.5 }, "geometry": { "type": "Polygon", "coordinates": [ [ [ -90.55, 44.55 ], [ -90.45, 44.55 ], [ -90.45, 44.45 ], [ -90.55, 44.45 ], [ -90.55, 44.55 ] ] ] } },
{ "type": "Feature", "properties": { "lat": 44.5, "lng": -90.4 }, "geometry": { "type": "Polygon", "coordinates": [ [ [ -90.45, 44.55 ], [ -90.35, 44.55 ], [ -90.35, 44.45 ], [ -90.45, 44.45 ], [ -90.45, 44.55 ] ] ] } },
{ "type": "Feature", "properties": { "lat": 44.5, "lng": -90.3 }, "geometry": { "type": "Polygon", "coordinates": [ [ [ -90.35, 44.55 ], [ -90.25, 44.55 ], [ -90.25, 44.45 ], [ -90.35, 44.45 ], [ -90.35, 44.55 ] ] ] } },
{ "type": "Feature", "properties": { "lat": 44.5, "lng": -90.2 }, "geometry": { "type": "Polygon", "coordinates": [ [ [ -90.25, 44.55 ], [ -90.15, 44.55 ], [ -90.15, 44.45 ], [ -90.25, 44.45 ], [ -90.25, 44.55 ] ] ] } },
{ "type": "Feature", "properties": { "lat": 44.5, "lng": -90.1 }, "geometry": { "type": "Polygon", "coordinates": [ [ [ -90.15, 44.55 ], [ -90.05, 44.55 ], [ -90.05, 44.45 ], [ -90.15, 44.45 ], [ -90.15, 44.55 ] ] ] } },
{ "type": "Feature", "properties": { "lat": 44.5, "lng": -90.0 }, "geometry": { "type": "Polygon", "coordinates": [ [ [ -90.05, 44.55 ], [ -89.95, 44.55 ], [ -89.95, 44.45 ], [ -90.05, 44.45 ], [ -90.05, 44.55 ] ] ] } },
{ "type": "Feature", "properties": { "lat": 44.5, "lng": -89.9 }, "geometry": { "type": "Polygon", "coordinates": [ [ [ -89.95, 44.55 ], [ -89.85, 44.55 ], [ -89.85, 44.45 ], [ -89.95, 44.45 ], [ -89.95, 44.55 ] ] ] } },
{ "type": "Feature", "properties": { "lat": 44.5, "lng": -89.8 }, "geometry": { "type": "Polygon", "coordinates": [ [ [ -89.85, 44.55 ], [ -89.75, 44.55 ], [ -89.75, 44.45 ], [ -89.85, 44.45 ], [ -89.85, 44.55 ] ] ] } },
{ "type": "Feature", "properties": { "lat": 44.5, "lng": -89.7 }, "geometry": { "type": "Polygon", "coordinates": [ [ [ -89.75, 44.55 ], [ -89.65, 44.55 ], [ -89.65, 44.45 ], [ -89.75, 44.45 ], [ -89.75, 44.55 ] ] ] } },
{ "type": "Feature", "properties": { "lat": 44.5, "lng": -89.6 }, "geometry": { "type": "Polygon", "coordinates": [ [ [ -89.65, 44.55 ], [ -89.55, 44.55 ], [ -89.55, 44.45 ], [ -89.65, 44.45 ], [ -89.65, 44.55 ] ] ] } },
{ "type": "Feature", "properties": { "lat": 44.5, "lng": -89.5 }, "geometry": { "type": "Polygon", "coordinates": [ [ [ -89.55, 44.55 ], [ -89.45, 44.55 ], [ -89.45, 44.45 ], [ -89.55, 44.45 ], [ -89.55, 44.55 ] ] ] } },
{ "type": "Feature", "properties": { "lat": 44.5, "lng": -89.4 }, "geometry": { "type": "Polygon", "coordinates": [ [ [ -89.45, 44.55 ], [ -89.35, 44.55 ], [ -89.35, 44.45 ], [ -89.45, 44.45 ], [ -89.45, 44.55 ] ] ] } },
{ "type": "Feature", "properties": { "lat": 44.5, "lng": -89.3 }, "geometry": { "type": "Polygon", "coordinates": [ [ [ -89.35, 44.55 ], [ -89.25, 44.55 ], [ -89.25, 44.45 ], [ -89.35, 44.45 ], [ -89.35, 44.55 ] ] ] } },
{ "type": "Feature", "properties": { "lat": 44.5, "lng": -89.2 }, "geometry": { "type": "Polygon", "coordinates": [ [ [ -89.25, 44.55 ], [ -89.15, 44.55 ], [ -89.15, 44.45 ], [ -89.25, 44.45 ], [ -89.25, 44.55 ] ] ] } },
{ "type": "Feature", "properties": { "lat": 44.5, "lng": -89.1 }, "geometry": { "type": "Polygon", "coordinates": [ [ [ -89.15, 44.55 ], [ -89.05, 44.55 ], [ -89.05, 44.45 ], [ -89.15, 44.45 ], [ -89.15, 44.55 ] ] ] } },
{ "type": "Feature", "properties": { "lat": 44.5, "lng": -89.0 }, "geometry": { "type": "Polygon", "coordinates": [ [ [ -89.05, 44.55 ], [ -88.95, 44.55 ], [ -88.95, 44.45 ], [ -89.05, 44.45 ], [ -89.05, 44.55 ] ] ] } },
{ "type": "Feature", "properties": { "lat": 44.5, "lng": -88.9 }, "geometry": { "type": "Polygon", "coordinates": [ [ [ -88.95, 44.55 ], [ -88.85, 44.55 ], [ -88.85, 44.45 ], [ -88.95, 44.45 ], [ -88.95, 44.55 ] ] ] } },
{ "type": "Feature", "properties": { "lat": 44.5, "lng": -88.8 }, "geometry": { "type": "Polygon", "coordinates": [ [ [ -88.85, 44.55 ], [ -88.75, 44.55 ], [ -88.75, 44.45 ], [ -88.85, 44.45 ], [ -88.85, 44.55 ] ] ] } },
{ "type": "Feature", "properties": { "lat": 44.5, "lng": -88.7 }, "geometry": { "type": "Polygon", "coordinates": [ [ [ -88.75, 44.55 ], [ -88.65, 44.55 ], [ -88.65, 44.45 ], [ -88.75, 44.45 ], [ -88.75, 44.55 ] ] ] } },
{ "type": "Feature", "properties": { "lat": 44.5, "lng": -88.6 }, "geometry": { "type": "Polygon", "coordinates": [ [ [ -88.65, 44.55 ], [ -88.55, 44.55 ], [ -88.55, 44.45 ], [ -88.65, 44.45 ], [ -88.65, 44.55 ] ] ] } },
{ "type": "Feature", "properties": { "lat": 44.5, "lng": -88.5 }, "geometry": { "type": "Polygon", "coordinates": [ [ [ -88.55, 44.55 ], [ -88.45, 44.55 ], [ -88.45, 44.45 ], [ -88.55, 44.45 ], [ -88.55, 44.55 ] ] ] } },
{ "type": "Feature", "properties": { "lat": 44.5, "lng": -88.4 }, "geometry": { "type": "Polygon", "coordinates": [ [ [ -88.45, 44.55 ], [ -88.35, 44.55 ], [ -88.35, 44.45 ], [ -88.45, 44.45 ], [ -88.45, 44.55 ] ] ] } },
{ "type": "Feature", "properties": { "lat": 44.5, "lng": -88.3 }, "geometry": { "type": "Polygon", "coordinates": [ [ [ -88.35, 44.55 ], [ -88.25, 44.55 ], [ -88.25, 44.45 ], [ -88.35, 44.45 ], [ -88.35, 44.55 ] ] ] } },
{ "type": "Feature", "properties": { "lat": 44.5, "lng": -88.2 }, "geometry": { "type": "Polygon", "coordinates": [ [ [ -88.25, 44.55 ], [ -88.15, 44.55 ], [ -88.15, 44.45 ], [ -88.25, 44.45 ], [ -88.25, 44.55 ] ] ] } },
{ "type": "Feature", "properties": { "lat": 44.5, "lng": -88.1 }, "geometry": { "type": "Polygon", "coordinates": [ [ [ -88.15, 44.55 ], [ -88.05, 44.55 ], [ -88.05, 44.45 ], [ -88.15, 44.45 ], [ -88.15, 44.55 ] ] ] } },
{ "type": "Feature", "properties": { "lat": 44.5, "lng": -88.0 }, "geometry": { "type": "Polygon", "coordinates": [ [ [ -88.05, 44.55 ], [ -87.95, 44.55 ], [ -87.95, 44.45 ], [ -88.05, 44.45 ], [ -88.05, 44.55 ] ] ] } },
{ "type": "Feature", "properties": { "lat": 44.5, "lng": -87.9 }, "geometry": { "type": "Polygon", "coordinates": [ [ [ -87.95, 44.55 ], [ -87.85, 44.55 ], [ -87.85, 44.45 ], [ -87.95, 44.45 ], [ -87.95, 44.55 ] ] ] } },
{ "type": "Feature", "properties": { "lat": 44.5, "lng": -87.8 }, "geometry": { "type": "Polygon", "coordinates": [ [ [ -87.85, 44.55 ], [ -87.75, 44.55 ], [ -87.75, 44.45 ], [ -87.85, 44.45 ], [ -87.85, 44.55 ] ] ] } },
{ "type": "Feature", "properties": { "lat": 44.5, "lng": -87.7 }, "geometry": { "type": "Polygon", "coordinates": [ [ [ -87.75, 44.55 ], [ -87.65, 44.55 ], [ -87.65, 44.45 ], [ -87.75, 44.45 ], [ -87.75, 44.55 ] ] ] } },
{ "type": "Feature", "properties": { "lat": 44.5, "lng": -87.6 }, "geometry": { "type": "Polygon", "coordinates": [ [ [ -87.65, 44.55 ], [ -87.55, 44.55 ], [ -87.55, 44.45 ], [ -87.65, 44.45 ], [ -87.65, 44.55 ] ] ] } },
{ "type": "Feature", "properties": { "lat": 44.5, "lng": -87.5 }, "geometry": { "type": "Polygon", "coordinates": [ [ [ -87.55, 44.55 ], [ -87.45, 44.55 ], [ -87.45, 44.45 ], [ -87.55, 44.45 ], [ -87.55, 44.55 ] ] ] } },
{ "type": "Feature", "properties": { "lat": 44.5, "lng": -87.4 }, "geometry": { "type": "Polygon", "coordinates": [ [ [ -87.45, 44.55 ], [ -87.35, 44.55 ], [ -87.35, 44.45 ], [ -87.45, 44.45 ], [ -87.45, 44.55 ] ] ] } },
{ "type": "Feature", "properties": { "lat": 44.5, "lng": -87.3 }, "geometry": { "type": "Polygon", "coordinates": [ [ [ -87.35, 44.55 ], [ -87.25, 44.55 ], [ -87.25, 44.45 ], [ -87.35, 44.45 ], [ -87.35, 44.55 ] ] ] } },
{ "type": "Feature", "properties": { "lat": 44.5, "lng": -87.2 }, "geometry": { "type": "Polygon", "coordinates": [ [ [ -87.25, 44.55 ], [ -87.15, 44.55 ], [ -87.15, 44.45 ], [ -87.25, 44.45 ], [ -87.25, 44.55 ] ] ] } },
{ "type": "Feature", "properties": { "lat": 44.5, "lng": -87.1 }, "geometry": { "type": "Polygon", "coordinates": [ [ [ -87.15, 44.55 ], [ -87.05, 44.55 ], [ -87.05, 44.45 ], [ -87.15, 44.45 ], [ -87.15, 44.55 ] ] ] } },
{ "type": "Feature", "properties": { "lat": 44.5, "lng": -87.0 }, "geometry": { "type": "Polygon", "coordinates": [ [ [ -87.05, 44.55 ], [ -86.95, 44.55 ], [ -86.95, 44.45 ], [ -87.05, 44.45 ], [ -87.05, 44.55 ] ] ] } },
{ "type": "Feature", "properties": { "lat": 44.5, "lng": -86.9 }, "geometry": { "type": "Polygon", "coordinates": [ [ [ -86.95, 44.55 ], [ -86.85, 44.55 ], [ -86.85, 44.45 ], [ -86.95, 44.45 ], [ -86.95, 44.55 ] ] ] } },
{ "type": "Feature", "properties": { "lat": 44.5, "lng": -86.8 }, "geometry": { "type": "Polygon", "coordinates": [ [ [ -86.85, 44.55 ], [ -86.75, 44.55 ], [ -86.75, 44.45 ], [ -86.85, 44.45 ], [ -86.85, 44.55 ] ] ] } },
{ "type": "Feature", "properties": { "lat": 44.6, "lng": -93.0 }, "geometry": { "type": "Polygon", "coordinates": [ [ [ -93.05, 44.65 ], [ -92.95, 44.65 ], [ -92.95, 44.55 ], [ -93.05, 44.55 ], [ -93.05, 44.65 ] ] ] } },
{ "type": "Feature", "properties": { "lat": 44.6, "lng": -92.9 }, "geometry": { "type": "Polygon", "coordinates": [ [ [ -92.95, 44.65 ], [ -92.85, 44.65 ], [ -92.85, 44.55 ], [ -92.95, 44.55 ], [ -92.95, 44.65 ] ] ] } },
{ "type": "Feature", "properties": { "lat": 44.6, "lng": -92.8 }, "geometry": { "type": "Polygon", "coordinates": [ [ [ -92.85, 44.65 ], [ -92.75, 44.65 ], [ -92.75, 44.55 ], [ -92.85, 44.55 ], [ -92.85, 44.65 ] ] ] } },
{ "type": "Feature", "properties": { "lat": 44.6, "lng": -92.7 }, "geometry": { "type": "Polygon", "coordinates": [ [ [ -92.75, 44.65 ], [ -92.65, 44.65 ], [ -92.65, 44.55 ], [ -92.75, 44.55 ], [ -92.75, 44.65 ] ] ] } },
{ "type": "Feature", "properties": { "lat": 44.6, "lng": -92.6 }, "geometry": { "type": "Polygon", "coordinates": [ [ [ -92.65, 44.65 ], [ -92.55, 44.65 ], [ -92.55, 44.55 ], [ -92.65, 44.55 ], [ -92.65, 44.65 ] ] ] } },
{ "type": "Feature", "properties": { "lat": 44.6, "lng": -92.5 }, "geometry": { "type": "Polygon", "coordinates": [ [ [ -92.55, 44.65 ], [ -92.45, 44.65 ], [ -92.45, 44.55 ], [ -92.55, 44.55 ], [ -92.55, 44.65 ] ] ] } },
{ "type": "Feature", "properties": { "lat": 44.6, "lng": -92.4 }, "geometry": { "type": "Polygon", "coordinates": [ [ [ -92.45, 44.65 ], [ -92.35, 44.65 ], [ -92.35, 44.55 ], [ -92.45, 44.55 ], [ -92.45, 44.65 ] ] ] } },
{ "type": "Feature", "properties": { "lat": 44.6, "lng": -92.3 }, "geometry": { "type": "Polygon", "coordinates": [ [ [ -92.35, 44.65 ], [ -92.25, 44.65 ], [ -92.25, 44.55 ], [ -92.35, 44.55 ], [ -92.35, 44.65 ] ] ] } },
{ "type": "Feature", "properties": { "lat": 44.6, "lng": -92.2 }, "geometry": { "type": "Polygon", "coordinates": [ [ [ -92.25, 44.65 ], [ -92.15, 44.65 ], [ -92.15, 44.55 ], [ -92.25, 44.55 ], [ -92.25, 44.65 ] ] ] } },
{ "type": "Feature", "properties": { "lat": 44.6, "lng": -92.1 }, "geometry": { "type": "Polygon", "coordinates": [ [ [ -92.15, 44.65 ], [ -92.05, 44.65 ], [ -92.05, 44.55 ], [ -92.15, 44.55 ], [ -92.15, 44.65 ] ] ] } },
{ "type": "Feature", "properties": { "lat": 44.6, "lng": -92.0 }, "geometry": { "type": "Polygon", "coordinates": [ [ [ -92.05, 44.65 ], [ -91.95, 44.65 ], [ -91.95, 44.55 ], [ -92.05, 44.55 ], [ -92.05, 44.65 ] ] ] } },
{ "type": "Feature", "properties": { "lat": 44.6, "lng": -91.9 }, "geometry": { "type": "Polygon", "coordinates": [ [ [ -91.95, 44.65 ], [ -91.85, 44.65 ], [ -91.85, 44.55 ], [ -91.95, 44.55 ], [ -91.95, 44.65 ] ] ] } },
{ "type": "Feature", "properties": { "lat": 44.6, "lng": -91.8 }, "geometry": { "type": "Polygon", "coordinates": [ [ [ -91.85, 44.65 ], [ -91.75, 44.65 ], [ -91.75, 44.55 ], [ -91.85, 44.55 ], [ -91.85, 44.65 ] ] ] } },
{ "type": "Feature", "properties": { "lat": 44.6, "lng": -91.7 }, "geometry": { "type": "Polygon", "coordinates": [ [ [ -91.75, 44.65 ], [ -91.65, 44.65 ], [ -91.65, 44.55 ], [ -91.75, 44.55 ], [ -91.75, 44.65 ] ] ] } },
{ "type": "Feature", "properties": { "lat": 44.6, "lng": -91.6 }, "geometry": { "type": "Polygon", "coordinates": [ [ [ -91.65, 44.65 ], [ -91.55, 44.65 ], [ -91.55, 44.55 ], [ -91.65, 44.55 ], [ -91.65, 44.65 ] ] ] } },
{ "type": "Feature", "properties": { "lat": 44.6, "lng": -91.5 }, "geometry": { "type": "Polygon", "coordinates": [ [ [ -91.55, 44.65 ], [ -91.45, 44.65 ], [ -91.45, 44.55 ], [ -91.55, 44.55 ], [ -91.55, 44.65 ] ] ] } },
{ "type": "Feature", "properties": { "lat": 44.6, "lng": -91.4 }, "geometry": { "type": "Polygon", "coordinates": [ [ [ -91.45, 44.65 ], [ -91.35, 44.65 ], [ -91.35, 44.55 ], [ -91.45, 44.55 ], [ -91.45, 44.65 ] ] ] } },
{ "type": "Feature", "properties": { "lat": 44.6, "lng": -91.3 }, "geometry": { "type": "Polygon", "coordinates": [ [ [ -91.35, 44.65 ], [ -91.25, 44.65 ], [ -91.25, 44.55 ], [ -91.35, 44.55 ], [ -91.35, 44.65 ] ] ] } },
{ "type": "Feature", "properties": { "lat": 44.6, "lng": -91.2 }, "geometry": { "type": "Polygon", "coordinates": [ [ [ -91.25, 44.65 ], [ -91.15, 44.65 ], [ -91.15, 44.55 ], [ -91.25, 44.55 ], [ -91.25, 44.65 ] ] ] } },
{ "type": "Feature", "properties": { "lat": 44.6, "lng": -91.1 }, "geometry": { "type": "Polygon", "coordinates": [ [ [ -91.15, 44.65 ], [ -91.05, 44.65 ], [ -91.05, 44.55 ], [ -91.15, 44.55 ], [ -91.15, 44.65 ] ] ] } },
{ "type": "Feature", "properties": { "lat": 44.6, "lng": -91.0 }, "geometry": { "type": "Polygon", "coordinates": [ [ [ -91.05, 44.65 ], [ -90.95, 44.65 ], [ -90.95, 44.55 ], [ -91.05, 44.55 ], [ -91.05, 44.65 ] ] ] } },
{ "type": "Feature", "properties": { "lat": 44.6, "lng": -90.9 }, "geometry": { "type": "Polygon", "coordinates": [ [ [ -90.95, 44.65 ], [ -90.85, 44.65 ], [ -90.85, 44.55 ], [ -90.95, 44.55 ], [ -90.95, 44.65 ] ] ] } },
{ "type": "Feature", "properties": { "lat": 44.6, "lng": -90.8 }, "geometry": { "type": "Polygon", "coordinates": [ [ [ -90.85, 44.65 ], [ -90.75, 44.65 ], [ -90.75, 44.55 ], [ -90.85, 44.55 ], [ -90.85, 44.65 ] ] ] } },
{ "type": "Feature", "properties": { "lat": 44.6, "lng": -90.7 }, "geometry": { "type": "Polygon", "coordinates": [ [ [ -90.75, 44.65 ], [ -90.65, 44.65 ], [ -90.65, 44.55 ], [ -90.75, 44.55 ], [ -90.75, 44.65 ] ] ] } },
{ "type": "Feature", "properties": { "lat": 44.6, "lng": -90.6 }, "geometry": { "type": "Polygon", "coordinates": [ [ [ -90.65, 44.65 ], [ -90.55, 44.65 ], [ -90.55, 44.55 ], [ -90.65, 44.55 ], [ -90.65, 44.65 ] ] ] } },
{ "type": "Feature", "properties": { "lat": 44.6, "lng": -90.5 }, "geometry": { "type": "Polygon", "coordinates": [ [ [ -90.55, 44.65 ], [ -90.45, 44.65 ], [ -90.45, 44.55 ], [ -90.55, 44.55 ], [ -90.55, 44.65 ] ] ] } },
{ "type": "Feature", "properties": { "lat": 44.6, "lng": -90.4 }, "geometry": { "type": "Polygon", "coordinates": [ [ [ -90.45, 44.65 ], [ -90.35, 44.65 ], [ -90.35, 44.55 ], [ -90.45, 44.55 ], [ -90.45, 44.65 ] ] ] } },
{ "type": "Feature", "properties": { "lat": 44.6, "lng": -90.3 }, "geometry": { "type": "Polygon", "coordinates": [ [ [ -90.35, 44.65 ], [ -90.25, 44.65 ], [ -90.25, 44.55 ], [ -90.35, 44.55 ], [ -90.35, 44.65 ] ] ] } },
{ "type": "Feature", "properties": { "lat": 44.6, "lng": -90.2 }, "geometry": { "type": "Polygon", "coordinates": [ [ [ -90.25, 44.65 ], [ -90.15, 44.65 ], [ -90.15, 44.55 ], [ -90.25, 44.55 ], [ -90.25, 44.65 ] ] ] } },
{ "type": "Feature", "properties": { "lat": 44.6, "lng": -90.1 }, "geometry": { "type": "Polygon", "coordinates": [ [ [ -90.15, 44.65 ], [ -90.05, 44.65 ], [ -90.05, 44.55 ], [ -90.15, 44.55 ], [ -90.15, 44.65 ] ] ] } },
{ "type": "Feature", "properties": { "lat": 44.6, "lng": -90.0 }, "geometry": { "type": "Polygon", "coordinates": [ [ [ -90.05, 44.65 ], [ -89.95, 44.65 ], [ -89.95, 44.55 ], [ -90.05, 44.55 ], [ -90.05, 44.65 ] ] ] } },
{ "type": "Feature", "properties": { "lat": 44.6, "lng": -89.9 }, "geometry": { "type": "Polygon", "coordinates": [ [ [ -89.95, 44.65 ], [ -89.85, 44.65 ], [ -89.85, 44.55 ], [ -89.95, 44.55 ], [ -89.95, 44.65 ] ] ] } },
{ "type": "Feature", "properties": { "lat": 44.6, "lng": -89.8 }, "geometry": { "type": "Polygon", "coordinates": [ [ [ -89.85, 44.65 ], [ -89.75, 44.65 ], [ -89.75, 44.55 ], [ -89.85, 44.55 ], [ -89.85, 44.65 ] ] ] } },
{ "type": "Feature", "properties": { "lat": 44.6, "lng": -89.7 }, "geometry": { "type": "Polygon", "coordinates": [ [ [ -89.75, 44.65 ], [ -89.65, 44.65 ], [ -89.65, 44.55 ], [ -89.75, 44.55 ], [ -89.75, 44.65 ] ] ] } },
{ "type": "Feature", "properties": { "lat": 44.6, "lng": -89.6 }, "geometry": { "type": "Polygon", "coordinates": [ [ [ -89.65, 44.65 ], [ -89.55, 44.65 ], [ -89.55, 44.55 ], [ -89.65, 44.55 ], [ -89.65, 44.65 ] ] ] } },
{ "type": "Feature", "properties": { "lat": 44.6, "lng": -89.5 }, "geometry": { "type": "Polygon", "coordinates": [ [ [ -89.55, 44.65 ], [ -89.45, 44.65 ], [ -89.45, 44.55 ], [ -89.55, 44.55 ], [ -89.55, 44.65 ] ] ] } },
{ "type": "Feature", "properties": { "lat": 44.6, "lng": -89.4 }, "geometry": { "type": "Polygon", "coordinates": [ [ [ -89.45, 44.65 ], [ -89.35, 44.65 ], [ -89.35, 44.55 ], [ -89.45, 44.55 ], [ -89.45, 44.65 ] ] ] } },
{ "type": "Feature", "properties": { "lat": 44.6, "lng": -89.3 }, "geometry": { "type": "Polygon", "coordinates": [ [ [ -89.35, 44.65 ], [ -89.25, 44.65 ], [ -89.25, 44.55 ], [ -89.35, 44.55 ], [ -89.35, 44.65 ] ] ] } },
{ "type": "Feature", "properties": { "lat": 44.6, "lng": -89.2 }, "geometry": { "type": "Polygon", "coordinates": [ [ [ -89.25, 44.65 ], [ -89.15, 44.65 ], [ -89.15, 44.55 ], [ -89.25, 44.55 ], [ -89.25, 44.65 ] ] ] } },
{ "type": "Feature", "properties": { "lat": 44.6, "lng": -89.1 }, "geometry": { "type": "Polygon", "coordinates": [ [ [ -89.15, 44.65 ], [ -89.05, 44.65 ], [ -89.05, 44.55 ], [ -89.15, 44.55 ], [ -89.15, 44.65 ] ] ] } },
{ "type": "Feature", "properties": { "lat": 44.6, "lng": -89.0 }, "geometry": { "type": "Polygon", "coordinates": [ [ [ -89.05, 44.65 ], [ -88.95, 44.65 ], [ -88.95, 44.55 ], [ -89.05, 44.55 ], [ -89.05, 44.65 ] ] ] } },
{ "type": "Feature", "properties": { "lat": 44.6, "lng": -88.9 }, "geometry": { "type": "Polygon", "coordinates": [ [ [ -88.95, 44.65 ], [ -88.85, 44.65 ], [ -88.85, 44.55 ], [ -88.95, 44.55 ], [ -88.95, 44.65 ] ] ] } },
{ "type": "Feature", "properties": { "lat": 44.6, "lng": -88.8 }, "geometry": { "type": "Polygon", "coordinates": [ [ [ -88.85, 44.65 ], [ -88.75, 44.65 ], [ -88.75, 44.55 ], [ -88.85, 44.55 ], [ -88.85, 44.65 ] ] ] } },
{ "type": "Feature", "properties": { "lat": 44.6, "lng": -88.7 }, "geometry": { "type": "Polygon", "coordinates": [ [ [ -88.75, 44.65 ], [ -88.65, 44.65 ], [ -88.65, 44.55 ], [ -88.75, 44.55 ], [ -88.75, 44.65 ] ] ] } },
{ "type": "Feature", "properties": { "lat": 44.6, "lng": -88.6 }, "geometry": { "type": "Polygon", "coordinates": [ [ [ -88.65, 44.65 ], [ -88.55, 44.65 ], [ -88.55, 44.55 ], [ -88.65, 44.55 ], [ -88.65, 44.65 ] ] ] } },
{ "type": "Feature", "properties": { "lat": 44.6, "lng": -88.5 }, "geometry": { "type": "Polygon", "coordinates": [ [ [ -88.55, 44.65 ], [ -88.45, 44.65 ], [ -88.45, 44.55 ], [ -88.55, 44.55 ], [ -88.55, 44.65 ] ] ] } },
{ "type": "Feature", "properties": { "lat": 44.6, "lng": -88.4 }, "geometry": { "type": "Polygon", "coordinates": [ [ [ -88.45, 44.65 ], [ -88.35, 44.65 ], [ -88.35, 44.55 ], [ -88.45, 44.55 ], [ -88.45, 44.65 ] ] ] } },
{ "type": "Feature", "properties": { "lat": 44.6, "lng": -88.3 }, "geometry": { "type": "Polygon", "coordinates": [ [ [ -88.35, 44.65 ], [ -88.25, 44.65 ], [ -88.25, 44.55 ], [ -88.35, 44.55 ], [ -88.35, 44.65 ] ] ] } },
{ "type": "Feature", "properties": { "lat": 44.6, "lng": -88.2 }, "geometry": { "type": "Polygon", "coordinates": [ [ [ -88.25, 44.65 ], [ -88.15, 44.65 ], [ -88.15, 44.55 ], [ -88.25, 44.55 ], [ -88.25, 44.65 ] ] ] } },
{ "type": "Feature", "properties": { "lat": 44.6, "lng": -88.1 }, "geometry": { "type": "Polygon", "coordinates": [ [ [ -88.15, 44.65 ], [ -88.05, 44.65 ], [ -88.05, 44.55 ], [ -88.15, 44.55 ], [ -88.15, 44.65 ] ] ] } },
{ "type": "Feature", "properties": { "lat": 44.6, "lng": -88.0 }, "geometry": { "type": "Polygon", "coordinates": [ [ [ -88.05, 44.65 ], [ -87.95, 44.65 ], [ -87.95, 44.55 ], [ -88.05, 44.55 ], [ -88.05, 44.65 ] ] ] } },
{ "type": "Feature", "properties": { "lat": 44.6, "lng": -87.9 }, "geometry": { "type": "Polygon", "coordinates": [ [ [ -87.95, 44.65 ], [ -87.85, 44.65 ], [ -87.85, 44.55 ], [ -87.95, 44.55 ], [ -87.95, 44.65 ] ] ] } },
{ "type": "Feature", "properties": { "lat": 44.6, "lng": -87.8 }, "geometry": { "type": "Polygon", "coordinates": [ [ [ -87.85, 44.65 ], [ -87.75, 44.65 ], [ -87.75, 44.55 ], [ -87.85, 44.55 ], [ -87.85, 44.65 ] ] ] } },
{ "type": "Feature", "properties": { "lat": 44.6, "lng": -87.7 }, "geometry": { "type": "Polygon", "coordinates": [ [ [ -87.75, 44.65 ], [ -87.65, 44.65 ], [ -87.65, 44.55 ], [ -87.75, 44.55 ], [ -87.75, 44.65 ] ] ] } },
{ "type": "Feature", "properties": { "lat": 44.6, "lng": -87.6 }, "geometry": { "type": "Polygon", "coordinates": [ [ [ -87.65, 44.65 ], [ -87.55, 44.65 ], [ -87.55, 44.55 ], [ -87.65, 44.55 ], [ -87.65, 44.65 ] ] ] } },
{ "type": "Feature", "properties": { "lat": 44.6, "lng": -87.5 }, "geometry": { "type": "Polygon", "coordinates": [ [ [ -87.55, 44.65 ], [ -87.45, 44.65 ], [ -87.45, 44.55 ], [ -87.55, 44.55 ], [ -87.55, 44.65 ] ] ] } },
{ "type": "Feature", "properties": { "lat": 44.6, "lng": -87.4 }, "geometry": { "type": "Polygon", "coordinates": [ [ [ -87.45, 44.65 ], [ -87.35, 44.65 ], [ -87.35, 44.55 ], [ -87.45, 44.55 ], [ -87.45, 44.65 ] ] ] } },
{ "type": "Feature", "properties": { "lat": 44.6, "lng": -87.3 }, "geometry": { "type": "Polygon", "coordinates": [ [ [ -87.35, 44.65 ], [ -87.25, 44.65 ], [ -87.25, 44.55 ], [ -87.35, 44.55 ], [ -87.35, 44.65 ] ] ] } },
{ "type": "Feature", "properties": { "lat": 44.6, "lng": -87.2 }, "geometry": { "type": "Polygon", "coordinates": [ [ [ -87.25, 44.65 ], [ -87.15, 44.65 ], [ -87.15, 44.55 ], [ -87.25, 44.55 ], [ -87.25, 44.65 ] ] ] } },
{ "type": "Feature", "properties": { "lat": 44.6, "lng": -87.1 }, "geometry": { "type": "Polygon", "coordinates": [ [ [ -87.15, 44.65 ], [ -87.05, 44.65 ], [ -87.05, 44.55 ], [ -87.15, 44.55 ], [ -87.15, 44.65 ] ] ] } },
{ "type": "Feature", "properties": { "lat": 44.6, "lng": -87.0 }, "geometry": { "type": "Polygon", "coordinates": [ [ [ -87.05, 44.65 ], [ -86.95, 44.65 ], [ -86.95, 44.55 ], [ -87.05, 44.55 ], [ -87.05, 44.65 ] ] ] } },
{ "type": "Feature", "properties": { "lat": 44.6, "lng": -86.9 }, "geometry": { "type": "Polygon", "coordinates": [ [ [ -86.95, 44.65 ], [ -86.85, 44.65 ], [ -86.85, 44.55 ], [ -86.95, 44.55 ], [ -86.95, 44.65 ] ] ] } },
{ "type": "Feature", "properties": { "lat": 44.6, "lng": -86.8 }, "geometry": { "type": "Polygon", "coordinates": [ [ [ -86.85, 44.65 ], [ -86.75, 44.65 ], [ -86.75, 44.55 ], [ -86.85, 44.55 ], [ -86.85, 44.65 ] ] ] } },
{ "type": "Feature", "properties": { "lat": 44.7, "lng": -93.0 }, "geometry": { "type": "Polygon", "coordinates": [ [ [ -93.05, 44.75 ], [ -92.95, 44.75 ], [ -92.95, 44.65 ], [ -93.05, 44.65 ], [ -93.05, 44.75 ] ] ] } },
{ "type": "Feature", "properties": { "lat": 44.7, "lng": -92.9 }, "geometry": { "type": "Polygon", "coordinates": [ [ [ -92.95, 44.75 ], [ -92.85, 44.75 ], [ -92.85, 44.65 ], [ -92.95, 44.65 ], [ -92.95, 44.75 ] ] ] } },
{ "type": "Feature", "properties": { "lat": 44.7, "lng": -92.8 }, "geometry": { "type": "Polygon", "coordinates": [ [ [ -92.85, 44.75 ], [ -92.75, 44.75 ], [ -92.75, 44.65 ], [ -92.85, 44.65 ], [ -92.85, 44.75 ] ] ] } },
{ "type": "Feature", "properties": { "lat": 44.7, "lng": -92.7 }, "geometry": { "type": "Polygon", "coordinates": [ [ [ -92.75, 44.75 ], [ -92.65, 44.75 ], [ -92.65, 44.65 ], [ -92.75, 44.65 ], [ -92.75, 44.75 ] ] ] } },
{ "type": "Feature", "properties": { "lat": 44.7, "lng": -92.6 }, "geometry": { "type": "Polygon", "coordinates": [ [ [ -92.65, 44.75 ], [ -92.55, 44.75 ], [ -92.55, 44.65 ], [ -92.65, 44.65 ], [ -92.65, 44.75 ] ] ] } },
{ "type": "Feature", "properties": { "lat": 44.7, "lng": -92.5 }, "geometry": { "type": "Polygon", "coordinates": [ [ [ -92.55, 44.75 ], [ -92.45, 44.75 ], [ -92.45, 44.65 ], [ -92.55, 44.65 ], [ -92.55, 44.75 ] ] ] } },
{ "type": "Feature", "properties": { "lat": 44.7, "lng": -92.4 }, "geometry": { "type": "Polygon", "coordinates": [ [ [ -92.45, 44.75 ], [ -92.35, 44.75 ], [ -92.35, 44.65 ], [ -92.45, 44.65 ], [ -92.45, 44.75 ] ] ] } },
{ "type": "Feature", "properties": { "lat": 44.7, "lng": -92.3 }, "geometry": { "type": "Polygon", "coordinates": [ [ [ -92.35, 44.75 ], [ -92.25, 44.75 ], [ -92.25, 44.65 ], [ -92.35, 44.65 ], [ -92.35, 44.75 ] ] ] } },
{ "type": "Feature", "properties": { "lat": 44.7, "lng": -92.2 }, "geometry": { "type": "Polygon", "coordinates": [ [ [ -92.25, 44.75 ], [ -92.15, 44.75 ], [ -92.15, 44.65 ], [ -92.25, 44.65 ], [ -92.25, 44.75 ] ] ] } },
{ "type": "Feature", "properties": { "lat": 44.7, "lng": -92.1 }, "geometry": { "type": "Polygon", "coordinates": [ [ [ -92.15, 44.75 ], [ -92.05, 44.75 ], [ -92.05, 44.65 ], [ -92.15, 44.65 ], [ -92.15, 44.75 ] ] ] } },
{ "type": "Feature", "properties": { "lat": 44.7, "lng": -92.0 }, "geometry": { "type": "Polygon", "coordinates": [ [ [ -92.05, 44.75 ], [ -91.95, 44.75 ], [ -91.95, 44.65 ], [ -92.05, 44.65 ], [ -92.05, 44.75 ] ] ] } },
{ "type": "Feature", "properties": { "lat": 44.7, "lng": -91.9 }, "geometry": { "type": "Polygon", "coordinates": [ [ [ -91.95, 44.75 ], [ -91.85, 44.75 ], [ -91.85, 44.65 ], [ -91.95, 44.65 ], [ -91.95, 44.75 ] ] ] } },
{ "type": "Feature", "properties": { "lat": 44.7, "lng": -91.8 }, "geometry": { "type": "Polygon", "coordinates": [ [ [ -91.85, 44.75 ], [ -91.75, 44.75 ], [ -91.75, 44.65 ], [ -91.85, 44.65 ], [ -91.85, 44.75 ] ] ] } },
{ "type": "Feature", "properties": { "lat": 44.7, "lng": -91.7 }, "geometry": { "type": "Polygon", "coordinates": [ [ [ -91.75, 44.75 ], [ -91.65, 44.75 ], [ -91.65, 44.65 ], [ -91.75, 44.65 ], [ -91.75, 44.75 ] ] ] } },
{ "type": "Feature", "properties": { "lat": 44.7, "lng": -91.6 }, "geometry": { "type": "Polygon", "coordinates": [ [ [ -91.65, 44.75 ], [ -91.55, 44.75 ], [ -91.55, 44.65 ], [ -91.65, 44.65 ], [ -91.65, 44.75 ] ] ] } },
{ "type": "Feature", "properties": { "lat": 44.7, "lng": -91.5 }, "geometry": { "type": "Polygon", "coordinates": [ [ [ -91.55, 44.75 ], [ -91.45, 44.75 ], [ -91.45, 44.65 ], [ -91.55, 44.65 ], [ -91.55, 44.75 ] ] ] } },
{ "type": "Feature", "properties": { "lat": 44.7, "lng": -91.4 }, "geometry": { "type": "Polygon", "coordinates": [ [ [ -91.45, 44.75 ], [ -91.35, 44.75 ], [ -91.35, 44.65 ], [ -91.45, 44.65 ], [ -91.45, 44.75 ] ] ] } },
{ "type": "Feature", "properties": { "lat": 44.7, "lng": -91.3 }, "geometry": { "type": "Polygon", "coordinates": [ [ [ -91.35, 44.75 ], [ -91.25, 44.75 ], [ -91.25, 44.65 ], [ -91.35, 44.65 ], [ -91.35, 44.75 ] ] ] } },
{ "type": "Feature", "properties": { "lat": 44.7, "lng": -91.2 }, "geometry": { "type": "Polygon", "coordinates": [ [ [ -91.25, 44.75 ], [ -91.15, 44.75 ], [ -91.15, 44.65 ], [ -91.25, 44.65 ], [ -91.25, 44.75 ] ] ] } },
{ "type": "Feature", "properties": { "lat": 44.7, "lng": -91.1 }, "geometry": { "type": "Polygon", "coordinates": [ [ [ -91.15, 44.75 ], [ -91.05, 44.75 ], [ -91.05, 44.65 ], [ -91.15, 44.65 ], [ -91.15, 44.75 ] ] ] } },
{ "type": "Feature", "properties": { "lat": 44.7, "lng": -91.0 }, "geometry": { "type": "Polygon", "coordinates": [ [ [ -91.05, 44.75 ], [ -90.95, 44.75 ], [ -90.95, 44.65 ], [ -91.05, 44.65 ], [ -91.05, 44.75 ] ] ] } },
{ "type": "Feature", "properties": { "lat": 44.7, "lng": -90.9 }, "geometry": { "type": "Polygon", "coordinates": [ [ [ -90.95, 44.75 ], [ -90.85, 44.75 ], [ -90.85, 44.65 ], [ -90.95, 44.65 ], [ -90.95, 44.75 ] ] ] } },
{ "type": "Feature", "properties": { "lat": 44.7, "lng": -90.8 }, "geometry": { "type": "Polygon", "coordinates": [ [ [ -90.85, 44.75 ], [ -90.75, 44.75 ], [ -90.75, 44.65 ], [ -90.85, 44.65 ], [ -90.85, 44.75 ] ] ] } },
{ "type": "Feature", "properties": { "lat": 44.7, "lng": -90.7 }, "geometry": { "type": "Polygon", "coordinates": [ [ [ -90.75, 44.75 ], [ -90.65, 44.75 ], [ -90.65, 44.65 ], [ -90.75, 44.65 ], [ -90.75, 44.75 ] ] ] } },
{ "type": "Feature", "properties": { "lat": 44.7, "lng": -90.6 }, "geometry": { "type": "Polygon", "coordinates": [ [ [ -90.65, 44.75 ], [ -90.55, 44.75 ], [ -90.55, 44.65 ], [ -90.65, 44.65 ], [ -90.65, 44.75 ] ] ] } },
{ "type": "Feature", "properties": { "lat": 44.7, "lng": -90.5 }, "geometry": { "type": "Polygon", "coordinates": [ [ [ -90.55, 44.75 ], [ -90.45, 44.75 ], [ -90.45, 44.65 ], [ -90.55, 44.65 ], [ -90.55, 44.75 ] ] ] } },
{ "type": "Feature", "properties": { "lat": 44.7, "lng": -90.4 }, "geometry": { "type": "Polygon", "coordinates": [ [ [ -90.45, 44.75 ], [ -90.35, 44.75 ], [ -90.35, 44.65 ], [ -90.45, 44.65 ], [ -90.45, 44.75 ] ] ] } },
{ "type": "Feature", "properties": { "lat": 44.7, "lng": -90.3 }, "geometry": { "type": "Polygon", "coordinates": [ [ [ -90.35, 44.75 ], [ -90.25, 44.75 ], [ -90.25, 44.65 ], [ -90.35, 44.65 ], [ -90.35, 44.75 ] ] ] } },
{ "type": "Feature", "properties": { "lat": 44.7, "lng": -90.2 }, "geometry": { "type": "Polygon", "coordinates": [ [ [ -90.25, 44.75 ], [ -90.15, 44.75 ], [ -90.15, 44.65 ], [ -90.25, 44.65 ], [ -90.25, 44.75 ] ] ] } },
{ "type": "Feature", "properties": { "lat": 44.7, "lng": -90.1 }, "geometry": { "type": "Polygon", "coordinates": [ [ [ -90.15, 44.75 ], [ -90.05, 44.75 ], [ -90.05, 44.65 ], [ -90.15, 44.65 ], [ -90.15, 44.75 ] ] ] } },
{ "type": "Feature", "properties": { "lat": 44.7, "lng": -90.0 }, "geometry": { "type": "Polygon", "coordinates": [ [ [ -90.05, 44.75 ], [ -89.95, 44.75 ], [ -89.95, 44.65 ], [ -90.05, 44.65 ], [ -90.05, 44.75 ] ] ] } },
{ "type": "Feature", "properties": { "lat": 44.7, "lng": -89.9 }, "geometry": { "type": "Polygon", "coordinates": [ [ [ -89.95, 44.75 ], [ -89.85, 44.75 ], [ -89.85, 44.65 ], [ -89.95, 44.65 ], [ -89.95, 44.75 ] ] ] } },
{ "type": "Feature", "properties": { "lat": 44.7, "lng": -89.8 }, "geometry": { "type": "Polygon", "coordinates": [ [ [ -89.85, 44.75 ], [ -89.75, 44.75 ], [ -89.75, 44.65 ], [ -89.85, 44.65 ], [ -89.85, 44.75 ] ] ] } },
{ "type": "Feature", "properties": { "lat": 44.7, "lng": -89.7 }, "geometry": { "type": "Polygon", "coordinates": [ [ [ -89.75, 44.75 ], [ -89.65, 44.75 ], [ -89.65, 44.65 ], [ -89.75, 44.65 ], [ -89.75, 44.75 ] ] ] } },
{ "type": "Feature", "properties": { "lat": 44.7, "lng": -89.6 }, "geometry": { "type": "Polygon", "coordinates": [ [ [ -89.65, 44.75 ], [ -89.55, 44.75 ], [ -89.55, 44.65 ], [ -89.65, 44.65 ], [ -89.65, 44.75 ] ] ] } },
{ "type": "Feature", "properties": { "lat": 44.7, "lng": -89.5 }, "geometry": { "type": "Polygon", "coordinates": [ [ [ -89.55, 44.75 ], [ -89.45, 44.75 ], [ -89.45, 44.65 ], [ -89.55, 44.65 ], [ -89.55, 44.75 ] ] ] } },
{ "type": "Feature", "properties": { "lat": 44.7, "lng": -89.4 }, "geometry": { "type": "Polygon", "coordinates": [ [ [ -89.45, 44.75 ], [ -89.35, 44.75 ], [ -89.35, 44.65 ], [ -89.45, 44.65 ], [ -89.45, 44.75 ] ] ] } },
{ "type": "Feature", "properties": { "lat": 44.7, "lng": -89.3 }, "geometry": { "type": "Polygon", "coordinates": [ [ [ -89.35, 44.75 ], [ -89.25, 44.75 ], [ -89.25, 44.65 ], [ -89.35, 44.65 ], [ -89.35, 44.75 ] ] ] } },
{ "type": "Feature", "properties": { "lat": 44.7, "lng": -89.2 }, "geometry": { "type": "Polygon", "coordinates": [ [ [ -89.25, 44.75 ], [ -89.15, 44.75 ], [ -89.15, 44.65 ], [ -89.25, 44.65 ], [ -89.25, 44.75 ] ] ] } },
{ "type": "Feature", "properties": { "lat": 44.7, "lng": -89.1 }, "geometry": { "type": "Polygon", "coordinates": [ [ [ -89.15, 44.75 ], [ -89.05, 44.75 ], [ -89.05, 44.65 ], [ -89.15, 44.65 ], [ -89.15, 44.75 ] ] ] } },
{ "type": "Feature", "properties": { "lat": 44.7, "lng": -89.0 }, "geometry": { "type": "Polygon", "coordinates": [ [ [ -89.05, 44.75 ], [ -88.95, 44.75 ], [ -88.95, 44.65 ], [ -89.05, 44.65 ], [ -89.05, 44.75 ] ] ] } },
{ "type": "Feature", "properties": { "lat": 44.7, "lng": -88.9 }, "geometry": { "type": "Polygon", "coordinates": [ [ [ -88.95, 44.75 ], [ -88.85, 44.75 ], [ -88.85, 44.65 ], [ -88.95, 44.65 ], [ -88.95, 44.75 ] ] ] } },
{ "type": "Feature", "properties": { "lat": 44.7, "lng": -88.8 }, "geometry": { "type": "Polygon", "coordinates": [ [ [ -88.85, 44.75 ], [ -88.75, 44.75 ], [ -88.75, 44.65 ], [ -88.85, 44.65 ], [ -88.85, 44.75 ] ] ] } },
{ "type": "Feature", "properties": { "lat": 44.7, "lng": -88.7 }, "geometry": { "type": "Polygon", "coordinates": [ [ [ -88.75, 44.75 ], [ -88.65, 44.75 ], [ -88.65, 44.65 ], [ -88.75, 44.65 ], [ -88.75, 44.75 ] ] ] } },
{ "type": "Feature", "properties": { "lat": 44.7, "lng": -88.6 }, "geometry": { "type": "Polygon", "coordinates": [ [ [ -88.65, 44.75 ], [ -88.55, 44.75 ], [ -88.55, 44.65 ], [ -88.65, 44.65 ], [ -88.65, 44.75 ] ] ] } },
{ "type": "Feature", "properties": { "lat": 44.7, "lng": -88.5 }, "geometry": { "type": "Polygon", "coordinates": [ [ [ -88.55, 44.75 ], [ -88.45, 44.75 ], [ -88.45, 44.65 ], [ -88.55, 44.65 ], [ -88.55, 44.75 ] ] ] } },
{ "type": "Feature", "properties": { "lat": 44.7, "lng": -88.4 }, "geometry": { "type": "Polygon", "coordinates": [ [ [ -88.45, 44.75 ], [ -88.35, 44.75 ], [ -88.35, 44.65 ], [ -88.45, 44.65 ], [ -88.45, 44.75 ] ] ] } },
{ "type": "Feature", "properties": { "lat": 44.7, "lng": -88.3 }, "geometry": { "type": "Polygon", "coordinates": [ [ [ -88.35, 44.75 ], [ -88.25, 44.75 ], [ -88.25, 44.65 ], [ -88.35, 44.65 ], [ -88.35, 44.75 ] ] ] } },
{ "type": "Feature", "properties": { "lat": 44.7, "lng": -88.2 }, "geometry": { "type": "Polygon", "coordinates": [ [ [ -88.25, 44.75 ], [ -88.15, 44.75 ], [ -88.15, 44.65 ], [ -88.25, 44.65 ], [ -88.25, 44.75 ] ] ] } },
{ "type": "Feature", "properties": { "lat": 44.7, "lng": -88.1 }, "geometry": { "type": "Polygon", "coordinates": [ [ [ -88.15, 44.75 ], [ -88.05, 44.75 ], [ -88.05, 44.65 ], [ -88.15, 44.65 ], [ -88.15, 44.75 ] ] ] } },
{ "type": "Feature", "properties": { "lat": 44.7, "lng": -88.0 }, "geometry": { "type": "Polygon", "coordinates": [ [ [ -88.05, 44.75 ], [ -87.95, 44.75 ], [ -87.95, 44.65 ], [ -88.05, 44.65 ], [ -88.05, 44.75 ] ] ] } },
{ "type": "Feature", "properties": { "lat": 44.7, "lng": -87.9 }, "geometry": { "type": "Polygon", "coordinates": [ [ [ -87.95, 44.75 ], [ -87.85, 44.75 ], [ -87.85, 44.65 ], [ -87.95, 44.65 ], [ -87.95, 44.75 ] ] ] } },
{ "type": "Feature", "properties": { "lat": 44.7, "lng": -87.8 }, "geometry": { "type": "Polygon", "coordinates": [ [ [ -87.85, 44.75 ], [ -87.75, 44.75 ], [ -87.75, 44.65 ], [ -87.85, 44.65 ], [ -87.85, 44.75 ] ] ] } },
{ "type": "Feature", "properties": { "lat": 44.7, "lng": -87.7 }, "geometry": { "type": "Polygon", "coordinates": [ [ [ -87.75, 44.75 ], [ -87.65, 44.75 ], [ -87.65, 44.65 ], [ -87.75, 44.65 ], [ -87.75, 44.75 ] ] ] } },
{ "type": "Feature", "properties": { "lat": 44.7, "lng": -87.6 }, "geometry": { "type": "Polygon", "coordinates": [ [ [ -87.65, 44.75 ], [ -87.55, 44.75 ], [ -87.55, 44.65 ], [ -87.65, 44.65 ], [ -87.65, 44.75 ] ] ] } },
{ "type": "Feature", "properties": { "lat": 44.7, "lng": -87.5 }, "geometry": { "type": "Polygon", "coordinates": [ [ [ -87.55, 44.75 ], [ -87.45, 44.75 ], [ -87.45, 44.65 ], [ -87.55, 44.65 ], [ -87.55, 44.75 ] ] ] } },
{ "type": "Feature", "properties": { "lat": 44.7, "lng": -87.4 }, "geometry": { "type": "Polygon", "coordinates": [ [ [ -87.45, 44.75 ], [ -87.35, 44.75 ], [ -87.35, 44.65 ], [ -87.45, 44.65 ], [ -87.45, 44.75 ] ] ] } },
{ "type": "Feature", "properties": { "lat": 44.7, "lng": -87.3 }, "geometry": { "type": "Polygon", "coordinates": [ [ [ -87.35, 44.75 ], [ -87.25, 44.75 ], [ -87.25, 44.65 ], [ -87.35, 44.65 ], [ -87.35, 44.75 ] ] ] } },
{ "type": "Feature", "properties": { "lat": 44.7, "lng": -87.2 }, "geometry": { "type": "Polygon", "coordinates": [ [ [ -87.25, 44.75 ], [ -87.15, 44.75 ], [ -87.15, 44.65 ], [ -87.25, 44.65 ], [ -87.25, 44.75 ] ] ] } },
{ "type": "Feature", "properties": { "lat": 44.7, "lng": -87.1 }, "geometry": { "type": "Polygon", "coordinates": [ [ [ -87.15, 44.75 ], [ -87.05, 44.75 ], [ -87.05, 44.65 ], [ -87.15, 44.65 ], [ -87.15, 44.75 ] ] ] } },
{ "type": "Feature", "properties": { "lat": 44.7, "lng": -87.0 }, "geometry": { "type": "Polygon", "coordinates": [ [ [ -87.05, 44.75 ], [ -86.95, 44.75 ], [ -86.95, 44.65 ], [ -87.05, 44.65 ], [ -87.05, 44.75 ] ] ] } },
{ "type": "Feature", "properties": { "lat": 44.7, "lng": -86.9 }, "geometry": { "type": "Polygon", "coordinates": [ [ [ -86.95, 44.75 ], [ -86.85, 44.75 ], [ -86.85, 44.65 ], [ -86.95, 44.65 ], [ -86.95, 44.75 ] ] ] } },
{ "type": "Feature", "properties": { "lat": 44.7, "lng": -86.8 }, "geometry": { "type": "Polygon", "coordinates": [ [ [ -86.85, 44.75 ], [ -86.75, 44.75 ], [ -86.75, 44.65 ], [ -86.85, 44.65 ], [ -86.85, 44.75 ] ] ] } },
{ "type": "Feature", "properties": { "lat": 44.8, "lng": -93.0 }, "geometry": { "type": "Polygon", "coordinates": [ [ [ -93.05, 44.85 ], [ -92.95, 44.85 ], [ -92.95, 44.75 ], [ -93.05, 44.75 ], [ -93.05, 44.85 ] ] ] } },
{ "type": "Feature", "properties": { "lat": 44.8, "lng": -92.9 }, "geometry": { "type": "Polygon", "coordinates": [ [ [ -92.95, 44.85 ], [ -92.85, 44.85 ], [ -92.85, 44.75 ], [ -92.95, 44.75 ], [ -92.95, 44.85 ] ] ] } },
{ "type": "Feature", "properties": { "lat": 44.8, "lng": -92.8 }, "geometry": { "type": "Polygon", "coordinates": [ [ [ -92.85, 44.85 ], [ -92.75, 44.85 ], [ -92.75, 44.75 ], [ -92.85, 44.75 ], [ -92.85, 44.85 ] ] ] } },
{ "type": "Feature", "properties": { "lat": 44.8, "lng": -92.7 }, "geometry": { "type": "Polygon", "coordinates": [ [ [ -92.75, 44.85 ], [ -92.65, 44.85 ], [ -92.65, 44.75 ], [ -92.75, 44.75 ], [ -92.75, 44.85 ] ] ] } },
{ "type": "Feature", "properties": { "lat": 44.8, "lng": -92.6 }, "geometry": { "type": "Polygon", "coordinates": [ [ [ -92.65, 44.85 ], [ -92.55, 44.85 ], [ -92.55, 44.75 ], [ -92.65, 44.75 ], [ -92.65, 44.85 ] ] ] } },
{ "type": "Feature", "properties": { "lat": 44.8, "lng": -92.5 }, "geometry": { "type": "Polygon", "coordinates": [ [ [ -92.55, 44.85 ], [ -92.45, 44.85 ], [ -92.45, 44.75 ], [ -92.55, 44.75 ], [ -92.55, 44.85 ] ] ] } },
{ "type": "Feature", "properties": { "lat": 44.8, "lng": -92.4 }, "geometry": { "type": "Polygon", "coordinates": [ [ [ -92.45, 44.85 ], [ -92.35, 44.85 ], [ -92.35, 44.75 ], [ -92.45, 44.75 ], [ -92.45, 44.85 ] ] ] } },
{ "type": "Feature", "properties": { "lat": 44.8, "lng": -92.3 }, "geometry": { "type": "Polygon", "coordinates": [ [ [ -92.35, 44.85 ], [ -92.25, 44.85 ], [ -92.25, 44.75 ], [ -92.35, 44.75 ], [ -92.35, 44.85 ] ] ] } },
{ "type": "Feature", "properties": { "lat": 44.8, "lng": -92.2 }, "geometry": { "type": "Polygon", "coordinates": [ [ [ -92.25, 44.85 ], [ -92.15, 44.85 ], [ -92.15, 44.75 ], [ -92.25, 44.75 ], [ -92.25, 44.85 ] ] ] } },
{ "type": "Feature", "properties": { "lat": 44.8, "lng": -92.1 }, "geometry": { "type": "Polygon", "coordinates": [ [ [ -92.15, 44.85 ], [ -92.05, 44.85 ], [ -92.05, 44.75 ], [ -92.15, 44.75 ], [ -92.15, 44.85 ] ] ] } },
{ "type": "Feature", "properties": { "lat": 44.8, "lng": -92.0 }, "geometry": { "type": "Polygon", "coordinates": [ [ [ -92.05, 44.85 ], [ -91.95, 44.85 ], [ -91.95, 44.75 ], [ -92.05, 44.75 ], [ -92.05, 44.85 ] ] ] } },
{ "type": "Feature", "properties": { "lat": 44.8, "lng": -91.9 }, "geometry": { "type": "Polygon", "coordinates": [ [ [ -91.95, 44.85 ], [ -91.85, 44.85 ], [ -91.85, 44.75 ], [ -91.95, 44.75 ], [ -91.95, 44.85 ] ] ] } },
{ "type": "Feature", "properties": { "lat": 44.8, "lng": -91.8 }, "geometry": { "type": "Polygon", "coordinates": [ [ [ -91.85, 44.85 ], [ -91.75, 44.85 ], [ -91.75, 44.75 ], [ -91.85, 44.75 ], [ -91.85, 44.85 ] ] ] } },
{ "type": "Feature", "properties": { "lat": 44.8, "lng": -91.7 }, "geometry": { "type": "Polygon", "coordinates": [ [ [ -91.75, 44.85 ], [ -91.65, 44.85 ], [ -91.65, 44.75 ], [ -91.75, 44.75 ], [ -91.75, 44.85 ] ] ] } },
{ "type": "Feature", "properties": { "lat": 44.8, "lng": -91.6 }, "geometry": { "type": "Polygon", "coordinates": [ [ [ -91.65, 44.85 ], [ -91.55, 44.85 ], [ -91.55, 44.75 ], [ -91.65, 44.75 ], [ -91.65, 44.85 ] ] ] } },
{ "type": "Feature", "properties": { "lat": 44.8, "lng": -91.5 }, "geometry": { "type": "Polygon", "coordinates": [ [ [ -91.55, 44.85 ], [ -91.45, 44.85 ], [ -91.45, 44.75 ], [ -91.55, 44.75 ], [ -91.55, 44.85 ] ] ] } },
{ "type": "Feature", "properties": { "lat": 44.8, "lng": -91.4 }, "geometry": { "type": "Polygon", "coordinates": [ [ [ -91.45, 44.85 ], [ -91.35, 44.85 ], [ -91.35, 44.75 ], [ -91.45, 44.75 ], [ -91.45, 44.85 ] ] ] } },
{ "type": "Feature", "properties": { "lat": 44.8, "lng": -91.3 }, "geometry": { "type": "Polygon", "coordinates": [ [ [ -91.35, 44.85 ], [ -91.25, 44.85 ], [ -91.25, 44.75 ], [ -91.35, 44.75 ], [ -91.35, 44.85 ] ] ] } },
{ "type": "Feature", "properties": { "lat": 44.8, "lng": -91.2 }, "geometry": { "type": "Polygon", "coordinates": [ [ [ -91.25, 44.85 ], [ -91.15, 44.85 ], [ -91.15, 44.75 ], [ -91.25, 44.75 ], [ -91.25, 44.85 ] ] ] } },
{ "type": "Feature", "properties": { "lat": 44.8, "lng": -91.1 }, "geometry": { "type": "Polygon", "coordinates": [ [ [ -91.15, 44.85 ], [ -91.05, 44.85 ], [ -91.05, 44.75 ], [ -91.15, 44.75 ], [ -91.15, 44.85 ] ] ] } },
{ "type": "Feature", "properties": { "lat": 44.8, "lng": -91.0 }, "geometry": { "type": "Polygon", "coordinates": [ [ [ -91.05, 44.85 ], [ -90.95, 44.85 ], [ -90.95, 44.75 ], [ -91.05, 44.75 ], [ -91.05, 44.85 ] ] ] } },
{ "type": "Feature", "properties": { "lat": 44.8, "lng": -90.9 }, "geometry": { "type": "Polygon", "coordinates": [ [ [ -90.95, 44.85 ], [ -90.85, 44.85 ], [ -90.85, 44.75 ], [ -90.95, 44.75 ], [ -90.95, 44.85 ] ] ] } },
{ "type": "Feature", "properties": { "lat": 44.8, "lng": -90.8 }, "geometry": { "type": "Polygon", "coordinates": [ [ [ -90.85, 44.85 ], [ -90.75, 44.85 ], [ -90.75, 44.75 ], [ -90.85, 44.75 ], [ -90.85, 44.85 ] ] ] } },
{ "type": "Feature", "properties": { "lat": 44.8, "lng": -90.7 }, "geometry": { "type": "Polygon", "coordinates": [ [ [ -90.75, 44.85 ], [ -90.65, 44.85 ], [ -90.65, 44.75 ], [ -90.75, 44.75 ], [ -90.75, 44.85 ] ] ] } },
{ "type": "Feature", "properties": { "lat": 44.8, "lng": -90.6 }, "geometry": { "type": "Polygon", "coordinates": [ [ [ -90.65, 44.85 ], [ -90.55, 44.85 ], [ -90.55, 44.75 ], [ -90.65, 44.75 ], [ -90.65, 44.85 ] ] ] } },
{ "type": "Feature", "properties": { "lat": 44.8, "lng": -90.5 }, "geometry": { "type": "Polygon", "coordinates": [ [ [ -90.55, 44.85 ], [ -90.45, 44.85 ], [ -90.45, 44.75 ], [ -90.55, 44.75 ], [ -90.55, 44.85 ] ] ] } },
{ "type": "Feature", "properties": { "lat": 44.8, "lng": -90.4 }, "geometry": { "type": "Polygon", "coordinates": [ [ [ -90.45, 44.85 ], [ -90.35, 44.85 ], [ -90.35, 44.75 ], [ -90.45, 44.75 ], [ -90.45, 44.85 ] ] ] } },
{ "type": "Feature", "properties": { "lat": 44.8, "lng": -90.3 }, "geometry": { "type": "Polygon", "coordinates": [ [ [ -90.35, 44.85 ], [ -90.25, 44.85 ], [ -90.25, 44.75 ], [ -90.35, 44.75 ], [ -90.35, 44.85 ] ] ] } },
{ "type": "Feature", "properties": { "lat": 44.8, "lng": -90.2 }, "geometry": { "type": "Polygon", "coordinates": [ [ [ -90.25, 44.85 ], [ -90.15, 44.85 ], [ -90.15, 44.75 ], [ -90.25, 44.75 ], [ -90.25, 44.85 ] ] ] } },
{ "type": "Feature", "properties": { "lat": 44.8, "lng": -90.1 }, "geometry": { "type": "Polygon", "coordinates": [ [ [ -90.15, 44.85 ], [ -90.05, 44.85 ], [ -90.05, 44.75 ], [ -90.15, 44.75 ], [ -90.15, 44.85 ] ] ] } },
{ "type": "Feature", "properties": { "lat": 44.8, "lng": -90.0 }, "geometry": { "type": "Polygon", "coordinates": [ [ [ -90.05, 44.85 ], [ -89.95, 44.85 ], [ -89.95, 44.75 ], [ -90.05, 44.75 ], [ -90.05, 44.85 ] ] ] } },
{ "type": "Feature", "properties": { "lat": 44.8, "lng": -89.9 }, "geometry": { "type": "Polygon", "coordinates": [ [ [ -89.95, 44.85 ], [ -89.85, 44.85 ], [ -89.85, 44.75 ], [ -89.95, 44.75 ], [ -89.95, 44.85 ] ] ] } },
{ "type": "Feature", "properties": { "lat": 44.8, "lng": -89.8 }, "geometry": { "type": "Polygon", "coordinates": [ [ [ -89.85, 44.85 ], [ -89.75, 44.85 ], [ -89.75, 44.75 ], [ -89.85, 44.75 ], [ -89.85, 44.85 ] ] ] } },
{ "type": "Feature", "properties": { "lat": 44.8, "lng": -89.7 }, "geometry": { "type": "Polygon", "coordinates": [ [ [ -89.75, 44.85 ], [ -89.65, 44.85 ], [ -89.65, 44.75 ], [ -89.75, 44.75 ], [ -89.75, 44.85 ] ] ] } },
{ "type": "Feature", "properties": { "lat": 44.8, "lng": -89.6 }, "geometry": { "type": "Polygon", "coordinates": [ [ [ -89.65, 44.85 ], [ -89.55, 44.85 ], [ -89.55, 44.75 ], [ -89.65, 44.75 ], [ -89.65, 44.85 ] ] ] } },
{ "type": "Feature", "properties": { "lat": 44.8, "lng": -89.5 }, "geometry": { "type": "Polygon", "coordinates": [ [ [ -89.55, 44.85 ], [ -89.45, 44.85 ], [ -89.45, 44.75 ], [ -89.55, 44.75 ], [ -89.55, 44.85 ] ] ] } },
{ "type": "Feature", "properties": { "lat": 44.8, "lng": -89.4 }, "geometry": { "type": "Polygon", "coordinates": [ [ [ -89.45, 44.85 ], [ -89.35, 44.85 ], [ -89.35, 44.75 ], [ -89.45, 44.75 ], [ -89.45, 44.85 ] ] ] } },
{ "type": "Feature", "properties": { "lat": 44.8, "lng": -89.3 }, "geometry": { "type": "Polygon", "coordinates": [ [ [ -89.35, 44.85 ], [ -89.25, 44.85 ], [ -89.25, 44.75 ], [ -89.35, 44.75 ], [ -89.35, 44.85 ] ] ] } },
{ "type": "Feature", "properties": { "lat": 44.8, "lng": -89.2 }, "geometry": { "type": "Polygon", "coordinates": [ [ [ -89.25, 44.85 ], [ -89.15, 44.85 ], [ -89.15, 44.75 ], [ -89.25, 44.75 ], [ -89.25, 44.85 ] ] ] } },
{ "type": "Feature", "properties": { "lat": 44.8, "lng": -89.1 }, "geometry": { "type": "Polygon", "coordinates": [ [ [ -89.15, 44.85 ], [ -89.05, 44.85 ], [ -89.05, 44.75 ], [ -89.15, 44.75 ], [ -89.15, 44.85 ] ] ] } },
{ "type": "Feature", "properties": { "lat": 44.8, "lng": -89.0 }, "geometry": { "type": "Polygon", "coordinates": [ [ [ -89.05, 44.85 ], [ -88.95, 44.85 ], [ -88.95, 44.75 ], [ -89.05, 44.75 ], [ -89.05, 44.85 ] ] ] } },
{ "type": "Feature", "properties": { "lat": 44.8, "lng": -88.9 }, "geometry": { "type": "Polygon", "coordinates": [ [ [ -88.95, 44.85 ], [ -88.85, 44.85 ], [ -88.85, 44.75 ], [ -88.95, 44.75 ], [ -88.95, 44.85 ] ] ] } },
{ "type": "Feature", "properties": { "lat": 44.8, "lng": -88.8 }, "geometry": { "type": "Polygon", "coordinates": [ [ [ -88.85, 44.85 ], [ -88.75, 44.85 ], [ -88.75, 44.75 ], [ -88.85, 44.75 ], [ -88.85, 44.85 ] ] ] } },
{ "type": "Feature", "properties": { "lat": 44.8, "lng": -88.7 }, "geometry": { "type": "Polygon", "coordinates": [ [ [ -88.75, 44.85 ], [ -88.65, 44.85 ], [ -88.65, 44.75 ], [ -88.75, 44.75 ], [ -88.75, 44.85 ] ] ] } },
{ "type": "Feature", "properties": { "lat": 44.8, "lng": -88.6 }, "geometry": { "type": "Polygon", "coordinates": [ [ [ -88.65, 44.85 ], [ -88.55, 44.85 ], [ -88.55, 44.75 ], [ -88.65, 44.75 ], [ -88.65, 44.85 ] ] ] } },
{ "type": "Feature", "properties": { "lat": 44.8, "lng": -88.5 }, "geometry": { "type": "Polygon", "coordinates": [ [ [ -88.55, 44.85 ], [ -88.45, 44.85 ], [ -88.45, 44.75 ], [ -88.55, 44.75 ], [ -88.55, 44.85 ] ] ] } },
{ "type": "Feature", "properties": { "lat": 44.8, "lng": -88.4 }, "geometry": { "type": "Polygon", "coordinates": [ [ [ -88.45, 44.85 ], [ -88.35, 44.85 ], [ -88.35, 44.75 ], [ -88.45, 44.75 ], [ -88.45, 44.85 ] ] ] } },
{ "type": "Feature", "properties": { "lat": 44.8, "lng": -88.3 }, "geometry": { "type": "Polygon", "coordinates": [ [ [ -88.35, 44.85 ], [ -88.25, 44.85 ], [ -88.25, 44.75 ], [ -88.35, 44.75 ], [ -88.35, 44.85 ] ] ] } },
{ "type": "Feature", "properties": { "lat": 44.8, "lng": -88.2 }, "geometry": { "type": "Polygon", "coordinates": [ [ [ -88.25, 44.85 ], [ -88.15, 44.85 ], [ -88.15, 44.75 ], [ -88.25, 44.75 ], [ -88.25, 44.85 ] ] ] } },
{ "type": "Feature", "properties": { "lat": 44.8, "lng": -88.1 }, "geometry": { "type": "Polygon", "coordinates": [ [ [ -88.15, 44.85 ], [ -88.05, 44.85 ], [ -88.05, 44.75 ], [ -88.15, 44.75 ], [ -88.15, 44.85 ] ] ] } },
{ "type": "Feature", "properties": { "lat": 44.8, "lng": -88.0 }, "geometry": { "type": "Polygon", "coordinates": [ [ [ -88.05, 44.85 ], [ -87.95, 44.85 ], [ -87.95, 44.75 ], [ -88.05, 44.75 ], [ -88.05, 44.85 ] ] ] } },
{ "type": "Feature", "properties": { "lat": 44.8, "lng": -87.9 }, "geometry": { "type": "Polygon", "coordinates": [ [ [ -87.95, 44.85 ], [ -87.85, 44.85 ], [ -87.85, 44.75 ], [ -87.95, 44.75 ], [ -87.95, 44.85 ] ] ] } },
{ "type": "Feature", "properties": { "lat": 44.8, "lng": -87.8 }, "geometry": { "type": "Polygon", "coordinates": [ [ [ -87.85, 44.85 ], [ -87.75, 44.85 ], [ -87.75, 44.75 ], [ -87.85, 44.75 ], [ -87.85, 44.85 ] ] ] } },
{ "type": "Feature", "properties": { "lat": 44.8, "lng": -87.7 }, "geometry": { "type": "Polygon", "coordinates": [ [ [ -87.75, 44.85 ], [ -87.65, 44.85 ], [ -87.65, 44.75 ], [ -87.75, 44.75 ], [ -87.75, 44.85 ] ] ] } },
{ "type": "Feature", "properties": { "lat": 44.8, "lng": -87.6 }, "geometry": { "type": "Polygon", "coordinates": [ [ [ -87.65, 44.85 ], [ -87.55, 44.85 ], [ -87.55, 44.75 ], [ -87.65, 44.75 ], [ -87.65, 44.85 ] ] ] } },
{ "type": "Feature", "properties": { "lat": 44.8, "lng": -87.5 }, "geometry": { "type": "Polygon", "coordinates": [ [ [ -87.55, 44.85 ], [ -87.45, 44.85 ], [ -87.45, 44.75 ], [ -87.55, 44.75 ], [ -87.55, 44.85 ] ] ] } },
{ "type": "Feature", "properties": { "lat": 44.8, "lng": -87.4 }, "geometry": { "type": "Polygon", "coordinates": [ [ [ -87.45, 44.85 ], [ -87.35, 44.85 ], [ -87.35, 44.75 ], [ -87.45, 44.75 ], [ -87.45, 44.85 ] ] ] } },
{ "type": "Feature", "properties": { "lat": 44.8, "lng": -87.3 }, "geometry": { "type": "Polygon", "coordinates": [ [ [ -87.35, 44.85 ], [ -87.25, 44.85 ], [ -87.25, 44.75 ], [ -87.35, 44.75 ], [ -87.35, 44.85 ] ] ] } },
{ "type": "Feature", "properties": { "lat": 44.8, "lng": -87.2 }, "geometry": { "type": "Polygon", "coordinates": [ [ [ -87.25, 44.85 ], [ -87.15, 44.85 ], [ -87.15, 44.75 ], [ -87.25, 44.75 ], [ -87.25, 44.85 ] ] ] } },
{ "type": "Feature", "properties": { "lat": 44.8, "lng": -87.1 }, "geometry": { "type": "Polygon", "coordinates": [ [ [ -87.15, 44.85 ], [ -87.05, 44.85 ], [ -87.05, 44.75 ], [ -87.15, 44.75 ], [ -87.15, 44.85 ] ] ] } },
{ "type": "Feature", "properties": { "lat": 44.8, "lng": -87.0 }, "geometry": { "type": "Polygon", "coordinates": [ [ [ -87.05, 44.85 ], [ -86.95, 44.85 ], [ -86.95, 44.75 ], [ -87.05, 44.75 ], [ -87.05, 44.85 ] ] ] } },
{ "type": "Feature", "properties": { "lat": 44.8, "lng": -86.9 }, "geometry": { "type": "Polygon", "coordinates": [ [ [ -86.95, 44.85 ], [ -86.85, 44.85 ], [ -86.85, 44.75 ], [ -86.95, 44.75 ], [ -86.95, 44.85 ] ] ] } },
{ "type": "Feature", "properties": { "lat": 44.8, "lng": -86.8 }, "geometry": { "type": "Polygon", "coordinates": [ [ [ -86.85, 44.85 ], [ -86.75, 44.85 ], [ -86.75, 44.75 ], [ -86.85, 44.75 ], [ -86.85, 44.85 ] ] ] } },
{ "type": "Feature", "properties": { "lat": 44.9, "lng": -93.0 }, "geometry": { "type": "Polygon", "coordinates": [ [ [ -93.05, 44.95 ], [ -92.95, 44.95 ], [ -92.95, 44.85 ], [ -93.05, 44.85 ], [ -93.05, 44.95 ] ] ] } },
{ "type": "Feature", "properties": { "lat": 44.9, "lng": -92.9 }, "geometry": { "type": "Polygon", "coordinates": [ [ [ -92.95, 44.95 ], [ -92.85, 44.95 ], [ -92.85, 44.85 ], [ -92.95, 44.85 ], [ -92.95, 44.95 ] ] ] } },
{ "type": "Feature", "properties": { "lat": 44.9, "lng": -92.8 }, "geometry": { "type": "Polygon", "coordinates": [ [ [ -92.85, 44.95 ], [ -92.75, 44.95 ], [ -92.75, 44.85 ], [ -92.85, 44.85 ], [ -92.85, 44.95 ] ] ] } },
{ "type": "Feature", "properties": { "lat": 44.9, "lng": -92.7 }, "geometry": { "type": "Polygon", "coordinates": [ [ [ -92.75, 44.95 ], [ -92.65, 44.95 ], [ -92.65, 44.85 ], [ -92.75, 44.85 ], [ -92.75, 44.95 ] ] ] } },
{ "type": "Feature", "properties": { "lat": 44.9, "lng": -92.6 }, "geometry": { "type": "Polygon", "coordinates": [ [ [ -92.65, 44.95 ], [ -92.55, 44.95 ], [ -92.55, 44.85 ], [ -92.65, 44.85 ], [ -92.65, 44.95 ] ] ] } },
{ "type": "Feature", "properties": { "lat": 44.9, "lng": -92.5 }, "geometry": { "type": "Polygon", "coordinates": [ [ [ -92.55, 44.95 ], [ -92.45, 44.95 ], [ -92.45, 44.85 ], [ -92.55, 44.85 ], [ -92.55, 44.95 ] ] ] } },
{ "type": "Feature", "properties": { "lat": 44.9, "lng": -92.4 }, "geometry": { "type": "Polygon", "coordinates": [ [ [ -92.45, 44.95 ], [ -92.35, 44.95 ], [ -92.35, 44.85 ], [ -92.45, 44.85 ], [ -92.45, 44.95 ] ] ] } },
{ "type": "Feature", "properties": { "lat": 44.9, "lng": -92.3 }, "geometry": { "type": "Polygon", "coordinates": [ [ [ -92.35, 44.95 ], [ -92.25, 44.95 ], [ -92.25, 44.85 ], [ -92.35, 44.85 ], [ -92.35, 44.95 ] ] ] } },
{ "type": "Feature", "properties": { "lat": 44.9, "lng": -92.2 }, "geometry": { "type": "Polygon", "coordinates": [ [ [ -92.25, 44.95 ], [ -92.15, 44.95 ], [ -92.15, 44.85 ], [ -92.25, 44.85 ], [ -92.25, 44.95 ] ] ] } },
{ "type": "Feature", "properties": { "lat": 44.9, "lng": -92.1 }, "geometry": { "type": "Polygon", "coordinates": [ [ [ -92.15, 44.95 ], [ -92.05, 44.95 ], [ -92.05, 44.85 ], [ -92.15, 44.85 ], [ -92.15, 44.95 ] ] ] } },
{ "type": "Feature", "properties": { "lat": 44.9, "lng": -92.0 }, "geometry": { "type": "Polygon", "coordinates": [ [ [ -92.05, 44.95 ], [ -91.95, 44.95 ], [ -91.95, 44.85 ], [ -92.05, 44.85 ], [ -92.05, 44.95 ] ] ] } },
{ "type": "Feature", "properties": { "lat": 44.9, "lng": -91.9 }, "geometry": { "type": "Polygon", "coordinates": [ [ [ -91.95, 44.95 ], [ -91.85, 44.95 ], [ -91.85, 44.85 ], [ -91.95, 44.85 ], [ -91.95, 44.95 ] ] ] } },
{ "type": "Feature", "properties": { "lat": 44.9, "lng": -91.8 }, "geometry": { "type": "Polygon", "coordinates": [ [ [ -91.85, 44.95 ], [ -91.75, 44.95 ], [ -91.75, 44.85 ], [ -91.85, 44.85 ], [ -91.85, 44.95 ] ] ] } },
{ "type": "Feature", "properties": { "lat": 44.9, "lng": -91.7 }, "geometry": { "type": "Polygon", "coordinates": [ [ [ -91.75, 44.95 ], [ -91.65, 44.95 ], [ -91.65, 44.85 ], [ -91.75, 44.85 ], [ -91.75, 44.95 ] ] ] } },
{ "type": "Feature", "properties": { "lat": 44.9, "lng": -91.6 }, "geometry": { "type": "Polygon", "coordinates": [ [ [ -91.65, 44.95 ], [ -91.55, 44.95 ], [ -91.55, 44.85 ], [ -91.65, 44.85 ], [ -91.65, 44.95 ] ] ] } },
{ "type": "Feature", "properties": { "lat": 44.9, "lng": -91.5 }, "geometry": { "type": "Polygon", "coordinates": [ [ [ -91.55, 44.95 ], [ -91.45, 44.95 ], [ -91.45, 44.85 ], [ -91.55, 44.85 ], [ -91.55, 44.95 ] ] ] } },
{ "type": "Feature", "properties": { "lat": 44.9, "lng": -91.4 }, "geometry": { "type": "Polygon", "coordinates": [ [ [ -91.45, 44.95 ], [ -91.35, 44.95 ], [ -91.35, 44.85 ], [ -91.45, 44.85 ], [ -91.45, 44.95 ] ] ] } },
{ "type": "Feature", "properties": { "lat": 44.9, "lng": -91.3 }, "geometry": { "type": "Polygon", "coordinates": [ [ [ -91.35, 44.95 ], [ -91.25, 44.95 ], [ -91.25, 44.85 ], [ -91.35, 44.85 ], [ -91.35, 44.95 ] ] ] } },
{ "type": "Feature", "properties": { "lat": 44.9, "lng": -91.2 }, "geometry": { "type": "Polygon", "coordinates": [ [ [ -91.25, 44.95 ], [ -91.15, 44.95 ], [ -91.15, 44.85 ], [ -91.25, 44.85 ], [ -91.25, 44.95 ] ] ] } },
{ "type": "Feature", "properties": { "lat": 44.9, "lng": -91.1 }, "geometry": { "type": "Polygon", "coordinates": [ [ [ -91.15, 44.95 ], [ -91.05, 44.95 ], [ -91.05, 44.85 ], [ -91.15, 44.85 ], [ -91.15, 44.95 ] ] ] } },
{ "type": "Feature", "properties": { "lat": 44.9, "lng": -91.0 }, "geometry": { "type": "Polygon", "coordinates": [ [ [ -91.05, 44.95 ], [ -90.95, 44.95 ], [ -90.95, 44.85 ], [ -91.05, 44.85 ], [ -91.05, 44.95 ] ] ] } },
{ "type": "Feature", "properties": { "lat": 44.9, "lng": -90.9 }, "geometry": { "type": "Polygon", "coordinates": [ [ [ -90.95, 44.95 ], [ -90.85, 44.95 ], [ -90.85, 44.85 ], [ -90.95, 44.85 ], [ -90.95, 44.95 ] ] ] } },
{ "type": "Feature", "properties": { "lat": 44.9, "lng": -90.8 }, "geometry": { "type": "Polygon", "coordinates": [ [ [ -90.85, 44.95 ], [ -90.75, 44.95 ], [ -90.75, 44.85 ], [ -90.85, 44.85 ], [ -90.85, 44.95 ] ] ] } },
{ "type": "Feature", "properties": { "lat": 44.9, "lng": -90.7 }, "geometry": { "type": "Polygon", "coordinates": [ [ [ -90.75, 44.95 ], [ -90.65, 44.95 ], [ -90.65, 44.85 ], [ -90.75, 44.85 ], [ -90.75, 44.95 ] ] ] } },
{ "type": "Feature", "properties": { "lat": 44.9, "lng": -90.6 }, "geometry": { "type": "Polygon", "coordinates": [ [ [ -90.65, 44.95 ], [ -90.55, 44.95 ], [ -90.55, 44.85 ], [ -90.65, 44.85 ], [ -90.65, 44.95 ] ] ] } },
{ "type": "Feature", "properties": { "lat": 44.9, "lng": -90.5 }, "geometry": { "type": "Polygon", "coordinates": [ [ [ -90.55, 44.95 ], [ -90.45, 44.95 ], [ -90.45, 44.85 ], [ -90.55, 44.85 ], [ -90.55, 44.95 ] ] ] } },
{ "type": "Feature", "properties": { "lat": 44.9, "lng": -90.4 }, "geometry": { "type": "Polygon", "coordinates": [ [ [ -90.45, 44.95 ], [ -90.35, 44.95 ], [ -90.35, 44.85 ], [ -90.45, 44.85 ], [ -90.45, 44.95 ] ] ] } },
{ "type": "Feature", "properties": { "lat": 44.9, "lng": -90.3 }, "geometry": { "type": "Polygon", "coordinates": [ [ [ -90.35, 44.95 ], [ -90.25, 44.95 ], [ -90.25, 44.85 ], [ -90.35, 44.85 ], [ -90.35, 44.95 ] ] ] } },
{ "type": "Feature", "properties": { "lat": 44.9, "lng": -90.2 }, "geometry": { "type": "Polygon", "coordinates": [ [ [ -90.25, 44.95 ], [ -90.15, 44.95 ], [ -90.15, 44.85 ], [ -90.25, 44.85 ], [ -90.25, 44.95 ] ] ] } },
{ "type": "Feature", "properties": { "lat": 44.9, "lng": -90.1 }, "geometry": { "type": "Polygon", "coordinates": [ [ [ -90.15, 44.95 ], [ -90.05, 44.95 ], [ -90.05, 44.85 ], [ -90.15, 44.85 ], [ -90.15, 44.95 ] ] ] } },
{ "type": "Feature", "properties": { "lat": 44.9, "lng": -90.0 }, "geometry": { "type": "Polygon", "coordinates": [ [ [ -90.05, 44.95 ], [ -89.95, 44.95 ], [ -89.95, 44.85 ], [ -90.05, 44.85 ], [ -90.05, 44.95 ] ] ] } },
{ "type": "Feature", "properties": { "lat": 44.9, "lng": -89.9 }, "geometry": { "type": "Polygon", "coordinates": [ [ [ -89.95, 44.95 ], [ -89.85, 44.95 ], [ -89.85, 44.85 ], [ -89.95, 44.85 ], [ -89.95, 44.95 ] ] ] } },
{ "type": "Feature", "properties": { "lat": 44.9, "lng": -89.8 }, "geometry": { "type": "Polygon", "coordinates": [ [ [ -89.85, 44.95 ], [ -89.75, 44.95 ], [ -89.75, 44.85 ], [ -89.85, 44.85 ], [ -89.85, 44.95 ] ] ] } },
{ "type": "Feature", "properties": { "lat": 44.9, "lng": -89.7 }, "geometry": { "type": "Polygon", "coordinates": [ [ [ -89.75, 44.95 ], [ -89.65, 44.95 ], [ -89.65, 44.85 ], [ -89.75, 44.85 ], [ -89.75, 44.95 ] ] ] } },
{ "type": "Feature", "properties": { "lat": 44.9, "lng": -89.6 }, "geometry": { "type": "Polygon", "coordinates": [ [ [ -89.65, 44.95 ], [ -89.55, 44.95 ], [ -89.55, 44.85 ], [ -89.65, 44.85 ], [ -89.65, 44.95 ] ] ] } },
{ "type": "Feature", "properties": { "lat": 44.9, "lng": -89.5 }, "geometry": { "type": "Polygon", "coordinates": [ [ [ -89.55, 44.95 ], [ -89.45, 44.95 ], [ -89.45, 44.85 ], [ -89.55, 44.85 ], [ -89.55, 44.95 ] ] ] } },
{ "type": "Feature", "properties": { "lat": 44.9, "lng": -89.4 }, "geometry": { "type": "Polygon", "coordinates": [ [ [ -89.45, 44.95 ], [ -89.35, 44.95 ], [ -89.35, 44.85 ], [ -89.45, 44.85 ], [ -89.45, 44.95 ] ] ] } },
{ "type": "Feature", "properties": { "lat": 44.9, "lng": -89.3 }, "geometry": { "type": "Polygon", "coordinates": [ [ [ -89.35, 44.95 ], [ -89.25, 44.95 ], [ -89.25, 44.85 ], [ -89.35, 44.85 ], [ -89.35, 44.95 ] ] ] } },
{ "type": "Feature", "properties": { "lat": 44.9, "lng": -89.2 }, "geometry": { "type": "Polygon", "coordinates": [ [ [ -89.25, 44.95 ], [ -89.15, 44.95 ], [ -89.15, 44.85 ], [ -89.25, 44.85 ], [ -89.25, 44.95 ] ] ] } },
{ "type": "Feature", "properties": { "lat": 44.9, "lng": -89.1 }, "geometry": { "type": "Polygon", "coordinates": [ [ [ -89.15, 44.95 ], [ -89.05, 44.95 ], [ -89.05, 44.85 ], [ -89.15, 44.85 ], [ -89.15, 44.95 ] ] ] } },
{ "type": "Feature", "properties": { "lat": 44.9, "lng": -89.0 }, "geometry": { "type": "Polygon", "coordinates": [ [ [ -89.05, 44.95 ], [ -88.95, 44.95 ], [ -88.95, 44.85 ], [ -89.05, 44.85 ], [ -89.05, 44.95 ] ] ] } },
{ "type": "Feature", "properties": { "lat": 44.9, "lng": -88.9 }, "geometry": { "type": "Polygon", "coordinates": [ [ [ -88.95, 44.95 ], [ -88.85, 44.95 ], [ -88.85, 44.85 ], [ -88.95, 44.85 ], [ -88.95, 44.95 ] ] ] } },
{ "type": "Feature", "properties": { "lat": 44.9, "lng": -88.8 }, "geometry": { "type": "Polygon", "coordinates": [ [ [ -88.85, 44.95 ], [ -88.75, 44.95 ], [ -88.75, 44.85 ], [ -88.85, 44.85 ], [ -88.85, 44.95 ] ] ] } },
{ "type": "Feature", "properties": { "lat": 44.9, "lng": -88.7 }, "geometry": { "type": "Polygon", "coordinates": [ [ [ -88.75, 44.95 ], [ -88.65, 44.95 ], [ -88.65, 44.85 ], [ -88.75, 44.85 ], [ -88.75, 44.95 ] ] ] } },
{ "type": "Feature", "properties": { "lat": 44.9, "lng": -88.6 }, "geometry": { "type": "Polygon", "coordinates": [ [ [ -88.65, 44.95 ], [ -88.55, 44.95 ], [ -88.55, 44.85 ], [ -88.65, 44.85 ], [ -88.65, 44.95 ] ] ] } },
{ "type": "Feature", "properties": { "lat": 44.9, "lng": -88.5 }, "geometry": { "type": "Polygon", "coordinates": [ [ [ -88.55, 44.95 ], [ -88.45, 44.95 ], [ -88.45, 44.85 ], [ -88.55, 44.85 ], [ -88.55, 44.95 ] ] ] } },
{ "type": "Feature", "properties": { "lat": 44.9, "lng": -88.4 }, "geometry": { "type": "Polygon", "coordinates": [ [ [ -88.45, 44.95 ], [ -88.35, 44.95 ], [ -88.35, 44.85 ], [ -88.45, 44.85 ], [ -88.45, 44.95 ] ] ] } },
{ "type": "Feature", "properties": { "lat": 44.9, "lng": -88.3 }, "geometry": { "type": "Polygon", "coordinates": [ [ [ -88.35, 44.95 ], [ -88.25, 44.95 ], [ -88.25, 44.85 ], [ -88.35, 44.85 ], [ -88.35, 44.95 ] ] ] } },
{ "type": "Feature", "properties": { "lat": 44.9, "lng": -88.2 }, "geometry": { "type": "Polygon", "coordinates": [ [ [ -88.25, 44.95 ], [ -88.15, 44.95 ], [ -88.15, 44.85 ], [ -88.25, 44.85 ], [ -88.25, 44.95 ] ] ] } },
{ "type": "Feature", "properties": { "lat": 44.9, "lng": -88.1 }, "geometry": { "type": "Polygon", "coordinates": [ [ [ -88.15, 44.95 ], [ -88.05, 44.95 ], [ -88.05, 44.85 ], [ -88.15, 44.85 ], [ -88.15, 44.95 ] ] ] } },
{ "type": "Feature", "properties": { "lat": 44.9, "lng": -88.0 }, "geometry": { "type": "Polygon", "coordinates": [ [ [ -88.05, 44.95 ], [ -87.95, 44.95 ], [ -87.95, 44.85 ], [ -88.05, 44.85 ], [ -88.05, 44.95 ] ] ] } },
{ "type": "Feature", "properties": { "lat": 44.9, "lng": -87.9 }, "geometry": { "type": "Polygon", "coordinates": [ [ [ -87.95, 44.95 ], [ -87.85, 44.95 ], [ -87.85, 44.85 ], [ -87.95, 44.85 ], [ -87.95, 44.95 ] ] ] } },
{ "type": "Feature", "properties": { "lat": 44.9, "lng": -87.8 }, "geometry": { "type": "Polygon", "coordinates": [ [ [ -87.85, 44.95 ], [ -87.75, 44.95 ], [ -87.75, 44.85 ], [ -87.85, 44.85 ], [ -87.85, 44.95 ] ] ] } },
{ "type": "Feature", "properties": { "lat": 44.9, "lng": -87.7 }, "geometry": { "type": "Polygon", "coordinates": [ [ [ -87.75, 44.95 ], [ -87.65, 44.95 ], [ -87.65, 44.85 ], [ -87.75, 44.85 ], [ -87.75, 44.95 ] ] ] } },
{ "type": "Feature", "properties": { "lat": 44.9, "lng": -87.6 }, "geometry": { "type": "Polygon", "coordinates": [ [ [ -87.65, 44.95 ], [ -87.55, 44.95 ], [ -87.55, 44.85 ], [ -87.65, 44.85 ], [ -87.65, 44.95 ] ] ] } },
{ "type": "Feature", "properties": { "lat": 44.9, "lng": -87.5 }, "geometry": { "type": "Polygon", "coordinates": [ [ [ -87.55, 44.95 ], [ -87.45, 44.95 ], [ -87.45, 44.85 ], [ -87.55, 44.85 ], [ -87.55, 44.95 ] ] ] } },
{ "type": "Feature", "properties": { "lat": 44.9, "lng": -87.4 }, "geometry": { "type": "Polygon", "coordinates": [ [ [ -87.45, 44.95 ], [ -87.35, 44.95 ], [ -87.35, 44.85 ], [ -87.45, 44.85 ], [ -87.45, 44.95 ] ] ] } },
{ "type": "Feature", "properties": { "lat": 44.9, "lng": -87.3 }, "geometry": { "type": "Polygon", "coordinates": [ [ [ -87.35, 44.95 ], [ -87.25, 44.95 ], [ -87.25, 44.85 ], [ -87.35, 44.85 ], [ -87.35, 44.95 ] ] ] } },
{ "type": "Feature", "properties": { "lat": 44.9, "lng": -87.2 }, "geometry": { "type": "Polygon", "coordinates": [ [ [ -87.25, 44.95 ], [ -87.15, 44.95 ], [ -87.15, 44.85 ], [ -87.25, 44.85 ], [ -87.25, 44.95 ] ] ] } },
{ "type": "Feature", "properties": { "lat": 44.9, "lng": -87.1 }, "geometry": { "type": "Polygon", "coordinates": [ [ [ -87.15, 44.95 ], [ -87.05, 44.95 ], [ -87.05, 44.85 ], [ -87.15, 44.85 ], [ -87.15, 44.95 ] ] ] } },
{ "type": "Feature", "properties": { "lat": 44.9, "lng": -87.0 }, "geometry": { "type": "Polygon", "coordinates": [ [ [ -87.05, 44.95 ], [ -86.95, 44.95 ], [ -86.95, 44.85 ], [ -87.05, 44.85 ], [ -87.05, 44.95 ] ] ] } },
{ "type": "Feature", "properties": { "lat": 44.9, "lng": -86.9 }, "geometry": { "type": "Polygon", "coordinates": [ [ [ -86.95, 44.95 ], [ -86.85, 44.95 ], [ -86.85, 44.85 ], [ -86.95, 44.85 ], [ -86.95, 44.95 ] ] ] } },
{ "type": "Feature", "properties": { "lat": 44.9, "lng": -86.8 }, "geometry": { "type": "Polygon", "coordinates": [ [ [ -86.85, 44.95 ], [ -86.75, 44.95 ], [ -86.75, 44.85 ], [ -86.85, 44.85 ], [ -86.85, 44.95 ] ] ] } },
{ "type": "Feature", "properties": { "lat": 45.0, "lng": -93.0 }, "geometry": { "type": "Polygon", "coordinates": [ [ [ -93.05, 45.05 ], [ -92.95, 45.05 ], [ -92.95, 44.95 ], [ -93.05, 44.95 ], [ -93.05, 45.05 ] ] ] } },
{ "type": "Feature", "properties": { "lat": 45.0, "lng": -92.9 }, "geometry": { "type": "Polygon", "coordinates": [ [ [ -92.95, 45.05 ], [ -92.85, 45.05 ], [ -92.85, 44.95 ], [ -92.95, 44.95 ], [ -92.95, 45.05 ] ] ] } },
{ "type": "Feature", "properties": { "lat": 45.0, "lng": -92.8 }, "geometry": { "type": "Polygon", "coordinates": [ [ [ -92.85, 45.05 ], [ -92.75, 45.05 ], [ -92.75, 44.95 ], [ -92.85, 44.95 ], [ -92.85, 45.05 ] ] ] } },
{ "type": "Feature", "properties": { "lat": 45.0, "lng": -92.7 }, "geometry": { "type": "Polygon", "coordinates": [ [ [ -92.75, 45.05 ], [ -92.65, 45.05 ], [ -92.65, 44.95 ], [ -92.75, 44.95 ], [ -92.75, 45.05 ] ] ] } },
{ "type": "Feature", "properties": { "lat": 45.0, "lng": -92.6 }, "geometry": { "type": "Polygon", "coordinates": [ [ [ -92.65, 45.05 ], [ -92.55, 45.05 ], [ -92.55, 44.95 ], [ -92.65, 44.95 ], [ -92.65, 45.05 ] ] ] } },
{ "type": "Feature", "properties": { "lat": 45.0, "lng": -92.5 }, "geometry": { "type": "Polygon", "coordinates": [ [ [ -92.55, 45.05 ], [ -92.45, 45.05 ], [ -92.45, 44.95 ], [ -92.55, 44.95 ], [ -92.55, 45.05 ] ] ] } },
{ "type": "Feature", "properties": { "lat": 45.0, "lng": -92.4 }, "geometry": { "type": "Polygon", "coordinates": [ [ [ -92.45, 45.05 ], [ -92.35, 45.05 ], [ -92.35, 44.95 ], [ -92.45, 44.95 ], [ -92.45, 45.05 ] ] ] } },
{ "type": "Feature", "properties": { "lat": 45.0, "lng": -92.3 }, "geometry": { "type": "Polygon", "coordinates": [ [ [ -92.35, 45.05 ], [ -92.25, 45.05 ], [ -92.25, 44.95 ], [ -92.35, 44.95 ], [ -92.35, 45.05 ] ] ] } },
{ "type": "Feature", "properties": { "lat": 45.0, "lng": -92.2 }, "geometry": { "type": "Polygon", "coordinates": [ [ [ -92.25, 45.05 ], [ -92.15, 45.05 ], [ -92.15, 44.95 ], [ -92.25, 44.95 ], [ -92.25, 45.05 ] ] ] } },
{ "type": "Feature", "properties": { "lat": 45.0, "lng": -92.1 }, "geometry": { "type": "Polygon", "coordinates": [ [ [ -92.15, 45.05 ], [ -92.05, 45.05 ], [ -92.05, 44.95 ], [ -92.15, 44.95 ], [ -92.15, 45.05 ] ] ] } },
{ "type": "Feature", "properties": { "lat": 45.0, "lng": -92.0 }, "geometry": { "type": "Polygon", "coordinates": [ [ [ -92.05, 45.05 ], [ -91.95, 45.05 ], [ -91.95, 44.95 ], [ -92.05, 44.95 ], [ -92.05, 45.05 ] ] ] } },
{ "type": "Feature", "properties": { "lat": 45.0, "lng": -91.9 }, "geometry": { "type": "Polygon", "coordinates": [ [ [ -91.95, 45.05 ], [ -91.85, 45.05 ], [ -91.85, 44.95 ], [ -91.95, 44.95 ], [ -91.95, 45.05 ] ] ] } },
{ "type": "Feature", "properties": { "lat": 45.0, "lng": -91.8 }, "geometry": { "type": "Polygon", "coordinates": [ [ [ -91.85, 45.05 ], [ -91.75, 45.05 ], [ -91.75, 44.95 ], [ -91.85, 44.95 ], [ -91.85, 45.05 ] ] ] } },
{ "type": "Feature", "properties": { "lat": 45.0, "lng": -91.7 }, "geometry": { "type": "Polygon", "coordinates": [ [ [ -91.75, 45.05 ], [ -91.65, 45.05 ], [ -91.65, 44.95 ], [ -91.75, 44.95 ], [ -91.75, 45.05 ] ] ] } },
{ "type": "Feature", "properties": { "lat": 45.0, "lng": -91.6 }, "geometry": { "type": "Polygon", "coordinates": [ [ [ -91.65, 45.05 ], [ -91.55, 45.05 ], [ -91.55, 44.95 ], [ -91.65, 44.95 ], [ -91.65, 45.05 ] ] ] } },
{ "type": "Feature", "properties": { "lat": 45.0, "lng": -91.5 }, "geometry": { "type": "Polygon", "coordinates": [ [ [ -91.55, 45.05 ], [ -91.45, 45.05 ], [ -91.45, 44.95 ], [ -91.55, 44.95 ], [ -91.55, 45.05 ] ] ] } },
{ "type": "Feature", "properties": { "lat": 45.0, "lng": -91.4 }, "geometry": { "type": "Polygon", "coordinates": [ [ [ -91.45, 45.05 ], [ -91.35, 45.05 ], [ -91.35, 44.95 ], [ -91.45, 44.95 ], [ -91.45, 45.05 ] ] ] } },
{ "type": "Feature", "properties": { "lat": 45.0, "lng": -91.3 }, "geometry": { "type": "Polygon", "coordinates": [ [ [ -91.35, 45.05 ], [ -91.25, 45.05 ], [ -91.25, 44.95 ], [ -91.35, 44.95 ], [ -91.35, 45.05 ] ] ] } },
{ "type": "Feature", "properties": { "lat": 45.0, "lng": -91.2 }, "geometry": { "type": "Polygon", "coordinates": [ [ [ -91.25, 45.05 ], [ -91.15, 45.05 ], [ -91.15, 44.95 ], [ -91.25, 44.95 ], [ -91.25, 45.05 ] ] ] } },
{ "type": "Feature", "properties": { "lat": 45.0, "lng": -91.1 }, "geometry": { "type": "Polygon", "coordinates": [ [ [ -91.15, 45.05 ], [ -91.05, 45.05 ], [ -91.05, 44.95 ], [ -91.15, 44.95 ], [ -91.15, 45.05 ] ] ] } },
{ "type": "Feature", "properties": { "lat": 45.0, "lng": -91.0 }, "geometry": { "type": "Polygon", "coordinates": [ [ [ -91.05, 45.05 ], [ -90.95, 45.05 ], [ -90.95, 44.95 ], [ -91.05, 44.95 ], [ -91.05, 45.05 ] ] ] } },
{ "type": "Feature", "properties": { "lat": 45.0, "lng": -90.9 }, "geometry": { "type": "Polygon", "coordinates": [ [ [ -90.95, 45.05 ], [ -90.85, 45.05 ], [ -90.85, 44.95 ], [ -90.95, 44.95 ], [ -90.95, 45.05 ] ] ] } },
{ "type": "Feature", "properties": { "lat": 45.0, "lng": -90.8 }, "geometry": { "type": "Polygon", "coordinates": [ [ [ -90.85, 45.05 ], [ -90.75, 45.05 ], [ -90.75, 44.95 ], [ -90.85, 44.95 ], [ -90.85, 45.05 ] ] ] } },
{ "type": "Feature", "properties": { "lat": 45.0, "lng": -90.7 }, "geometry": { "type": "Polygon", "coordinates": [ [ [ -90.75, 45.05 ], [ -90.65, 45.05 ], [ -90.65, 44.95 ], [ -90.75, 44.95 ], [ -90.75, 45.05 ] ] ] } },
{ "type": "Feature", "properties": { "lat": 45.0, "lng": -90.6 }, "geometry": { "type": "Polygon", "coordinates": [ [ [ -90.65, 45.05 ], [ -90.55, 45.05 ], [ -90.55, 44.95 ], [ -90.65, 44.95 ], [ -90.65, 45.05 ] ] ] } },
{ "type": "Feature", "properties": { "lat": 45.0, "lng": -90.5 }, "geometry": { "type": "Polygon", "coordinates": [ [ [ -90.55, 45.05 ], [ -90.45, 45.05 ], [ -90.45, 44.95 ], [ -90.55, 44.95 ], [ -90.55, 45.05 ] ] ] } },
{ "type": "Feature", "properties": { "lat": 45.0, "lng": -90.4 }, "geometry": { "type": "Polygon", "coordinates": [ [ [ -90.45, 45.05 ], [ -90.35, 45.05 ], [ -90.35, 44.95 ], [ -90.45, 44.95 ], [ -90.45, 45.05 ] ] ] } },
{ "type": "Feature", "properties": { "lat": 45.0, "lng": -90.3 }, "geometry": { "type": "Polygon", "coordinates": [ [ [ -90.35, 45.05 ], [ -90.25, 45.05 ], [ -90.25, 44.95 ], [ -90.35, 44.95 ], [ -90.35, 45.05 ] ] ] } },
{ "type": "Feature", "properties": { "lat": 45.0, "lng": -90.2 }, "geometry": { "type": "Polygon", "coordinates": [ [ [ -90.25, 45.05 ], [ -90.15, 45.05 ], [ -90.15, 44.95 ], [ -90.25, 44.95 ], [ -90.25, 45.05 ] ] ] } },
{ "type": "Feature", "properties": { "lat": 45.0, "lng": -90.1 }, "geometry": { "type": "Polygon", "coordinates": [ [ [ -90.15, 45.05 ], [ -90.05, 45.05 ], [ -90.05, 44.95 ], [ -90.15, 44.95 ], [ -90.15, 45.05 ] ] ] } },
{ "type": "Feature", "properties": { "lat": 45.0, "lng": -90.0 }, "geometry": { "type": "Polygon", "coordinates": [ [ [ -90.05, 45.05 ], [ -89.95, 45.05 ], [ -89.95, 44.95 ], [ -90.05, 44.95 ], [ -90.05, 45.05 ] ] ] } },
{ "type": "Feature", "properties": { "lat": 45.0, "lng": -89.9 }, "geometry": { "type": "Polygon", "coordinates": [ [ [ -89.95, 45.05 ], [ -89.85, 45.05 ], [ -89.85, 44.95 ], [ -89.95, 44.95 ], [ -89.95, 45.05 ] ] ] } },
{ "type": "Feature", "properties": { "lat": 45.0, "lng": -89.8 }, "geometry": { "type": "Polygon", "coordinates": [ [ [ -89.85, 45.05 ], [ -89.75, 45.05 ], [ -89.75, 44.95 ], [ -89.85, 44.95 ], [ -89.85, 45.05 ] ] ] } },
{ "type": "Feature", "properties": { "lat": 45.0, "lng": -89.7 }, "geometry": { "type": "Polygon", "coordinates": [ [ [ -89.75, 45.05 ], [ -89.65, 45.05 ], [ -89.65, 44.95 ], [ -89.75, 44.95 ], [ -89.75, 45.05 ] ] ] } },
{ "type": "Feature", "properties": { "lat": 45.0, "lng": -89.6 }, "geometry": { "type": "Polygon", "coordinates": [ [ [ -89.65, 45.05 ], [ -89.55, 45.05 ], [ -89.55, 44.95 ], [ -89.65, 44.95 ], [ -89.65, 45.05 ] ] ] } },
{ "type": "Feature", "properties": { "lat": 45.0, "lng": -89.5 }, "geometry": { "type": "Polygon", "coordinates": [ [ [ -89.55, 45.05 ], [ -89.45, 45.05 ], [ -89.45, 44.95 ], [ -89.55, 44.95 ], [ -89.55, 45.05 ] ] ] } },
{ "type": "Feature", "properties": { "lat": 45.0, "lng": -89.4 }, "geometry": { "type": "Polygon", "coordinates": [ [ [ -89.45, 45.05 ], [ -89.35, 45.05 ], [ -89.35, 44.95 ], [ -89.45, 44.95 ], [ -89.45, 45.05 ] ] ] } },
{ "type": "Feature", "properties": { "lat": 45.0, "lng": -89.3 }, "geometry": { "type": "Polygon", "coordinates": [ [ [ -89.35, 45.05 ], [ -89.25, 45.05 ], [ -89.25, 44.95 ], [ -89.35, 44.95 ], [ -89.35, 45.05 ] ] ] } },
{ "type": "Feature", "properties": { "lat": 45.0, "lng": -89.2 }, "geometry": { "type": "Polygon", "coordinates": [ [ [ -89.25, 45.05 ], [ -89.15, 45.05 ], [ -89.15, 44.95 ], [ -89.25, 44.95 ], [ -89.25, 45.05 ] ] ] } },
{ "type": "Feature", "properties": { "lat": 45.0, "lng": -89.1 }, "geometry": { "type": "Polygon", "coordinates": [ [ [ -89.15, 45.05 ], [ -89.05, 45.05 ], [ -89.05, 44.95 ], [ -89.15, 44.95 ], [ -89.15, 45.05 ] ] ] } },
{ "type": "Feature", "properties": { "lat": 45.0, "lng": -89.0 }, "geometry": { "type": "Polygon", "coordinates": [ [ [ -89.05, 45.05 ], [ -88.95, 45.05 ], [ -88.95, 44.95 ], [ -89.05, 44.95 ], [ -89.05, 45.05 ] ] ] } },
{ "type": "Feature", "properties": { "lat": 45.0, "lng": -88.9 }, "geometry": { "type": "Polygon", "coordinates": [ [ [ -88.95, 45.05 ], [ -88.85, 45.05 ], [ -88.85, 44.95 ], [ -88.95, 44.95 ], [ -88.95, 45.05 ] ] ] } },
{ "type": "Feature", "properties": { "lat": 45.0, "lng": -88.8 }, "geometry": { "type": "Polygon", "coordinates": [ [ [ -88.85, 45.05 ], [ -88.75, 45.05 ], [ -88.75, 44.95 ], [ -88.85, 44.95 ], [ -88.85, 45.05 ] ] ] } },
{ "type": "Feature", "properties": { "lat": 45.0, "lng": -88.7 }, "geometry": { "type": "Polygon", "coordinates": [ [ [ -88.75, 45.05 ], [ -88.65, 45.05 ], [ -88.65, 44.95 ], [ -88.75, 44.95 ], [ -88.75, 45.05 ] ] ] } },
{ "type": "Feature", "properties": { "lat": 45.0, "lng": -88.6 }, "geometry": { "type": "Polygon", "coordinates": [ [ [ -88.65, 45.05 ], [ -88.55, 45.05 ], [ -88.55, 44.95 ], [ -88.65, 44.95 ], [ -88.65, 45.05 ] ] ] } },
{ "type": "Feature", "properties": { "lat": 45.0, "lng": -88.5 }, "geometry": { "type": "Polygon", "coordinates": [ [ [ -88.55, 45.05 ], [ -88.45, 45.05 ], [ -88.45, 44.95 ], [ -88.55, 44.95 ], [ -88.55, 45.05 ] ] ] } },
{ "type": "Feature", "properties": { "lat": 45.0, "lng": -88.4 }, "geometry": { "type": "Polygon", "coordinates": [ [ [ -88.45, 45.05 ], [ -88.35, 45.05 ], [ -88.35, 44.95 ], [ -88.45, 44.95 ], [ -88.45, 45.05 ] ] ] } },
{ "type": "Feature", "properties": { "lat": 45.0, "lng": -88.3 }, "geometry": { "type": "Polygon", "coordinates": [ [ [ -88.35, 45.05 ], [ -88.25, 45.05 ], [ -88.25, 44.95 ], [ -88.35, 44.95 ], [ -88.35, 45.05 ] ] ] } },
{ "type": "Feature", "properties": { "lat": 45.0, "lng": -88.2 }, "geometry": { "type": "Polygon", "coordinates": [ [ [ -88.25, 45.05 ], [ -88.15, 45.05 ], [ -88.15, 44.95 ], [ -88.25, 44.95 ], [ -88.25, 45.05 ] ] ] } },
{ "type": "Feature", "properties": { "lat": 45.0, "lng": -88.1 }, "geometry": { "type": "Polygon", "coordinates": [ [ [ -88.15, 45.05 ], [ -88.05, 45.05 ], [ -88.05, 44.95 ], [ -88.15, 44.95 ], [ -88.15, 45.05 ] ] ] } },
{ "type": "Feature", "properties": { "lat": 45.0, "lng": -88.0 }, "geometry": { "type": "Polygon", "coordinates": [ [ [ -88.05, 45.05 ], [ -87.95, 45.05 ], [ -87.95, 44.95 ], [ -88.05, 44.95 ], [ -88.05, 45.05 ] ] ] } },
{ "type": "Feature", "properties": { "lat": 45.0, "lng": -87.9 }, "geometry": { "type": "Polygon", "coordinates": [ [ [ -87.95, 45.05 ], [ -87.85, 45.05 ], [ -87.85, 44.95 ], [ -87.95, 44.95 ], [ -87.95, 45.05 ] ] ] } },
{ "type": "Feature", "properties": { "lat": 45.0, "lng": -87.8 }, "geometry": { "type": "Polygon", "coordinates": [ [ [ -87.85, 45.05 ], [ -87.75, 45.05 ], [ -87.75, 44.95 ], [ -87.85, 44.95 ], [ -87.85, 45.05 ] ] ] } },
{ "type": "Feature", "properties": { "lat": 45.0, "lng": -87.7 }, "geometry": { "type": "Polygon", "coordinates": [ [ [ -87.75, 45.05 ], [ -87.65, 45.05 ], [ -87.65, 44.95 ], [ -87.75, 44.95 ], [ -87.75, 45.05 ] ] ] } },
{ "type": "Feature", "properties": { "lat": 45.0, "lng": -87.6 }, "geometry": { "type": "Polygon", "coordinates": [ [ [ -87.65, 45.05 ], [ -87.55, 45.05 ], [ -87.55, 44.95 ], [ -87.65, 44.95 ], [ -87.65, 45.05 ] ] ] } },
{ "type": "Feature", "properties": { "lat": 45.0, "lng": -87.5 }, "geometry": { "type": "Polygon", "coordinates": [ [ [ -87.55, 45.05 ], [ -87.45, 45.05 ], [ -87.45, 44.95 ], [ -87.55, 44.95 ], [ -87.55, 45.05 ] ] ] } },
{ "type": "Feature", "properties": { "lat": 45.0, "lng": -87.4 }, "geometry": { "type": "Polygon", "coordinates": [ [ [ -87.45, 45.05 ], [ -87.35, 45.05 ], [ -87.35, 44.95 ], [ -87.45, 44.95 ], [ -87.45, 45.05 ] ] ] } },
{ "type": "Feature", "properties": { "lat": 45.0, "lng": -87.3 }, "geometry": { "type": "Polygon", "coordinates": [ [ [ -87.35, 45.05 ], [ -87.25, 45.05 ], [ -87.25, 44.95 ], [ -87.35, 44.95 ], [ -87.35, 45.05 ] ] ] } },
{ "type": "Feature", "properties": { "lat": 45.0, "lng": -87.2 }, "geometry": { "type": "Polygon", "coordinates": [ [ [ -87.25, 45.05 ], [ -87.15, 45.05 ], [ -87.15, 44.95 ], [ -87.25, 44.95 ], [ -87.25, 45.05 ] ] ] } },
{ "type": "Feature", "properties": { "lat": 45.0, "lng": -87.1 }, "geometry": { "type": "Polygon", "coordinates": [ [ [ -87.15, 45.05 ], [ -87.05, 45.05 ], [ -87.05, 44.95 ], [ -87.15, 44.95 ], [ -87.15, 45.05 ] ] ] } },
{ "type": "Feature", "properties": { "lat": 45.0, "lng": -87.0 }, "geometry": { "type": "Polygon", "coordinates": [ [ [ -87.05, 45.05 ], [ -86.95, 45.05 ], [ -86.95, 44.95 ], [ -87.05, 44.95 ], [ -87.05, 45.05 ] ] ] } },
{ "type": "Feature", "properties": { "lat": 45.0, "lng": -86.9 }, "geometry": { "type": "Polygon", "coordinates": [ [ [ -86.95, 45.05 ], [ -86.85, 45.05 ], [ -86.85, 44.95 ], [ -86.95, 44.95 ], [ -86.95, 45.05 ] ] ] } },
{ "type": "Feature", "properties": { "lat": 45.0, "lng": -86.8 }, "geometry": { "type": "Polygon", "coordinates": [ [ [ -86.85, 45.05 ], [ -86.75, 45.05 ], [ -86.75, 44.95 ], [ -86.85, 44.95 ], [ -86.85, 45.05 ] ] ] } },
{ "type": "Feature", "properties": { "lat": 45.1, "lng": -93.0 }, "geometry": { "type": "Polygon", "coordinates": [ [ [ -93.05, 45.15 ], [ -92.95, 45.15 ], [ -92.95, 45.05 ], [ -93.05, 45.05 ], [ -93.05, 45.15 ] ] ] } },
{ "type": "Feature", "properties": { "lat": 45.1, "lng": -92.9 }, "geometry": { "type": "Polygon", "coordinates": [ [ [ -92.95, 45.15 ], [ -92.85, 45.15 ], [ -92.85, 45.05 ], [ -92.95, 45.05 ], [ -92.95, 45.15 ] ] ] } },
{ "type": "Feature", "properties": { "lat": 45.1, "lng": -92.8 }, "geometry": { "type": "Polygon", "coordinates": [ [ [ -92.85, 45.15 ], [ -92.75, 45.15 ], [ -92.75, 45.05 ], [ -92.85, 45.05 ], [ -92.85, 45.15 ] ] ] } },
{ "type": "Feature", "properties": { "lat": 45.1, "lng": -92.7 }, "geometry": { "type": "Polygon", "coordinates": [ [ [ -92.75, 45.15 ], [ -92.65, 45.15 ], [ -92.65, 45.05 ], [ -92.75, 45.05 ], [ -92.75, 45.15 ] ] ] } },
{ "type": "Feature", "properties": { "lat": 45.1, "lng": -92.6 }, "geometry": { "type": "Polygon", "coordinates": [ [ [ -92.65, 45.15 ], [ -92.55, 45.15 ], [ -92.55, 45.05 ], [ -92.65, 45.05 ], [ -92.65, 45.15 ] ] ] } },
{ "type": "Feature", "properties": { "lat": 45.1, "lng": -92.5 }, "geometry": { "type": "Polygon", "coordinates": [ [ [ -92.55, 45.15 ], [ -92.45, 45.15 ], [ -92.45, 45.05 ], [ -92.55, 45.05 ], [ -92.55, 45.15 ] ] ] } },
{ "type": "Feature", "properties": { "lat": 45.1, "lng": -92.4 }, "geometry": { "type": "Polygon", "coordinates": [ [ [ -92.45, 45.15 ], [ -92.35, 45.15 ], [ -92.35, 45.05 ], [ -92.45, 45.05 ], [ -92.45, 45.15 ] ] ] } },
{ "type": "Feature", "properties": { "lat": 45.1, "lng": -92.3 }, "geometry": { "type": "Polygon", "coordinates": [ [ [ -92.35, 45.15 ], [ -92.25, 45.15 ], [ -92.25, 45.05 ], [ -92.35, 45.05 ], [ -92.35, 45.15 ] ] ] } },
{ "type": "Feature", "properties": { "lat": 45.1, "lng": -92.2 }, "geometry": { "type": "Polygon", "coordinates": [ [ [ -92.25, 45.15 ], [ -92.15, 45.15 ], [ -92.15, 45.05 ], [ -92.25, 45.05 ], [ -92.25, 45.15 ] ] ] } },
{ "type": "Feature", "properties": { "lat": 45.1, "lng": -92.1 }, "geometry": { "type": "Polygon", "coordinates": [ [ [ -92.15, 45.15 ], [ -92.05, 45.15 ], [ -92.05, 45.05 ], [ -92.15, 45.05 ], [ -92.15, 45.15 ] ] ] } },
{ "type": "Feature", "properties": { "lat": 45.1, "lng": -92.0 }, "geometry": { "type": "Polygon", "coordinates": [ [ [ -92.05, 45.15 ], [ -91.95, 45.15 ], [ -91.95, 45.05 ], [ -92.05, 45.05 ], [ -92.05, 45.15 ] ] ] } },
{ "type": "Feature", "properties": { "lat": 45.1, "lng": -91.9 }, "geometry": { "type": "Polygon", "coordinates": [ [ [ -91.95, 45.15 ], [ -91.85, 45.15 ], [ -91.85, 45.05 ], [ -91.95, 45.05 ], [ -91.95, 45.15 ] ] ] } },
{ "type": "Feature", "properties": { "lat": 45.1, "lng": -91.8 }, "geometry": { "type": "Polygon", "coordinates": [ [ [ -91.85, 45.15 ], [ -91.75, 45.15 ], [ -91.75, 45.05 ], [ -91.85, 45.05 ], [ -91.85, 45.15 ] ] ] } },
{ "type": "Feature", "properties": { "lat": 45.1, "lng": -91.7 }, "geometry": { "type": "Polygon", "coordinates": [ [ [ -91.75, 45.15 ], [ -91.65, 45.15 ], [ -91.65, 45.05 ], [ -91.75, 45.05 ], [ -91.75, 45.15 ] ] ] } },
{ "type": "Feature", "properties": { "lat": 45.1, "lng": -91.6 }, "geometry": { "type": "Polygon", "coordinates": [ [ [ -91.65, 45.15 ], [ -91.55, 45.15 ], [ -91.55, 45.05 ], [ -91.65, 45.05 ], [ -91.65, 45.15 ] ] ] } },
{ "type": "Feature", "properties": { "lat": 45.1, "lng": -91.5 }, "geometry": { "type": "Polygon", "coordinates": [ [ [ -91.55, 45.15 ], [ -91.45, 45.15 ], [ -91.45, 45.05 ], [ -91.55, 45.05 ], [ -91.55, 45.15 ] ] ] } },
{ "type": "Feature", "properties": { "lat": 45.1, "lng": -91.4 }, "geometry": { "type": "Polygon", "coordinates": [ [ [ -91.45, 45.15 ], [ -91.35, 45.15 ], [ -91.35, 45.05 ], [ -91.45, 45.05 ], [ -91.45, 45.15 ] ] ] } },
{ "type": "Feature", "properties": { "lat": 45.1, "lng": -91.3 }, "geometry": { "type": "Polygon", "coordinates": [ [ [ -91.35, 45.15 ], [ -91.25, 45.15 ], [ -91.25, 45.05 ], [ -91.35, 45.05 ], [ -91.35, 45.15 ] ] ] } },
{ "type": "Feature", "properties": { "lat": 45.1, "lng": -91.2 }, "geometry": { "type": "Polygon", "coordinates": [ [ [ -91.25, 45.15 ], [ -91.15, 45.15 ], [ -91.15, 45.05 ], [ -91.25, 45.05 ], [ -91.25, 45.15 ] ] ] } },
{ "type": "Feature", "properties": { "lat": 45.1, "lng": -91.1 }, "geometry": { "type": "Polygon", "coordinates": [ [ [ -91.15, 45.15 ], [ -91.05, 45.15 ], [ -91.05, 45.05 ], [ -91.15, 45.05 ], [ -91.15, 45.15 ] ] ] } },
{ "type": "Feature", "properties": { "lat": 45.1, "lng": -91.0 }, "geometry": { "type": "Polygon", "coordinates": [ [ [ -91.05, 45.15 ], [ -90.95, 45.15 ], [ -90.95, 45.05 ], [ -91.05, 45.05 ], [ -91.05, 45.15 ] ] ] } },
{ "type": "Feature", "properties": { "lat": 45.1, "lng": -90.9 }, "geometry": { "type": "Polygon", "coordinates": [ [ [ -90.95, 45.15 ], [ -90.85, 45.15 ], [ -90.85, 45.05 ], [ -90.95, 45.05 ], [ -90.95, 45.15 ] ] ] } },
{ "type": "Feature", "properties": { "lat": 45.1, "lng": -90.8 }, "geometry": { "type": "Polygon", "coordinates": [ [ [ -90.85, 45.15 ], [ -90.75, 45.15 ], [ -90.75, 45.05 ], [ -90.85, 45.05 ], [ -90.85, 45.15 ] ] ] } },
{ "type": "Feature", "properties": { "lat": 45.1, "lng": -90.7 }, "geometry": { "type": "Polygon", "coordinates": [ [ [ -90.75, 45.15 ], [ -90.65, 45.15 ], [ -90.65, 45.05 ], [ -90.75, 45.05 ], [ -90.75, 45.15 ] ] ] } },
{ "type": "Feature", "properties": { "lat": 45.1, "lng": -90.6 }, "geometry": { "type": "Polygon", "coordinates": [ [ [ -90.65, 45.15 ], [ -90.55, 45.15 ], [ -90.55, 45.05 ], [ -90.65, 45.05 ], [ -90.65, 45.15 ] ] ] } },
{ "type": "Feature", "properties": { "lat": 45.1, "lng": -90.5 }, "geometry": { "type": "Polygon", "coordinates": [ [ [ -90.55, 45.15 ], [ -90.45, 45.15 ], [ -90.45, 45.05 ], [ -90.55, 45.05 ], [ -90.55, 45.15 ] ] ] } },
{ "type": "Feature", "properties": { "lat": 45.1, "lng": -90.4 }, "geometry": { "type": "Polygon", "coordinates": [ [ [ -90.45, 45.15 ], [ -90.35, 45.15 ], [ -90.35, 45.05 ], [ -90.45, 45.05 ], [ -90.45, 45.15 ] ] ] } },
{ "type": "Feature", "properties": { "lat": 45.1, "lng": -90.3 }, "geometry": { "type": "Polygon", "coordinates": [ [ [ -90.35, 45.15 ], [ -90.25, 45.15 ], [ -90.25, 45.05 ], [ -90.35, 45.05 ], [ -90.35, 45.15 ] ] ] } },
{ "type": "Feature", "properties": { "lat": 45.1, "lng": -90.2 }, "geometry": { "type": "Polygon", "coordinates": [ [ [ -90.25, 45.15 ], [ -90.15, 45.15 ], [ -90.15, 45.05 ], [ -90.25, 45.05 ], [ -90.25, 45.15 ] ] ] } },
{ "type": "Feature", "properties": { "lat": 45.1, "lng": -90.1 }, "geometry": { "type": "Polygon", "coordinates": [ [ [ -90.15, 45.15 ], [ -90.05, 45.15 ], [ -90.05, 45.05 ], [ -90.15, 45.05 ], [ -90.15, 45.15 ] ] ] } },
{ "type": "Feature", "properties": { "lat": 45.1, "lng": -90.0 }, "geometry": { "type": "Polygon", "coordinates": [ [ [ -90.05, 45.15 ], [ -89.95, 45.15 ], [ -89.95, 45.05 ], [ -90.05, 45.05 ], [ -90.05, 45.15 ] ] ] } },
{ "type": "Feature", "properties": { "lat": 45.1, "lng": -89.9 }, "geometry": { "type": "Polygon", "coordinates": [ [ [ -89.95, 45.15 ], [ -89.85, 45.15 ], [ -89.85, 45.05 ], [ -89.95, 45.05 ], [ -89.95, 45.15 ] ] ] } },
{ "type": "Feature", "properties": { "lat": 45.1, "lng": -89.8 }, "geometry": { "type": "Polygon", "coordinates": [ [ [ -89.85, 45.15 ], [ -89.75, 45.15 ], [ -89.75, 45.05 ], [ -89.85, 45.05 ], [ -89.85, 45.15 ] ] ] } },
{ "type": "Feature", "properties": { "lat": 45.1, "lng": -89.7 }, "geometry": { "type": "Polygon", "coordinates": [ [ [ -89.75, 45.15 ], [ -89.65, 45.15 ], [ -89.65, 45.05 ], [ -89.75, 45.05 ], [ -89.75, 45.15 ] ] ] } },
{ "type": "Feature", "properties": { "lat": 45.1, "lng": -89.6 }, "geometry": { "type": "Polygon", "coordinates": [ [ [ -89.65, 45.15 ], [ -89.55, 45.15 ], [ -89.55, 45.05 ], [ -89.65, 45.05 ], [ -89.65, 45.15 ] ] ] } },
{ "type": "Feature", "properties": { "lat": 45.1, "lng": -89.5 }, "geometry": { "type": "Polygon", "coordinates": [ [ [ -89.55, 45.15 ], [ -89.45, 45.15 ], [ -89.45, 45.05 ], [ -89.55, 45.05 ], [ -89.55, 45.15 ] ] ] } },
{ "type": "Feature", "properties": { "lat": 45.1, "lng": -89.4 }, "geometry": { "type": "Polygon", "coordinates": [ [ [ -89.45, 45.15 ], [ -89.35, 45.15 ], [ -89.35, 45.05 ], [ -89.45, 45.05 ], [ -89.45, 45.15 ] ] ] } },
{ "type": "Feature", "properties": { "lat": 45.1, "lng": -89.3 }, "geometry": { "type": "Polygon", "coordinates": [ [ [ -89.35, 45.15 ], [ -89.25, 45.15 ], [ -89.25, 45.05 ], [ -89.35, 45.05 ], [ -89.35, 45.15 ] ] ] } },
{ "type": "Feature", "properties": { "lat": 45.1, "lng": -89.2 }, "geometry": { "type": "Polygon", "coordinates": [ [ [ -89.25, 45.15 ], [ -89.15, 45.15 ], [ -89.15, 45.05 ], [ -89.25, 45.05 ], [ -89.25, 45.15 ] ] ] } },
{ "type": "Feature", "properties": { "lat": 45.1, "lng": -89.1 }, "geometry": { "type": "Polygon", "coordinates": [ [ [ -89.15, 45.15 ], [ -89.05, 45.15 ], [ -89.05, 45.05 ], [ -89.15, 45.05 ], [ -89.15, 45.15 ] ] ] } },
{ "type": "Feature", "properties": { "lat": 45.1, "lng": -89.0 }, "geometry": { "type": "Polygon", "coordinates": [ [ [ -89.05, 45.15 ], [ -88.95, 45.15 ], [ -88.95, 45.05 ], [ -89.05, 45.05 ], [ -89.05, 45.15 ] ] ] } },
{ "type": "Feature", "properties": { "lat": 45.1, "lng": -88.9 }, "geometry": { "type": "Polygon", "coordinates": [ [ [ -88.95, 45.15 ], [ -88.85, 45.15 ], [ -88.85, 45.05 ], [ -88.95, 45.05 ], [ -88.95, 45.15 ] ] ] } },
{ "type": "Feature", "properties": { "lat": 45.1, "lng": -88.8 }, "geometry": { "type": "Polygon", "coordinates": [ [ [ -88.85, 45.15 ], [ -88.75, 45.15 ], [ -88.75, 45.05 ], [ -88.85, 45.05 ], [ -88.85, 45.15 ] ] ] } },
{ "type": "Feature", "properties": { "lat": 45.1, "lng": -88.7 }, "geometry": { "type": "Polygon", "coordinates": [ [ [ -88.75, 45.15 ], [ -88.65, 45.15 ], [ -88.65, 45.05 ], [ -88.75, 45.05 ], [ -88.75, 45.15 ] ] ] } },
{ "type": "Feature", "properties": { "lat": 45.1, "lng": -88.6 }, "geometry": { "type": "Polygon", "coordinates": [ [ [ -88.65, 45.15 ], [ -88.55, 45.15 ], [ -88.55, 45.05 ], [ -88.65, 45.05 ], [ -88.65, 45.15 ] ] ] } },
{ "type": "Feature", "properties": { "lat": 45.1, "lng": -88.5 }, "geometry": { "type": "Polygon", "coordinates": [ [ [ -88.55, 45.15 ], [ -88.45, 45.15 ], [ -88.45, 45.05 ], [ -88.55, 45.05 ], [ -88.55, 45.15 ] ] ] } },
{ "type": "Feature", "properties": { "lat": 45.1, "lng": -88.4 }, "geometry": { "type": "Polygon", "coordinates": [ [ [ -88.45, 45.15 ], [ -88.35, 45.15 ], [ -88.35, 45.05 ], [ -88.45, 45.05 ], [ -88.45, 45.15 ] ] ] } },
{ "type": "Feature", "properties": { "lat": 45.1, "lng": -88.3 }, "geometry": { "type": "Polygon", "coordinates": [ [ [ -88.35, 45.15 ], [ -88.25, 45.15 ], [ -88.25, 45.05 ], [ -88.35, 45.05 ], [ -88.35, 45.15 ] ] ] } },
{ "type": "Feature", "properties": { "lat": 45.1, "lng": -88.2 }, "geometry": { "type": "Polygon", "coordinates": [ [ [ -88.25, 45.15 ], [ -88.15, 45.15 ], [ -88.15, 45.05 ], [ -88.25, 45.05 ], [ -88.25, 45.15 ] ] ] } },
{ "type": "Feature", "properties": { "lat": 45.1, "lng": -88.1 }, "geometry": { "type": "Polygon", "coordinates": [ [ [ -88.15, 45.15 ], [ -88.05, 45.15 ], [ -88.05, 45.05 ], [ -88.15, 45.05 ], [ -88.15, 45.15 ] ] ] } },
{ "type": "Feature", "properties": { "lat": 45.1, "lng": -88.0 }, "geometry": { "type": "Polygon", "coordinates": [ [ [ -88.05, 45.15 ], [ -87.95, 45.15 ], [ -87.95, 45.05 ], [ -88.05, 45.05 ], [ -88.05, 45.15 ] ] ] } },
{ "type": "Feature", "properties": { "lat": 45.1, "lng": -87.9 }, "geometry": { "type": "Polygon", "coordinates": [ [ [ -87.95, 45.15 ], [ -87.85, 45.15 ], [ -87.85, 45.05 ], [ -87.95, 45.05 ], [ -87.95, 45.15 ] ] ] } },
{ "type": "Feature", "properties": { "lat": 45.1, "lng": -87.8 }, "geometry": { "type": "Polygon", "coordinates": [ [ [ -87.85, 45.15 ], [ -87.75, 45.15 ], [ -87.75, 45.05 ], [ -87.85, 45.05 ], [ -87.85, 45.15 ] ] ] } },
{ "type": "Feature", "properties": { "lat": 45.1, "lng": -87.7 }, "geometry": { "type": "Polygon", "coordinates": [ [ [ -87.75, 45.15 ], [ -87.65, 45.15 ], [ -87.65, 45.05 ], [ -87.75, 45.05 ], [ -87.75, 45.15 ] ] ] } },
{ "type": "Feature", "properties": { "lat": 45.1, "lng": -87.6 }, "geometry": { "type": "Polygon", "coordinates": [ [ [ -87.65, 45.15 ], [ -87.55, 45.15 ], [ -87.55, 45.05 ], [ -87.65, 45.05 ], [ -87.65, 45.15 ] ] ] } },
{ "type": "Feature", "properties": { "lat": 45.1, "lng": -87.5 }, "geometry": { "type": "Polygon", "coordinates": [ [ [ -87.55, 45.15 ], [ -87.45, 45.15 ], [ -87.45, 45.05 ], [ -87.55, 45.05 ], [ -87.55, 45.15 ] ] ] } },
{ "type": "Feature", "properties": { "lat": 45.1, "lng": -87.4 }, "geometry": { "type": "Polygon", "coordinates": [ [ [ -87.45, 45.15 ], [ -87.35, 45.15 ], [ -87.35, 45.05 ], [ -87.45, 45.05 ], [ -87.45, 45.15 ] ] ] } },
{ "type": "Feature", "properties": { "lat": 45.1, "lng": -87.3 }, "geometry": { "type": "Polygon", "coordinates": [ [ [ -87.35, 45.15 ], [ -87.25, 45.15 ], [ -87.25, 45.05 ], [ -87.35, 45.05 ], [ -87.35, 45.15 ] ] ] } },
{ "type": "Feature", "properties": { "lat": 45.1, "lng": -87.2 }, "geometry": { "type": "Polygon", "coordinates": [ [ [ -87.25, 45.15 ], [ -87.15, 45.15 ], [ -87.15, 45.05 ], [ -87.25, 45.05 ], [ -87.25, 45.15 ] ] ] } },
{ "type": "Feature", "properties": { "lat": 45.1, "lng": -87.1 }, "geometry": { "type": "Polygon", "coordinates": [ [ [ -87.15, 45.15 ], [ -87.05, 45.15 ], [ -87.05, 45.05 ], [ -87.15, 45.05 ], [ -87.15, 45.15 ] ] ] } },
{ "type": "Feature", "properties": { "lat": 45.1, "lng": -87.0 }, "geometry": { "type": "Polygon", "coordinates": [ [ [ -87.05, 45.15 ], [ -86.95, 45.15 ], [ -86.95, 45.05 ], [ -87.05, 45.05 ], [ -87.05, 45.15 ] ] ] } },
{ "type": "Feature", "properties": { "lat": 45.1, "lng": -86.9 }, "geometry": { "type": "Polygon", "coordinates": [ [ [ -86.95, 45.15 ], [ -86.85, 45.15 ], [ -86.85, 45.05 ], [ -86.95, 45.05 ], [ -86.95, 45.15 ] ] ] } },
{ "type": "Feature", "properties": { "lat": 45.1, "lng": -86.8 }, "geometry": { "type": "Polygon", "coordinates": [ [ [ -86.85, 45.15 ], [ -86.75, 45.15 ], [ -86.75, 45.05 ], [ -86.85, 45.05 ], [ -86.85, 45.15 ] ] ] } },
{ "type": "Feature", "properties": { "lat": 45.2, "lng": -93.0 }, "geometry": { "type": "Polygon", "coordinates": [ [ [ -93.05, 45.25 ], [ -92.95, 45.25 ], [ -92.95, 45.15 ], [ -93.05, 45.15 ], [ -93.05, 45.25 ] ] ] } },
{ "type": "Feature", "properties": { "lat": 45.2, "lng": -92.9 }, "geometry": { "type": "Polygon", "coordinates": [ [ [ -92.95, 45.25 ], [ -92.85, 45.25 ], [ -92.85, 45.15 ], [ -92.95, 45.15 ], [ -92.95, 45.25 ] ] ] } },
{ "type": "Feature", "properties": { "lat": 45.2, "lng": -92.8 }, "geometry": { "type": "Polygon", "coordinates": [ [ [ -92.85, 45.25 ], [ -92.75, 45.25 ], [ -92.75, 45.15 ], [ -92.85, 45.15 ], [ -92.85, 45.25 ] ] ] } },
{ "type": "Feature", "properties": { "lat": 45.2, "lng": -92.7 }, "geometry": { "type": "Polygon", "coordinates": [ [ [ -92.75, 45.25 ], [ -92.65, 45.25 ], [ -92.65, 45.15 ], [ -92.75, 45.15 ], [ -92.75, 45.25 ] ] ] } },
{ "type": "Feature", "properties": { "lat": 45.2, "lng": -92.6 }, "geometry": { "type": "Polygon", "coordinates": [ [ [ -92.65, 45.25 ], [ -92.55, 45.25 ], [ -92.55, 45.15 ], [ -92.65, 45.15 ], [ -92.65, 45.25 ] ] ] } },
{ "type": "Feature", "properties": { "lat": 45.2, "lng": -92.5 }, "geometry": { "type": "Polygon", "coordinates": [ [ [ -92.55, 45.25 ], [ -92.45, 45.25 ], [ -92.45, 45.15 ], [ -92.55, 45.15 ], [ -92.55, 45.25 ] ] ] } },
{ "type": "Feature", "properties": { "lat": 45.2, "lng": -92.4 }, "geometry": { "type": "Polygon", "coordinates": [ [ [ -92.45, 45.25 ], [ -92.35, 45.25 ], [ -92.35, 45.15 ], [ -92.45, 45.15 ], [ -92.45, 45.25 ] ] ] } },
{ "type": "Feature", "properties": { "lat": 45.2, "lng": -92.3 }, "geometry": { "type": "Polygon", "coordinates": [ [ [ -92.35, 45.25 ], [ -92.25, 45.25 ], [ -92.25, 45.15 ], [ -92.35, 45.15 ], [ -92.35, 45.25 ] ] ] } },
{ "type": "Feature", "properties": { "lat": 45.2, "lng": -92.2 }, "geometry": { "type": "Polygon", "coordinates": [ [ [ -92.25, 45.25 ], [ -92.15, 45.25 ], [ -92.15, 45.15 ], [ -92.25, 45.15 ], [ -92.25, 45.25 ] ] ] } },
{ "type": "Feature", "properties": { "lat": 45.2, "lng": -92.1 }, "geometry": { "type": "Polygon", "coordinates": [ [ [ -92.15, 45.25 ], [ -92.05, 45.25 ], [ -92.05, 45.15 ], [ -92.15, 45.15 ], [ -92.15, 45.25 ] ] ] } },
{ "type": "Feature", "properties": { "lat": 45.2, "lng": -92.0 }, "geometry": { "type": "Polygon", "coordinates": [ [ [ -92.05, 45.25 ], [ -91.95, 45.25 ], [ -91.95, 45.15 ], [ -92.05, 45.15 ], [ -92.05, 45.25 ] ] ] } },
{ "type": "Feature", "properties": { "lat": 45.2, "lng": -91.9 }, "geometry": { "type": "Polygon", "coordinates": [ [ [ -91.95, 45.25 ], [ -91.85, 45.25 ], [ -91.85, 45.15 ], [ -91.95, 45.15 ], [ -91.95, 45.25 ] ] ] } },
{ "type": "Feature", "properties": { "lat": 45.2, "lng": -91.8 }, "geometry": { "type": "Polygon", "coordinates": [ [ [ -91.85, 45.25 ], [ -91.75, 45.25 ], [ -91.75, 45.15 ], [ -91.85, 45.15 ], [ -91.85, 45.25 ] ] ] } },
{ "type": "Feature", "properties": { "lat": 45.2, "lng": -91.7 }, "geometry": { "type": "Polygon", "coordinates": [ [ [ -91.75, 45.25 ], [ -91.65, 45.25 ], [ -91.65, 45.15 ], [ -91.75, 45.15 ], [ -91.75, 45.25 ] ] ] } },
{ "type": "Feature", "properties": { "lat": 45.2, "lng": -91.6 }, "geometry": { "type": "Polygon", "coordinates": [ [ [ -91.65, 45.25 ], [ -91.55, 45.25 ], [ -91.55, 45.15 ], [ -91.65, 45.15 ], [ -91.65, 45.25 ] ] ] } },
{ "type": "Feature", "properties": { "lat": 45.2, "lng": -91.5 }, "geometry": { "type": "Polygon", "coordinates": [ [ [ -91.55, 45.25 ], [ -91.45, 45.25 ], [ -91.45, 45.15 ], [ -91.55, 45.15 ], [ -91.55, 45.25 ] ] ] } },
{ "type": "Feature", "properties": { "lat": 45.2, "lng": -91.4 }, "geometry": { "type": "Polygon", "coordinates": [ [ [ -91.45, 45.25 ], [ -91.35, 45.25 ], [ -91.35, 45.15 ], [ -91.45, 45.15 ], [ -91.45, 45.25 ] ] ] } },
{ "type": "Feature", "properties": { "lat": 45.2, "lng": -91.3 }, "geometry": { "type": "Polygon", "coordinates": [ [ [ -91.35, 45.25 ], [ -91.25, 45.25 ], [ -91.25, 45.15 ], [ -91.35, 45.15 ], [ -91.35, 45.25 ] ] ] } },
{ "type": "Feature", "properties": { "lat": 45.2, "lng": -91.2 }, "geometry": { "type": "Polygon", "coordinates": [ [ [ -91.25, 45.25 ], [ -91.15, 45.25 ], [ -91.15, 45.15 ], [ -91.25, 45.15 ], [ -91.25, 45.25 ] ] ] } },
{ "type": "Feature", "properties": { "lat": 45.2, "lng": -91.1 }, "geometry": { "type": "Polygon", "coordinates": [ [ [ -91.15, 45.25 ], [ -91.05, 45.25 ], [ -91.05, 45.15 ], [ -91.15, 45.15 ], [ -91.15, 45.25 ] ] ] } },
{ "type": "Feature", "properties": { "lat": 45.2, "lng": -91.0 }, "geometry": { "type": "Polygon", "coordinates": [ [ [ -91.05, 45.25 ], [ -90.95, 45.25 ], [ -90.95, 45.15 ], [ -91.05, 45.15 ], [ -91.05, 45.25 ] ] ] } },
{ "type": "Feature", "properties": { "lat": 45.2, "lng": -90.9 }, "geometry": { "type": "Polygon", "coordinates": [ [ [ -90.95, 45.25 ], [ -90.85, 45.25 ], [ -90.85, 45.15 ], [ -90.95, 45.15 ], [ -90.95, 45.25 ] ] ] } },
{ "type": "Feature", "properties": { "lat": 45.2, "lng": -90.8 }, "geometry": { "type": "Polygon", "coordinates": [ [ [ -90.85, 45.25 ], [ -90.75, 45.25 ], [ -90.75, 45.15 ], [ -90.85, 45.15 ], [ -90.85, 45.25 ] ] ] } },
{ "type": "Feature", "properties": { "lat": 45.2, "lng": -90.7 }, "geometry": { "type": "Polygon", "coordinates": [ [ [ -90.75, 45.25 ], [ -90.65, 45.25 ], [ -90.65, 45.15 ], [ -90.75, 45.15 ], [ -90.75, 45.25 ] ] ] } },
{ "type": "Feature", "properties": { "lat": 45.2, "lng": -90.6 }, "geometry": { "type": "Polygon", "coordinates": [ [ [ -90.65, 45.25 ], [ -90.55, 45.25 ], [ -90.55, 45.15 ], [ -90.65, 45.15 ], [ -90.65, 45.25 ] ] ] } },
{ "type": "Feature", "properties": { "lat": 45.2, "lng": -90.5 }, "geometry": { "type": "Polygon", "coordinates": [ [ [ -90.55, 45.25 ], [ -90.45, 45.25 ], [ -90.45, 45.15 ], [ -90.55, 45.15 ], [ -90.55, 45.25 ] ] ] } },
{ "type": "Feature", "properties": { "lat": 45.2, "lng": -90.4 }, "geometry": { "type": "Polygon", "coordinates": [ [ [ -90.45, 45.25 ], [ -90.35, 45.25 ], [ -90.35, 45.15 ], [ -90.45, 45.15 ], [ -90.45, 45.25 ] ] ] } },
{ "type": "Feature", "properties": { "lat": 45.2, "lng": -90.3 }, "geometry": { "type": "Polygon", "coordinates": [ [ [ -90.35, 45.25 ], [ -90.25, 45.25 ], [ -90.25, 45.15 ], [ -90.35, 45.15 ], [ -90.35, 45.25 ] ] ] } },
{ "type": "Feature", "properties": { "lat": 45.2, "lng": -90.2 }, "geometry": { "type": "Polygon", "coordinates": [ [ [ -90.25, 45.25 ], [ -90.15, 45.25 ], [ -90.15, 45.15 ], [ -90.25, 45.15 ], [ -90.25, 45.25 ] ] ] } },
{ "type": "Feature", "properties": { "lat": 45.2, "lng": -90.1 }, "geometry": { "type": "Polygon", "coordinates": [ [ [ -90.15, 45.25 ], [ -90.05, 45.25 ], [ -90.05, 45.15 ], [ -90.15, 45.15 ], [ -90.15, 45.25 ] ] ] } },
{ "type": "Feature", "properties": { "lat": 45.2, "lng": -90.0 }, "geometry": { "type": "Polygon", "coordinates": [ [ [ -90.05, 45.25 ], [ -89.95, 45.25 ], [ -89.95, 45.15 ], [ -90.05, 45.15 ], [ -90.05, 45.25 ] ] ] } },
{ "type": "Feature", "properties": { "lat": 45.2, "lng": -89.9 }, "geometry": { "type": "Polygon", "coordinates": [ [ [ -89.95, 45.25 ], [ -89.85, 45.25 ], [ -89.85, 45.15 ], [ -89.95, 45.15 ], [ -89.95, 45.25 ] ] ] } },
{ "type": "Feature", "properties": { "lat": 45.2, "lng": -89.8 }, "geometry": { "type": "Polygon", "coordinates": [ [ [ -89.85, 45.25 ], [ -89.75, 45.25 ], [ -89.75, 45.15 ], [ -89.85, 45.15 ], [ -89.85, 45.25 ] ] ] } },
{ "type": "Feature", "properties": { "lat": 45.2, "lng": -89.7 }, "geometry": { "type": "Polygon", "coordinates": [ [ [ -89.75, 45.25 ], [ -89.65, 45.25 ], [ -89.65, 45.15 ], [ -89.75, 45.15 ], [ -89.75, 45.25 ] ] ] } },
{ "type": "Feature", "properties": { "lat": 45.2, "lng": -89.6 }, "geometry": { "type": "Polygon", "coordinates": [ [ [ -89.65, 45.25 ], [ -89.55, 45.25 ], [ -89.55, 45.15 ], [ -89.65, 45.15 ], [ -89.65, 45.25 ] ] ] } },
{ "type": "Feature", "properties": { "lat": 45.2, "lng": -89.5 }, "geometry": { "type": "Polygon", "coordinates": [ [ [ -89.55, 45.25 ], [ -89.45, 45.25 ], [ -89.45, 45.15 ], [ -89.55, 45.15 ], [ -89.55, 45.25 ] ] ] } },
{ "type": "Feature", "properties": { "lat": 45.2, "lng": -89.4 }, "geometry": { "type": "Polygon", "coordinates": [ [ [ -89.45, 45.25 ], [ -89.35, 45.25 ], [ -89.35, 45.15 ], [ -89.45, 45.15 ], [ -89.45, 45.25 ] ] ] } },
{ "type": "Feature", "properties": { "lat": 45.2, "lng": -89.3 }, "geometry": { "type": "Polygon", "coordinates": [ [ [ -89.35, 45.25 ], [ -89.25, 45.25 ], [ -89.25, 45.15 ], [ -89.35, 45.15 ], [ -89.35, 45.25 ] ] ] } },
{ "type": "Feature", "properties": { "lat": 45.2, "lng": -89.2 }, "geometry": { "type": "Polygon", "coordinates": [ [ [ -89.25, 45.25 ], [ -89.15, 45.25 ], [ -89.15, 45.15 ], [ -89.25, 45.15 ], [ -89.25, 45.25 ] ] ] } },
{ "type": "Feature", "properties": { "lat": 45.2, "lng": -89.1 }, "geometry": { "type": "Polygon", "coordinates": [ [ [ -89.15, 45.25 ], [ -89.05, 45.25 ], [ -89.05, 45.15 ], [ -89.15, 45.15 ], [ -89.15, 45.25 ] ] ] } },
{ "type": "Feature", "properties": { "lat": 45.2, "lng": -89.0 }, "geometry": { "type": "Polygon", "coordinates": [ [ [ -89.05, 45.25 ], [ -88.95, 45.25 ], [ -88.95, 45.15 ], [ -89.05, 45.15 ], [ -89.05, 45.25 ] ] ] } },
{ "type": "Feature", "properties": { "lat": 45.2, "lng": -88.9 }, "geometry": { "type": "Polygon", "coordinates": [ [ [ -88.95, 45.25 ], [ -88.85, 45.25 ], [ -88.85, 45.15 ], [ -88.95, 45.15 ], [ -88.95, 45.25 ] ] ] } },
{ "type": "Feature", "properties": { "lat": 45.2, "lng": -88.8 }, "geometry": { "type": "Polygon", "coordinates": [ [ [ -88.85, 45.25 ], [ -88.75, 45.25 ], [ -88.75, 45.15 ], [ -88.85, 45.15 ], [ -88.85, 45.25 ] ] ] } },
{ "type": "Feature", "properties": { "lat": 45.2, "lng": -88.7 }, "geometry": { "type": "Polygon", "coordinates": [ [ [ -88.75, 45.25 ], [ -88.65, 45.25 ], [ -88.65, 45.15 ], [ -88.75, 45.15 ], [ -88.75, 45.25 ] ] ] } },
{ "type": "Feature", "properties": { "lat": 45.2, "lng": -88.6 }, "geometry": { "type": "Polygon", "coordinates": [ [ [ -88.65, 45.25 ], [ -88.55, 45.25 ], [ -88.55, 45.15 ], [ -88.65, 45.15 ], [ -88.65, 45.25 ] ] ] } },
{ "type": "Feature", "properties": { "lat": 45.2, "lng": -88.5 }, "geometry": { "type": "Polygon", "coordinates": [ [ [ -88.55, 45.25 ], [ -88.45, 45.25 ], [ -88.45, 45.15 ], [ -88.55, 45.15 ], [ -88.55, 45.25 ] ] ] } },
{ "type": "Feature", "properties": { "lat": 45.2, "lng": -88.4 }, "geometry": { "type": "Polygon", "coordinates": [ [ [ -88.45, 45.25 ], [ -88.35, 45.25 ], [ -88.35, 45.15 ], [ -88.45, 45.15 ], [ -88.45, 45.25 ] ] ] } },
{ "type": "Feature", "properties": { "lat": 45.2, "lng": -88.3 }, "geometry": { "type": "Polygon", "coordinates": [ [ [ -88.35, 45.25 ], [ -88.25, 45.25 ], [ -88.25, 45.15 ], [ -88.35, 45.15 ], [ -88.35, 45.25 ] ] ] } },
{ "type": "Feature", "properties": { "lat": 45.2, "lng": -88.2 }, "geometry": { "type": "Polygon", "coordinates": [ [ [ -88.25, 45.25 ], [ -88.15, 45.25 ], [ -88.15, 45.15 ], [ -88.25, 45.15 ], [ -88.25, 45.25 ] ] ] } },
{ "type": "Feature", "properties": { "lat": 45.2, "lng": -88.1 }, "geometry": { "type": "Polygon", "coordinates": [ [ [ -88.15, 45.25 ], [ -88.05, 45.25 ], [ -88.05, 45.15 ], [ -88.15, 45.15 ], [ -88.15, 45.25 ] ] ] } },
{ "type": "Feature", "properties": { "lat": 45.2, "lng": -88.0 }, "geometry": { "type": "Polygon", "coordinates": [ [ [ -88.05, 45.25 ], [ -87.95, 45.25 ], [ -87.95, 45.15 ], [ -88.05, 45.15 ], [ -88.05, 45.25 ] ] ] } },
{ "type": "Feature", "properties": { "lat": 45.2, "lng": -87.9 }, "geometry": { "type": "Polygon", "coordinates": [ [ [ -87.95, 45.25 ], [ -87.85, 45.25 ], [ -87.85, 45.15 ], [ -87.95, 45.15 ], [ -87.95, 45.25 ] ] ] } },
{ "type": "Feature", "properties": { "lat": 45.2, "lng": -87.8 }, "geometry": { "type": "Polygon", "coordinates": [ [ [ -87.85, 45.25 ], [ -87.75, 45.25 ], [ -87.75, 45.15 ], [ -87.85, 45.15 ], [ -87.85, 45.25 ] ] ] } },
{ "type": "Feature", "properties": { "lat": 45.2, "lng": -87.7 }, "geometry": { "type": "Polygon", "coordinates": [ [ [ -87.75, 45.25 ], [ -87.65, 45.25 ], [ -87.65, 45.15 ], [ -87.75, 45.15 ], [ -87.75, 45.25 ] ] ] } },
{ "type": "Feature", "properties": { "lat": 45.2, "lng": -87.6 }, "geometry": { "type": "Polygon", "coordinates": [ [ [ -87.65, 45.25 ], [ -87.55, 45.25 ], [ -87.55, 45.15 ], [ -87.65, 45.15 ], [ -87.65, 45.25 ] ] ] } },
{ "type": "Feature", "properties": { "lat": 45.2, "lng": -87.5 }, "geometry": { "type": "Polygon", "coordinates": [ [ [ -87.55, 45.25 ], [ -87.45, 45.25 ], [ -87.45, 45.15 ], [ -87.55, 45.15 ], [ -87.55, 45.25 ] ] ] } },
{ "type": "Feature", "properties": { "lat": 45.2, "lng": -87.4 }, "geometry": { "type": "Polygon", "coordinates": [ [ [ -87.45, 45.25 ], [ -87.35, 45.25 ], [ -87.35, 45.15 ], [ -87.45, 45.15 ], [ -87.45, 45.25 ] ] ] } },
{ "type": "Feature", "properties": { "lat": 45.2, "lng": -87.3 }, "geometry": { "type": "Polygon", "coordinates": [ [ [ -87.35, 45.25 ], [ -87.25, 45.25 ], [ -87.25, 45.15 ], [ -87.35, 45.15 ], [ -87.35, 45.25 ] ] ] } },
{ "type": "Feature", "properties": { "lat": 45.2, "lng": -87.2 }, "geometry": { "type": "Polygon", "coordinates": [ [ [ -87.25, 45.25 ], [ -87.15, 45.25 ], [ -87.15, 45.15 ], [ -87.25, 45.15 ], [ -87.25, 45.25 ] ] ] } },
{ "type": "Feature", "properties": { "lat": 45.2, "lng": -87.1 }, "geometry": { "type": "Polygon", "coordinates": [ [ [ -87.15, 45.25 ], [ -87.05, 45.25 ], [ -87.05, 45.15 ], [ -87.15, 45.15 ], [ -87.15, 45.25 ] ] ] } },
{ "type": "Feature", "properties": { "lat": 45.2, "lng": -87.0 }, "geometry": { "type": "Polygon", "coordinates": [ [ [ -87.05, 45.25 ], [ -86.95, 45.25 ], [ -86.95, 45.15 ], [ -87.05, 45.15 ], [ -87.05, 45.25 ] ] ] } },
{ "type": "Feature", "properties": { "lat": 45.2, "lng": -86.9 }, "geometry": { "type": "Polygon", "coordinates": [ [ [ -86.95, 45.25 ], [ -86.85, 45.25 ], [ -86.85, 45.15 ], [ -86.95, 45.15 ], [ -86.95, 45.25 ] ] ] } },
{ "type": "Feature", "properties": { "lat": 45.2, "lng": -86.8 }, "geometry": { "type": "Polygon", "coordinates": [ [ [ -86.85, 45.25 ], [ -86.75, 45.25 ], [ -86.75, 45.15 ], [ -86.85, 45.15 ], [ -86.85, 45.25 ] ] ] } },
{ "type": "Feature", "properties": { "lat": 45.3, "lng": -93.0 }, "geometry": { "type": "Polygon", "coordinates": [ [ [ -93.05, 45.35 ], [ -92.95, 45.35 ], [ -92.95, 45.25 ], [ -93.05, 45.25 ], [ -93.05, 45.35 ] ] ] } },
{ "type": "Feature", "properties": { "lat": 45.3, "lng": -92.9 }, "geometry": { "type": "Polygon", "coordinates": [ [ [ -92.95, 45.35 ], [ -92.85, 45.35 ], [ -92.85, 45.25 ], [ -92.95, 45.25 ], [ -92.95, 45.35 ] ] ] } },
{ "type": "Feature", "properties": { "lat": 45.3, "lng": -92.8 }, "geometry": { "type": "Polygon", "coordinates": [ [ [ -92.85, 45.35 ], [ -92.75, 45.35 ], [ -92.75, 45.25 ], [ -92.85, 45.25 ], [ -92.85, 45.35 ] ] ] } },
{ "type": "Feature", "properties": { "lat": 45.3, "lng": -92.7 }, "geometry": { "type": "Polygon", "coordinates": [ [ [ -92.75, 45.35 ], [ -92.65, 45.35 ], [ -92.65, 45.25 ], [ -92.75, 45.25 ], [ -92.75, 45.35 ] ] ] } },
{ "type": "Feature", "properties": { "lat": 45.3, "lng": -92.6 }, "geometry": { "type": "Polygon", "coordinates": [ [ [ -92.65, 45.35 ], [ -92.55, 45.35 ], [ -92.55, 45.25 ], [ -92.65, 45.25 ], [ -92.65, 45.35 ] ] ] } },
{ "type": "Feature", "properties": { "lat": 45.3, "lng": -92.5 }, "geometry": { "type": "Polygon", "coordinates": [ [ [ -92.55, 45.35 ], [ -92.45, 45.35 ], [ -92.45, 45.25 ], [ -92.55, 45.25 ], [ -92.55, 45.35 ] ] ] } },
{ "type": "Feature", "properties": { "lat": 45.3, "lng": -92.4 }, "geometry": { "type": "Polygon", "coordinates": [ [ [ -92.45, 45.35 ], [ -92.35, 45.35 ], [ -92.35, 45.25 ], [ -92.45, 45.25 ], [ -92.45, 45.35 ] ] ] } },
{ "type": "Feature", "properties": { "lat": 45.3, "lng": -92.3 }, "geometry": { "type": "Polygon", "coordinates": [ [ [ -92.35, 45.35 ], [ -92.25, 45.35 ], [ -92.25, 45.25 ], [ -92.35, 45.25 ], [ -92.35, 45.35 ] ] ] } },
{ "type": "Feature", "properties": { "lat": 45.3, "lng": -92.2 }, "geometry": { "type": "Polygon", "coordinates": [ [ [ -92.25, 45.35 ], [ -92.15, 45.35 ], [ -92.15, 45.25 ], [ -92.25, 45.25 ], [ -92.25, 45.35 ] ] ] } },
{ "type": "Feature", "properties": { "lat": 45.3, "lng": -92.1 }, "geometry": { "type": "Polygon", "coordinates": [ [ [ -92.15, 45.35 ], [ -92.05, 45.35 ], [ -92.05, 45.25 ], [ -92.15, 45.25 ], [ -92.15, 45.35 ] ] ] } },
{ "type": "Feature", "properties": { "lat": 45.3, "lng": -92.0 }, "geometry": { "type": "Polygon", "coordinates": [ [ [ -92.05, 45.35 ], [ -91.95, 45.35 ], [ -91.95, 45.25 ], [ -92.05, 45.25 ], [ -92.05, 45.35 ] ] ] } },
{ "type": "Feature", "properties": { "lat": 45.3, "lng": -91.9 }, "geometry": { "type": "Polygon", "coordinates": [ [ [ -91.95, 45.35 ], [ -91.85, 45.35 ], [ -91.85, 45.25 ], [ -91.95, 45.25 ], [ -91.95, 45.35 ] ] ] } },
{ "type": "Feature", "properties": { "lat": 45.3, "lng": -91.8 }, "geometry": { "type": "Polygon", "coordinates": [ [ [ -91.85, 45.35 ], [ -91.75, 45.35 ], [ -91.75, 45.25 ], [ -91.85, 45.25 ], [ -91.85, 45.35 ] ] ] } },
{ "type": "Feature", "properties": { "lat": 45.3, "lng": -91.7 }, "geometry": { "type": "Polygon", "coordinates": [ [ [ -91.75, 45.35 ], [ -91.65, 45.35 ], [ -91.65, 45.25 ], [ -91.75, 45.25 ], [ -91.75, 45.35 ] ] ] } },
{ "type": "Feature", "properties": { "lat": 45.3, "lng": -91.6 }, "geometry": { "type": "Polygon", "coordinates": [ [ [ -91.65, 45.35 ], [ -91.55, 45.35 ], [ -91.55, 45.25 ], [ -91.65, 45.25 ], [ -91.65, 45.35 ] ] ] } },
{ "type": "Feature", "properties": { "lat": 45.3, "lng": -91.5 }, "geometry": { "type": "Polygon", "coordinates": [ [ [ -91.55, 45.35 ], [ -91.45, 45.35 ], [ -91.45, 45.25 ], [ -91.55, 45.25 ], [ -91.55, 45.35 ] ] ] } },
{ "type": "Feature", "properties": { "lat": 45.3, "lng": -91.4 }, "geometry": { "type": "Polygon", "coordinates": [ [ [ -91.45, 45.35 ], [ -91.35, 45.35 ], [ -91.35, 45.25 ], [ -91.45, 45.25 ], [ -91.45, 45.35 ] ] ] } },
{ "type": "Feature", "properties": { "lat": 45.3, "lng": -91.3 }, "geometry": { "type": "Polygon", "coordinates": [ [ [ -91.35, 45.35 ], [ -91.25, 45.35 ], [ -91.25, 45.25 ], [ -91.35, 45.25 ], [ -91.35, 45.35 ] ] ] } },
{ "type": "Feature", "properties": { "lat": 45.3, "lng": -91.2 }, "geometry": { "type": "Polygon", "coordinates": [ [ [ -91.25, 45.35 ], [ -91.15, 45.35 ], [ -91.15, 45.25 ], [ -91.25, 45.25 ], [ -91.25, 45.35 ] ] ] } },
{ "type": "Feature", "properties": { "lat": 45.3, "lng": -91.1 }, "geometry": { "type": "Polygon", "coordinates": [ [ [ -91.15, 45.35 ], [ -91.05, 45.35 ], [ -91.05, 45.25 ], [ -91.15, 45.25 ], [ -91.15, 45.35 ] ] ] } },
{ "type": "Feature", "properties": { "lat": 45.3, "lng": -91.0 }, "geometry": { "type": "Polygon", "coordinates": [ [ [ -91.05, 45.35 ], [ -90.95, 45.35 ], [ -90.95, 45.25 ], [ -91.05, 45.25 ], [ -91.05, 45.35 ] ] ] } },
{ "type": "Feature", "properties": { "lat": 45.3, "lng": -90.9 }, "geometry": { "type": "Polygon", "coordinates": [ [ [ -90.95, 45.35 ], [ -90.85, 45.35 ], [ -90.85, 45.25 ], [ -90.95, 45.25 ], [ -90.95, 45.35 ] ] ] } },
{ "type": "Feature", "properties": { "lat": 45.3, "lng": -90.8 }, "geometry": { "type": "Polygon", "coordinates": [ [ [ -90.85, 45.35 ], [ -90.75, 45.35 ], [ -90.75, 45.25 ], [ -90.85, 45.25 ], [ -90.85, 45.35 ] ] ] } },
{ "type": "Feature", "properties": { "lat": 45.3, "lng": -90.7 }, "geometry": { "type": "Polygon", "coordinates": [ [ [ -90.75, 45.35 ], [ -90.65, 45.35 ], [ -90.65, 45.25 ], [ -90.75, 45.25 ], [ -90.75, 45.35 ] ] ] } },
{ "type": "Feature", "properties": { "lat": 45.3, "lng": -90.6 }, "geometry": { "type": "Polygon", "coordinates": [ [ [ -90.65, 45.35 ], [ -90.55, 45.35 ], [ -90.55, 45.25 ], [ -90.65, 45.25 ], [ -90.65, 45.35 ] ] ] } },
{ "type": "Feature", "properties": { "lat": 45.3, "lng": -90.5 }, "geometry": { "type": "Polygon", "coordinates": [ [ [ -90.55, 45.35 ], [ -90.45, 45.35 ], [ -90.45, 45.25 ], [ -90.55, 45.25 ], [ -90.55, 45.35 ] ] ] } },
{ "type": "Feature", "properties": { "lat": 45.3, "lng": -90.4 }, "geometry": { "type": "Polygon", "coordinates": [ [ [ -90.45, 45.35 ], [ -90.35, 45.35 ], [ -90.35, 45.25 ], [ -90.45, 45.25 ], [ -90.45, 45.35 ] ] ] } },
{ "type": "Feature", "properties": { "lat": 45.3, "lng": -90.3 }, "geometry": { "type": "Polygon", "coordinates": [ [ [ -90.35, 45.35 ], [ -90.25, 45.35 ], [ -90.25, 45.25 ], [ -90.35, 45.25 ], [ -90.35, 45.35 ] ] ] } },
{ "type": "Feature", "properties": { "lat": 45.3, "lng": -90.2 }, "geometry": { "type": "Polygon", "coordinates": [ [ [ -90.25, 45.35 ], [ -90.15, 45.35 ], [ -90.15, 45.25 ], [ -90.25, 45.25 ], [ -90.25, 45.35 ] ] ] } },
{ "type": "Feature", "properties": { "lat": 45.3, "lng": -90.1 }, "geometry": { "type": "Polygon", "coordinates": [ [ [ -90.15, 45.35 ], [ -90.05, 45.35 ], [ -90.05, 45.25 ], [ -90.15, 45.25 ], [ -90.15, 45.35 ] ] ] } },
{ "type": "Feature", "properties": { "lat": 45.3, "lng": -90.0 }, "geometry": { "type": "Polygon", "coordinates": [ [ [ -90.05, 45.35 ], [ -89.95, 45.35 ], [ -89.95, 45.25 ], [ -90.05, 45.25 ], [ -90.05, 45.35 ] ] ] } },
{ "type": "Feature", "properties": { "lat": 45.3, "lng": -89.9 }, "geometry": { "type": "Polygon", "coordinates": [ [ [ -89.95, 45.35 ], [ -89.85, 45.35 ], [ -89.85, 45.25 ], [ -89.95, 45.25 ], [ -89.95, 45.35 ] ] ] } },
{ "type": "Feature", "properties": { "lat": 45.3, "lng": -89.8 }, "geometry": { "type": "Polygon", "coordinates": [ [ [ -89.85, 45.35 ], [ -89.75, 45.35 ], [ -89.75, 45.25 ], [ -89.85, 45.25 ], [ -89.85, 45.35 ] ] ] } },
{ "type": "Feature", "properties": { "lat": 45.3, "lng": -89.7 }, "geometry": { "type": "Polygon", "coordinates": [ [ [ -89.75, 45.35 ], [ -89.65, 45.35 ], [ -89.65, 45.25 ], [ -89.75, 45.25 ], [ -89.75, 45.35 ] ] ] } },
{ "type": "Feature", "properties": { "lat": 45.3, "lng": -89.6 }, "geometry": { "type": "Polygon", "coordinates": [ [ [ -89.65, 45.35 ], [ -89.55, 45.35 ], [ -89.55, 45.25 ], [ -89.65, 45.25 ], [ -89.65, 45.35 ] ] ] } },
{ "type": "Feature", "properties": { "lat": 45.3, "lng": -89.5 }, "geometry": { "type": "Polygon", "coordinates": [ [ [ -89.55, 45.35 ], [ -89.45, 45.35 ], [ -89.45, 45.25 ], [ -89.55, 45.25 ], [ -89.55, 45.35 ] ] ] } },
{ "type": "Feature", "properties": { "lat": 45.3, "lng": -89.4 }, "geometry": { "type": "Polygon", "coordinates": [ [ [ -89.45, 45.35 ], [ -89.35, 45.35 ], [ -89.35, 45.25 ], [ -89.45, 45.25 ], [ -89.45, 45.35 ] ] ] } },
{ "type": "Feature", "properties": { "lat": 45.3, "lng": -89.3 }, "geometry": { "type": "Polygon", "coordinates": [ [ [ -89.35, 45.35 ], [ -89.25, 45.35 ], [ -89.25, 45.25 ], [ -89.35, 45.25 ], [ -89.35, 45.35 ] ] ] } },
{ "type": "Feature", "properties": { "lat": 45.3, "lng": -89.2 }, "geometry": { "type": "Polygon", "coordinates": [ [ [ -89.25, 45.35 ], [ -89.15, 45.35 ], [ -89.15, 45.25 ], [ -89.25, 45.25 ], [ -89.25, 45.35 ] ] ] } },
{ "type": "Feature", "properties": { "lat": 45.3, "lng": -89.1 }, "geometry": { "type": "Polygon", "coordinates": [ [ [ -89.15, 45.35 ], [ -89.05, 45.35 ], [ -89.05, 45.25 ], [ -89.15, 45.25 ], [ -89.15, 45.35 ] ] ] } },
{ "type": "Feature", "properties": { "lat": 45.3, "lng": -89.0 }, "geometry": { "type": "Polygon", "coordinates": [ [ [ -89.05, 45.35 ], [ -88.95, 45.35 ], [ -88.95, 45.25 ], [ -89.05, 45.25 ], [ -89.05, 45.35 ] ] ] } },
{ "type": "Feature", "properties": { "lat": 45.3, "lng": -88.9 }, "geometry": { "type": "Polygon", "coordinates": [ [ [ -88.95, 45.35 ], [ -88.85, 45.35 ], [ -88.85, 45.25 ], [ -88.95, 45.25 ], [ -88.95, 45.35 ] ] ] } },
{ "type": "Feature", "properties": { "lat": 45.3, "lng": -88.8 }, "geometry": { "type": "Polygon", "coordinates": [ [ [ -88.85, 45.35 ], [ -88.75, 45.35 ], [ -88.75, 45.25 ], [ -88.85, 45.25 ], [ -88.85, 45.35 ] ] ] } },
{ "type": "Feature", "properties": { "lat": 45.3, "lng": -88.7 }, "geometry": { "type": "Polygon", "coordinates": [ [ [ -88.75, 45.35 ], [ -88.65, 45.35 ], [ -88.65, 45.25 ], [ -88.75, 45.25 ], [ -88.75, 45.35 ] ] ] } },
{ "type": "Feature", "properties": { "lat": 45.3, "lng": -88.6 }, "geometry": { "type": "Polygon", "coordinates": [ [ [ -88.65, 45.35 ], [ -88.55, 45.35 ], [ -88.55, 45.25 ], [ -88.65, 45.25 ], [ -88.65, 45.35 ] ] ] } },
{ "type": "Feature", "properties": { "lat": 45.3, "lng": -88.5 }, "geometry": { "type": "Polygon", "coordinates": [ [ [ -88.55, 45.35 ], [ -88.45, 45.35 ], [ -88.45, 45.25 ], [ -88.55, 45.25 ], [ -88.55, 45.35 ] ] ] } },
{ "type": "Feature", "properties": { "lat": 45.3, "lng": -88.4 }, "geometry": { "type": "Polygon", "coordinates": [ [ [ -88.45, 45.35 ], [ -88.35, 45.35 ], [ -88.35, 45.25 ], [ -88.45, 45.25 ], [ -88.45, 45.35 ] ] ] } },
{ "type": "Feature", "properties": { "lat": 45.3, "lng": -88.3 }, "geometry": { "type": "Polygon", "coordinates": [ [ [ -88.35, 45.35 ], [ -88.25, 45.35 ], [ -88.25, 45.25 ], [ -88.35, 45.25 ], [ -88.35, 45.35 ] ] ] } },
{ "type": "Feature", "properties": { "lat": 45.3, "lng": -88.2 }, "geometry": { "type": "Polygon", "coordinates": [ [ [ -88.25, 45.35 ], [ -88.15, 45.35 ], [ -88.15, 45.25 ], [ -88.25, 45.25 ], [ -88.25, 45.35 ] ] ] } },
{ "type": "Feature", "properties": { "lat": 45.3, "lng": -88.1 }, "geometry": { "type": "Polygon", "coordinates": [ [ [ -88.15, 45.35 ], [ -88.05, 45.35 ], [ -88.05, 45.25 ], [ -88.15, 45.25 ], [ -88.15, 45.35 ] ] ] } },
{ "type": "Feature", "properties": { "lat": 45.3, "lng": -88.0 }, "geometry": { "type": "Polygon", "coordinates": [ [ [ -88.05, 45.35 ], [ -87.95, 45.35 ], [ -87.95, 45.25 ], [ -88.05, 45.25 ], [ -88.05, 45.35 ] ] ] } },
{ "type": "Feature", "properties": { "lat": 45.3, "lng": -87.9 }, "geometry": { "type": "Polygon", "coordinates": [ [ [ -87.95, 45.35 ], [ -87.85, 45.35 ], [ -87.85, 45.25 ], [ -87.95, 45.25 ], [ -87.95, 45.35 ] ] ] } },
{ "type": "Feature", "properties": { "lat": 45.3, "lng": -87.8 }, "geometry": { "type": "Polygon", "coordinates": [ [ [ -87.85, 45.35 ], [ -87.75, 45.35 ], [ -87.75, 45.25 ], [ -87.85, 45.25 ], [ -87.85, 45.35 ] ] ] } },
{ "type": "Feature", "properties": { "lat": 45.3, "lng": -87.7 }, "geometry": { "type": "Polygon", "coordinates": [ [ [ -87.75, 45.35 ], [ -87.65, 45.35 ], [ -87.65, 45.25 ], [ -87.75, 45.25 ], [ -87.75, 45.35 ] ] ] } },
{ "type": "Feature", "properties": { "lat": 45.3, "lng": -87.6 }, "geometry": { "type": "Polygon", "coordinates": [ [ [ -87.65, 45.35 ], [ -87.55, 45.35 ], [ -87.55, 45.25 ], [ -87.65, 45.25 ], [ -87.65, 45.35 ] ] ] } },
{ "type": "Feature", "properties": { "lat": 45.3, "lng": -87.5 }, "geometry": { "type": "Polygon", "coordinates": [ [ [ -87.55, 45.35 ], [ -87.45, 45.35 ], [ -87.45, 45.25 ], [ -87.55, 45.25 ], [ -87.55, 45.35 ] ] ] } },
{ "type": "Feature", "properties": { "lat": 45.3, "lng": -87.4 }, "geometry": { "type": "Polygon", "coordinates": [ [ [ -87.45, 45.35 ], [ -87.35, 45.35 ], [ -87.35, 45.25 ], [ -87.45, 45.25 ], [ -87.45, 45.35 ] ] ] } },
{ "type": "Feature", "properties": { "lat": 45.3, "lng": -87.3 }, "geometry": { "type": "Polygon", "coordinates": [ [ [ -87.35, 45.35 ], [ -87.25, 45.35 ], [ -87.25, 45.25 ], [ -87.35, 45.25 ], [ -87.35, 45.35 ] ] ] } },
{ "type": "Feature", "properties": { "lat": 45.3, "lng": -87.2 }, "geometry": { "type": "Polygon", "coordinates": [ [ [ -87.25, 45.35 ], [ -87.15, 45.35 ], [ -87.15, 45.25 ], [ -87.25, 45.25 ], [ -87.25, 45.35 ] ] ] } },
{ "type": "Feature", "properties": { "lat": 45.3, "lng": -87.1 }, "geometry": { "type": "Polygon", "coordinates": [ [ [ -87.15, 45.35 ], [ -87.05, 45.35 ], [ -87.05, 45.25 ], [ -87.15, 45.25 ], [ -87.15, 45.35 ] ] ] } },
{ "type": "Feature", "properties": { "lat": 45.3, "lng": -87.0 }, "geometry": { "type": "Polygon", "coordinates": [ [ [ -87.05, 45.35 ], [ -86.95, 45.35 ], [ -86.95, 45.25 ], [ -87.05, 45.25 ], [ -87.05, 45.35 ] ] ] } },
{ "type": "Feature", "properties": { "lat": 45.3, "lng": -86.9 }, "geometry": { "type": "Polygon", "coordinates": [ [ [ -86.95, 45.35 ], [ -86.85, 45.35 ], [ -86.85, 45.25 ], [ -86.95, 45.25 ], [ -86.95, 45.35 ] ] ] } },
{ "type": "Feature", "properties": { "lat": 45.3, "lng": -86.8 }, "geometry": { "type": "Polygon", "coordinates": [ [ [ -86.85, 45.35 ], [ -86.75, 45.35 ], [ -86.75, 45.25 ], [ -86.85, 45.25 ], [ -86.85, 45.35 ] ] ] } },
{ "type": "Feature", "properties": { "lat": 45.4, "lng": -93.0 }, "geometry": { "type": "Polygon", "coordinates": [ [ [ -93.05, 45.45 ], [ -92.95, 45.45 ], [ -92.95, 45.35 ], [ -93.05, 45.35 ], [ -93.05, 45.45 ] ] ] } },
{ "type": "Feature", "properties": { "lat": 45.4, "lng": -92.9 }, "geometry": { "type": "Polygon", "coordinates": [ [ [ -92.95, 45.45 ], [ -92.85, 45.45 ], [ -92.85, 45.35 ], [ -92.95, 45.35 ], [ -92.95, 45.45 ] ] ] } },
{ "type": "Feature", "properties": { "lat": 45.4, "lng": -92.8 }, "geometry": { "type": "Polygon", "coordinates": [ [ [ -92.85, 45.45 ], [ -92.75, 45.45 ], [ -92.75, 45.35 ], [ -92.85, 45.35 ], [ -92.85, 45.45 ] ] ] } },
{ "type": "Feature", "properties": { "lat": 45.4, "lng": -92.7 }, "geometry": { "type": "Polygon", "coordinates": [ [ [ -92.75, 45.45 ], [ -92.65, 45.45 ], [ -92.65, 45.35 ], [ -92.75, 45.35 ], [ -92.75, 45.45 ] ] ] } },
{ "type": "Feature", "properties": { "lat": 45.4, "lng": -92.6 }, "geometry": { "type": "Polygon", "coordinates": [ [ [ -92.65, 45.45 ], [ -92.55, 45.45 ], [ -92.55, 45.35 ], [ -92.65, 45.35 ], [ -92.65, 45.45 ] ] ] } },
{ "type": "Feature", "properties": { "lat": 45.4, "lng": -92.5 }, "geometry": { "type": "Polygon", "coordinates": [ [ [ -92.55, 45.45 ], [ -92.45, 45.45 ], [ -92.45, 45.35 ], [ -92.55, 45.35 ], [ -92.55, 45.45 ] ] ] } },
{ "type": "Feature", "properties": { "lat": 45.4, "lng": -92.4 }, "geometry": { "type": "Polygon", "coordinates": [ [ [ -92.45, 45.45 ], [ -92.35, 45.45 ], [ -92.35, 45.35 ], [ -92.45, 45.35 ], [ -92.45, 45.45 ] ] ] } },
{ "type": "Feature", "properties": { "lat": 45.4, "lng": -92.3 }, "geometry": { "type": "Polygon", "coordinates": [ [ [ -92.35, 45.45 ], [ -92.25, 45.45 ], [ -92.25, 45.35 ], [ -92.35, 45.35 ], [ -92.35, 45.45 ] ] ] } },
{ "type": "Feature", "properties": { "lat": 45.4, "lng": -92.2 }, "geometry": { "type": "Polygon", "coordinates": [ [ [ -92.25, 45.45 ], [ -92.15, 45.45 ], [ -92.15, 45.35 ], [ -92.25, 45.35 ], [ -92.25, 45.45 ] ] ] } },
{ "type": "Feature", "properties": { "lat": 45.4, "lng": -92.1 }, "geometry": { "type": "Polygon", "coordinates": [ [ [ -92.15, 45.45 ], [ -92.05, 45.45 ], [ -92.05, 45.35 ], [ -92.15, 45.35 ], [ -92.15, 45.45 ] ] ] } },
{ "type": "Feature", "properties": { "lat": 45.4, "lng": -92.0 }, "geometry": { "type": "Polygon", "coordinates": [ [ [ -92.05, 45.45 ], [ -91.95, 45.45 ], [ -91.95, 45.35 ], [ -92.05, 45.35 ], [ -92.05, 45.45 ] ] ] } },
{ "type": "Feature", "properties": { "lat": 45.4, "lng": -91.9 }, "geometry": { "type": "Polygon", "coordinates": [ [ [ -91.95, 45.45 ], [ -91.85, 45.45 ], [ -91.85, 45.35 ], [ -91.95, 45.35 ], [ -91.95, 45.45 ] ] ] } },
{ "type": "Feature", "properties": { "lat": 45.4, "lng": -91.8 }, "geometry": { "type": "Polygon", "coordinates": [ [ [ -91.85, 45.45 ], [ -91.75, 45.45 ], [ -91.75, 45.35 ], [ -91.85, 45.35 ], [ -91.85, 45.45 ] ] ] } },
{ "type": "Feature", "properties": { "lat": 45.4, "lng": -91.7 }, "geometry": { "type": "Polygon", "coordinates": [ [ [ -91.75, 45.45 ], [ -91.65, 45.45 ], [ -91.65, 45.35 ], [ -91.75, 45.35 ], [ -91.75, 45.45 ] ] ] } },
{ "type": "Feature", "properties": { "lat": 45.4, "lng": -91.6 }, "geometry": { "type": "Polygon", "coordinates": [ [ [ -91.65, 45.45 ], [ -91.55, 45.45 ], [ -91.55, 45.35 ], [ -91.65, 45.35 ], [ -91.65, 45.45 ] ] ] } },
{ "type": "Feature", "properties": { "lat": 45.4, "lng": -91.5 }, "geometry": { "type": "Polygon", "coordinates": [ [ [ -91.55, 45.45 ], [ -91.45, 45.45 ], [ -91.45, 45.35 ], [ -91.55, 45.35 ], [ -91.55, 45.45 ] ] ] } },
{ "type": "Feature", "properties": { "lat": 45.4, "lng": -91.4 }, "geometry": { "type": "Polygon", "coordinates": [ [ [ -91.45, 45.45 ], [ -91.35, 45.45 ], [ -91.35, 45.35 ], [ -91.45, 45.35 ], [ -91.45, 45.45 ] ] ] } },
{ "type": "Feature", "properties": { "lat": 45.4, "lng": -91.3 }, "geometry": { "type": "Polygon", "coordinates": [ [ [ -91.35, 45.45 ], [ -91.25, 45.45 ], [ -91.25, 45.35 ], [ -91.35, 45.35 ], [ -91.35, 45.45 ] ] ] } },
{ "type": "Feature", "properties": { "lat": 45.4, "lng": -91.2 }, "geometry": { "type": "Polygon", "coordinates": [ [ [ -91.25, 45.45 ], [ -91.15, 45.45 ], [ -91.15, 45.35 ], [ -91.25, 45.35 ], [ -91.25, 45.45 ] ] ] } },
{ "type": "Feature", "properties": { "lat": 45.4, "lng": -91.1 }, "geometry": { "type": "Polygon", "coordinates": [ [ [ -91.15, 45.45 ], [ -91.05, 45.45 ], [ -91.05, 45.35 ], [ -91.15, 45.35 ], [ -91.15, 45.45 ] ] ] } },
{ "type": "Feature", "properties": { "lat": 45.4, "lng": -91.0 }, "geometry": { "type": "Polygon", "coordinates": [ [ [ -91.05, 45.45 ], [ -90.95, 45.45 ], [ -90.95, 45.35 ], [ -91.05, 45.35 ], [ -91.05, 45.45 ] ] ] } },
{ "type": "Feature", "properties": { "lat": 45.4, "lng": -90.9 }, "geometry": { "type": "Polygon", "coordinates": [ [ [ -90.95, 45.45 ], [ -90.85, 45.45 ], [ -90.85, 45.35 ], [ -90.95, 45.35 ], [ -90.95, 45.45 ] ] ] } },
{ "type": "Feature", "properties": { "lat": 45.4, "lng": -90.8 }, "geometry": { "type": "Polygon", "coordinates": [ [ [ -90.85, 45.45 ], [ -90.75, 45.45 ], [ -90.75, 45.35 ], [ -90.85, 45.35 ], [ -90.85, 45.45 ] ] ] } },
{ "type": "Feature", "properties": { "lat": 45.4, "lng": -90.7 }, "geometry": { "type": "Polygon", "coordinates": [ [ [ -90.75, 45.45 ], [ -90.65, 45.45 ], [ -90.65, 45.35 ], [ -90.75, 45.35 ], [ -90.75, 45.45 ] ] ] } },
{ "type": "Feature", "properties": { "lat": 45.4, "lng": -90.6 }, "geometry": { "type": "Polygon", "coordinates": [ [ [ -90.65, 45.45 ], [ -90.55, 45.45 ], [ -90.55, 45.35 ], [ -90.65, 45.35 ], [ -90.65, 45.45 ] ] ] } },
{ "type": "Feature", "properties": { "lat": 45.4, "lng": -90.5 }, "geometry": { "type": "Polygon", "coordinates": [ [ [ -90.55, 45.45 ], [ -90.45, 45.45 ], [ -90.45, 45.35 ], [ -90.55, 45.35 ], [ -90.55, 45.45 ] ] ] } },
{ "type": "Feature", "properties": { "lat": 45.4, "lng": -90.4 }, "geometry": { "type": "Polygon", "coordinates": [ [ [ -90.45, 45.45 ], [ -90.35, 45.45 ], [ -90.35, 45.35 ], [ -90.45, 45.35 ], [ -90.45, 45.45 ] ] ] } },
{ "type": "Feature", "properties": { "lat": 45.4, "lng": -90.3 }, "geometry": { "type": "Polygon", "coordinates": [ [ [ -90.35, 45.45 ], [ -90.25, 45.45 ], [ -90.25, 45.35 ], [ -90.35, 45.35 ], [ -90.35, 45.45 ] ] ] } },
{ "type": "Feature", "properties": { "lat": 45.4, "lng": -90.2 }, "geometry": { "type": "Polygon", "coordinates": [ [ [ -90.25, 45.45 ], [ -90.15, 45.45 ], [ -90.15, 45.35 ], [ -90.25, 45.35 ], [ -90.25, 45.45 ] ] ] } },
{ "type": "Feature", "properties": { "lat": 45.4, "lng": -90.1 }, "geometry": { "type": "Polygon", "coordinates": [ [ [ -90.15, 45.45 ], [ -90.05, 45.45 ], [ -90.05, 45.35 ], [ -90.15, 45.35 ], [ -90.15, 45.45 ] ] ] } },
{ "type": "Feature", "properties": { "lat": 45.4, "lng": -90.0 }, "geometry": { "type": "Polygon", "coordinates": [ [ [ -90.05, 45.45 ], [ -89.95, 45.45 ], [ -89.95, 45.35 ], [ -90.05, 45.35 ], [ -90.05, 45.45 ] ] ] } },
{ "type": "Feature", "properties": { "lat": 45.4, "lng": -89.9 }, "geometry": { "type": "Polygon", "coordinates": [ [ [ -89.95, 45.45 ], [ -89.85, 45.45 ], [ -89.85, 45.35 ], [ -89.95, 45.35 ], [ -89.95, 45.45 ] ] ] } },
{ "type": "Feature", "properties": { "lat": 45.4, "lng": -89.8 }, "geometry": { "type": "Polygon", "coordinates": [ [ [ -89.85, 45.45 ], [ -89.75, 45.45 ], [ -89.75, 45.35 ], [ -89.85, 45.35 ], [ -89.85, 45.45 ] ] ] } },
{ "type": "Feature", "properties": { "lat": 45.4, "lng": -89.7 }, "geometry": { "type": "Polygon", "coordinates": [ [ [ -89.75, 45.45 ], [ -89.65, 45.45 ], [ -89.65, 45.35 ], [ -89.75, 45.35 ], [ -89.75, 45.45 ] ] ] } },
{ "type": "Feature", "properties": { "lat": 45.4, "lng": -89.6 }, "geometry": { "type": "Polygon", "coordinates": [ [ [ -89.65, 45.45 ], [ -89.55, 45.45 ], [ -89.55, 45.35 ], [ -89.65, 45.35 ], [ -89.65, 45.45 ] ] ] } },
{ "type": "Feature", "properties": { "lat": 45.4, "lng": -89.5 }, "geometry": { "type": "Polygon", "coordinates": [ [ [ -89.55, 45.45 ], [ -89.45, 45.45 ], [ -89.45, 45.35 ], [ -89.55, 45.35 ], [ -89.55, 45.45 ] ] ] } },
{ "type": "Feature", "properties": { "lat": 45.4, "lng": -89.4 }, "geometry": { "type": "Polygon", "coordinates": [ [ [ -89.45, 45.45 ], [ -89.35, 45.45 ], [ -89.35, 45.35 ], [ -89.45, 45.35 ], [ -89.45, 45.45 ] ] ] } },
{ "type": "Feature", "properties": { "lat": 45.4, "lng": -89.3 }, "geometry": { "type": "Polygon", "coordinates": [ [ [ -89.35, 45.45 ], [ -89.25, 45.45 ], [ -89.25, 45.35 ], [ -89.35, 45.35 ], [ -89.35, 45.45 ] ] ] } },
{ "type": "Feature", "properties": { "lat": 45.4, "lng": -89.2 }, "geometry": { "type": "Polygon", "coordinates": [ [ [ -89.25, 45.45 ], [ -89.15, 45.45 ], [ -89.15, 45.35 ], [ -89.25, 45.35 ], [ -89.25, 45.45 ] ] ] } },
{ "type": "Feature", "properties": { "lat": 45.4, "lng": -89.1 }, "geometry": { "type": "Polygon", "coordinates": [ [ [ -89.15, 45.45 ], [ -89.05, 45.45 ], [ -89.05, 45.35 ], [ -89.15, 45.35 ], [ -89.15, 45.45 ] ] ] } },
{ "type": "Feature", "properties": { "lat": 45.4, "lng": -89.0 }, "geometry": { "type": "Polygon", "coordinates": [ [ [ -89.05, 45.45 ], [ -88.95, 45.45 ], [ -88.95, 45.35 ], [ -89.05, 45.35 ], [ -89.05, 45.45 ] ] ] } },
{ "type": "Feature", "properties": { "lat": 45.4, "lng": -88.9 }, "geometry": { "type": "Polygon", "coordinates": [ [ [ -88.95, 45.45 ], [ -88.85, 45.45 ], [ -88.85, 45.35 ], [ -88.95, 45.35 ], [ -88.95, 45.45 ] ] ] } },
{ "type": "Feature", "properties": { "lat": 45.4, "lng": -88.8 }, "geometry": { "type": "Polygon", "coordinates": [ [ [ -88.85, 45.45 ], [ -88.75, 45.45 ], [ -88.75, 45.35 ], [ -88.85, 45.35 ], [ -88.85, 45.45 ] ] ] } },
{ "type": "Feature", "properties": { "lat": 45.4, "lng": -88.7 }, "geometry": { "type": "Polygon", "coordinates": [ [ [ -88.75, 45.45 ], [ -88.65, 45.45 ], [ -88.65, 45.35 ], [ -88.75, 45.35 ], [ -88.75, 45.45 ] ] ] } },
{ "type": "Feature", "properties": { "lat": 45.4, "lng": -88.6 }, "geometry": { "type": "Polygon", "coordinates": [ [ [ -88.65, 45.45 ], [ -88.55, 45.45 ], [ -88.55, 45.35 ], [ -88.65, 45.35 ], [ -88.65, 45.45 ] ] ] } },
{ "type": "Feature", "properties": { "lat": 45.4, "lng": -88.5 }, "geometry": { "type": "Polygon", "coordinates": [ [ [ -88.55, 45.45 ], [ -88.45, 45.45 ], [ -88.45, 45.35 ], [ -88.55, 45.35 ], [ -88.55, 45.45 ] ] ] } },
{ "type": "Feature", "properties": { "lat": 45.4, "lng": -88.4 }, "geometry": { "type": "Polygon", "coordinates": [ [ [ -88.45, 45.45 ], [ -88.35, 45.45 ], [ -88.35, 45.35 ], [ -88.45, 45.35 ], [ -88.45, 45.45 ] ] ] } },
{ "type": "Feature", "properties": { "lat": 45.4, "lng": -88.3 }, "geometry": { "type": "Polygon", "coordinates": [ [ [ -88.35, 45.45 ], [ -88.25, 45.45 ], [ -88.25, 45.35 ], [ -88.35, 45.35 ], [ -88.35, 45.45 ] ] ] } },
{ "type": "Feature", "properties": { "lat": 45.4, "lng": -88.2 }, "geometry": { "type": "Polygon", "coordinates": [ [ [ -88.25, 45.45 ], [ -88.15, 45.45 ], [ -88.15, 45.35 ], [ -88.25, 45.35 ], [ -88.25, 45.45 ] ] ] } },
{ "type": "Feature", "properties": { "lat": 45.4, "lng": -88.1 }, "geometry": { "type": "Polygon", "coordinates": [ [ [ -88.15, 45.45 ], [ -88.05, 45.45 ], [ -88.05, 45.35 ], [ -88.15, 45.35 ], [ -88.15, 45.45 ] ] ] } },
{ "type": "Feature", "properties": { "lat": 45.4, "lng": -88.0 }, "geometry": { "type": "Polygon", "coordinates": [ [ [ -88.05, 45.45 ], [ -87.95, 45.45 ], [ -87.95, 45.35 ], [ -88.05, 45.35 ], [ -88.05, 45.45 ] ] ] } },
{ "type": "Feature", "properties": { "lat": 45.4, "lng": -87.9 }, "geometry": { "type": "Polygon", "coordinates": [ [ [ -87.95, 45.45 ], [ -87.85, 45.45 ], [ -87.85, 45.35 ], [ -87.95, 45.35 ], [ -87.95, 45.45 ] ] ] } },
{ "type": "Feature", "properties": { "lat": 45.4, "lng": -87.8 }, "geometry": { "type": "Polygon", "coordinates": [ [ [ -87.85, 45.45 ], [ -87.75, 45.45 ], [ -87.75, 45.35 ], [ -87.85, 45.35 ], [ -87.85, 45.45 ] ] ] } },
{ "type": "Feature", "properties": { "lat": 45.4, "lng": -87.7 }, "geometry": { "type": "Polygon", "coordinates": [ [ [ -87.75, 45.45 ], [ -87.65, 45.45 ], [ -87.65, 45.35 ], [ -87.75, 45.35 ], [ -87.75, 45.45 ] ] ] } },
{ "type": "Feature", "properties": { "lat": 45.4, "lng": -87.6 }, "geometry": { "type": "Polygon", "coordinates": [ [ [ -87.65, 45.45 ], [ -87.55, 45.45 ], [ -87.55, 45.35 ], [ -87.65, 45.35 ], [ -87.65, 45.45 ] ] ] } },
{ "type": "Feature", "properties": { "lat": 45.4, "lng": -87.5 }, "geometry": { "type": "Polygon", "coordinates": [ [ [ -87.55, 45.45 ], [ -87.45, 45.45 ], [ -87.45, 45.35 ], [ -87.55, 45.35 ], [ -87.55, 45.45 ] ] ] } },
{ "type": "Feature", "properties": { "lat": 45.4, "lng": -87.4 }, "geometry": { "type": "Polygon", "coordinates": [ [ [ -87.45, 45.45 ], [ -87.35, 45.45 ], [ -87.35, 45.35 ], [ -87.45, 45.35 ], [ -87.45, 45.45 ] ] ] } },
{ "type": "Feature", "properties": { "lat": 45.4, "lng": -87.3 }, "geometry": { "type": "Polygon", "coordinates": [ [ [ -87.35, 45.45 ], [ -87.25, 45.45 ], [ -87.25, 45.35 ], [ -87.35, 45.35 ], [ -87.35, 45.45 ] ] ] } },
{ "type": "Feature", "properties": { "lat": 45.4, "lng": -87.2 }, "geometry": { "type": "Polygon", "coordinates": [ [ [ -87.25, 45.45 ], [ -87.15, 45.45 ], [ -87.15, 45.35 ], [ -87.25, 45.35 ], [ -87.25, 45.45 ] ] ] } },
{ "type": "Feature", "properties": { "lat": 45.4, "lng": -87.1 }, "geometry": { "type": "Polygon", "coordinates": [ [ [ -87.15, 45.45 ], [ -87.05, 45.45 ], [ -87.05, 45.35 ], [ -87.15, 45.35 ], [ -87.15, 45.45 ] ] ] } },
{ "type": "Feature", "properties": { "lat": 45.4, "lng": -87.0 }, "geometry": { "type": "Polygon", "coordinates": [ [ [ -87.05, 45.45 ], [ -86.95, 45.45 ], [ -86.95, 45.35 ], [ -87.05, 45.35 ], [ -87.05, 45.45 ] ] ] } },
{ "type": "Feature", "properties": { "lat": 45.4, "lng": -86.9 }, "geometry": { "type": "Polygon", "coordinates": [ [ [ -86.95, 45.45 ], [ -86.85, 45.45 ], [ -86.85, 45.35 ], [ -86.95, 45.35 ], [ -86.95, 45.45 ] ] ] } },
{ "type": "Feature", "properties": { "lat": 45.4, "lng": -86.8 }, "geometry": { "type": "Polygon", "coordinates": [ [ [ -86.85, 45.45 ], [ -86.75, 45.45 ], [ -86.75, 45.35 ], [ -86.85, 45.35 ], [ -86.85, 45.45 ] ] ] } },
{ "type": "Feature", "properties": { "lat": 45.5, "lng": -93.0 }, "geometry": { "type": "Polygon", "coordinates": [ [ [ -93.05, 45.55 ], [ -92.95, 45.55 ], [ -92.95, 45.45 ], [ -93.05, 45.45 ], [ -93.05, 45.55 ] ] ] } },
{ "type": "Feature", "properties": { "lat": 45.5, "lng": -92.9 }, "geometry": { "type": "Polygon", "coordinates": [ [ [ -92.95, 45.55 ], [ -92.85, 45.55 ], [ -92.85, 45.45 ], [ -92.95, 45.45 ], [ -92.95, 45.55 ] ] ] } },
{ "type": "Feature", "properties": { "lat": 45.5, "lng": -92.8 }, "geometry": { "type": "Polygon", "coordinates": [ [ [ -92.85, 45.55 ], [ -92.75, 45.55 ], [ -92.75, 45.45 ], [ -92.85, 45.45 ], [ -92.85, 45.55 ] ] ] } },
{ "type": "Feature", "properties": { "lat": 45.5, "lng": -92.7 }, "geometry": { "type": "Polygon", "coordinates": [ [ [ -92.75, 45.55 ], [ -92.65, 45.55 ], [ -92.65, 45.45 ], [ -92.75, 45.45 ], [ -92.75, 45.55 ] ] ] } },
{ "type": "Feature", "properties": { "lat": 45.5, "lng": -92.6 }, "geometry": { "type": "Polygon", "coordinates": [ [ [ -92.65, 45.55 ], [ -92.55, 45.55 ], [ -92.55, 45.45 ], [ -92.65, 45.45 ], [ -92.65, 45.55 ] ] ] } },
{ "type": "Feature", "properties": { "lat": 45.5, "lng": -92.5 }, "geometry": { "type": "Polygon", "coordinates": [ [ [ -92.55, 45.55 ], [ -92.45, 45.55 ], [ -92.45, 45.45 ], [ -92.55, 45.45 ], [ -92.55, 45.55 ] ] ] } },
{ "type": "Feature", "properties": { "lat": 45.5, "lng": -92.4 }, "geometry": { "type": "Polygon", "coordinates": [ [ [ -92.45, 45.55 ], [ -92.35, 45.55 ], [ -92.35, 45.45 ], [ -92.45, 45.45 ], [ -92.45, 45.55 ] ] ] } },
{ "type": "Feature", "properties": { "lat": 45.5, "lng": -92.3 }, "geometry": { "type": "Polygon", "coordinates": [ [ [ -92.35, 45.55 ], [ -92.25, 45.55 ], [ -92.25, 45.45 ], [ -92.35, 45.45 ], [ -92.35, 45.55 ] ] ] } },
{ "type": "Feature", "properties": { "lat": 45.5, "lng": -92.2 }, "geometry": { "type": "Polygon", "coordinates": [ [ [ -92.25, 45.55 ], [ -92.15, 45.55 ], [ -92.15, 45.45 ], [ -92.25, 45.45 ], [ -92.25, 45.55 ] ] ] } },
{ "type": "Feature", "properties": { "lat": 45.5, "lng": -92.1 }, "geometry": { "type": "Polygon", "coordinates": [ [ [ -92.15, 45.55 ], [ -92.05, 45.55 ], [ -92.05, 45.45 ], [ -92.15, 45.45 ], [ -92.15, 45.55 ] ] ] } },
{ "type": "Feature", "properties": { "lat": 45.5, "lng": -92.0 }, "geometry": { "type": "Polygon", "coordinates": [ [ [ -92.05, 45.55 ], [ -91.95, 45.55 ], [ -91.95, 45.45 ], [ -92.05, 45.45 ], [ -92.05, 45.55 ] ] ] } },
{ "type": "Feature", "properties": { "lat": 45.5, "lng": -91.9 }, "geometry": { "type": "Polygon", "coordinates": [ [ [ -91.95, 45.55 ], [ -91.85, 45.55 ], [ -91.85, 45.45 ], [ -91.95, 45.45 ], [ -91.95, 45.55 ] ] ] } },
{ "type": "Feature", "properties": { "lat": 45.5, "lng": -91.8 }, "geometry": { "type": "Polygon", "coordinates": [ [ [ -91.85, 45.55 ], [ -91.75, 45.55 ], [ -91.75, 45.45 ], [ -91.85, 45.45 ], [ -91.85, 45.55 ] ] ] } },
{ "type": "Feature", "properties": { "lat": 45.5, "lng": -91.7 }, "geometry": { "type": "Polygon", "coordinates": [ [ [ -91.75, 45.55 ], [ -91.65, 45.55 ], [ -91.65, 45.45 ], [ -91.75, 45.45 ], [ -91.75, 45.55 ] ] ] } },
{ "type": "Feature", "properties": { "lat": 45.5, "lng": -91.6 }, "geometry": { "type": "Polygon", "coordinates": [ [ [ -91.65, 45.55 ], [ -91.55, 45.55 ], [ -91.55, 45.45 ], [ -91.65, 45.45 ], [ -91.65, 45.55 ] ] ] } },
{ "type": "Feature", "properties": { "lat": 45.5, "lng": -91.5 }, "geometry": { "type": "Polygon", "coordinates": [ [ [ -91.55, 45.55 ], [ -91.45, 45.55 ], [ -91.45, 45.45 ], [ -91.55, 45.45 ], [ -91.55, 45.55 ] ] ] } },
{ "type": "Feature", "properties": { "lat": 45.5, "lng": -91.4 }, "geometry": { "type": "Polygon", "coordinates": [ [ [ -91.45, 45.55 ], [ -91.35, 45.55 ], [ -91.35, 45.45 ], [ -91.45, 45.45 ], [ -91.45, 45.55 ] ] ] } },
{ "type": "Feature", "properties": { "lat": 45.5, "lng": -91.3 }, "geometry": { "type": "Polygon", "coordinates": [ [ [ -91.35, 45.55 ], [ -91.25, 45.55 ], [ -91.25, 45.45 ], [ -91.35, 45.45 ], [ -91.35, 45.55 ] ] ] } },
{ "type": "Feature", "properties": { "lat": 45.5, "lng": -91.2 }, "geometry": { "type": "Polygon", "coordinates": [ [ [ -91.25, 45.55 ], [ -91.15, 45.55 ], [ -91.15, 45.45 ], [ -91.25, 45.45 ], [ -91.25, 45.55 ] ] ] } },
{ "type": "Feature", "properties": { "lat": 45.5, "lng": -91.1 }, "geometry": { "type": "Polygon", "coordinates": [ [ [ -91.15, 45.55 ], [ -91.05, 45.55 ], [ -91.05, 45.45 ], [ -91.15, 45.45 ], [ -91.15, 45.55 ] ] ] } },
{ "type": "Feature", "properties": { "lat": 45.5, "lng": -91.0 }, "geometry": { "type": "Polygon", "coordinates": [ [ [ -91.05, 45.55 ], [ -90.95, 45.55 ], [ -90.95, 45.45 ], [ -91.05, 45.45 ], [ -91.05, 45.55 ] ] ] } },
{ "type": "Feature", "properties": { "lat": 45.5, "lng": -90.9 }, "geometry": { "type": "Polygon", "coordinates": [ [ [ -90.95, 45.55 ], [ -90.85, 45.55 ], [ -90.85, 45.45 ], [ -90.95, 45.45 ], [ -90.95, 45.55 ] ] ] } },
{ "type": "Feature", "properties": { "lat": 45.5, "lng": -90.8 }, "geometry": { "type": "Polygon", "coordinates": [ [ [ -90.85, 45.55 ], [ -90.75, 45.55 ], [ -90.75, 45.45 ], [ -90.85, 45.45 ], [ -90.85, 45.55 ] ] ] } },
{ "type": "Feature", "properties": { "lat": 45.5, "lng": -90.7 }, "geometry": { "type": "Polygon", "coordinates": [ [ [ -90.75, 45.55 ], [ -90.65, 45.55 ], [ -90.65, 45.45 ], [ -90.75, 45.45 ], [ -90.75, 45.55 ] ] ] } },
{ "type": "Feature", "properties": { "lat": 45.5, "lng": -90.6 }, "geometry": { "type": "Polygon", "coordinates": [ [ [ -90.65, 45.55 ], [ -90.55, 45.55 ], [ -90.55, 45.45 ], [ -90.65, 45.45 ], [ -90.65, 45.55 ] ] ] } },
{ "type": "Feature", "properties": { "lat": 45.5, "lng": -90.5 }, "geometry": { "type": "Polygon", "coordinates": [ [ [ -90.55, 45.55 ], [ -90.45, 45.55 ], [ -90.45, 45.45 ], [ -90.55, 45.45 ], [ -90.55, 45.55 ] ] ] } },
{ "type": "Feature", "properties": { "lat": 45.5, "lng": -90.4 }, "geometry": { "type": "Polygon", "coordinates": [ [ [ -90.45, 45.55 ], [ -90.35, 45.55 ], [ -90.35, 45.45 ], [ -90.45, 45.45 ], [ -90.45, 45.55 ] ] ] } },
{ "type": "Feature", "properties": { "lat": 45.5, "lng": -90.3 }, "geometry": { "type": "Polygon", "coordinates": [ [ [ -90.35, 45.55 ], [ -90.25, 45.55 ], [ -90.25, 45.45 ], [ -90.35, 45.45 ], [ -90.35, 45.55 ] ] ] } },
{ "type": "Feature", "properties": { "lat": 45.5, "lng": -90.2 }, "geometry": { "type": "Polygon", "coordinates": [ [ [ -90.25, 45.55 ], [ -90.15, 45.55 ], [ -90.15, 45.45 ], [ -90.25, 45.45 ], [ -90.25, 45.55 ] ] ] } },
{ "type": "Feature", "properties": { "lat": 45.5, "lng": -90.1 }, "geometry": { "type": "Polygon", "coordinates": [ [ [ -90.15, 45.55 ], [ -90.05, 45.55 ], [ -90.05, 45.45 ], [ -90.15, 45.45 ], [ -90.15, 45.55 ] ] ] } },
{ "type": "Feature", "properties": { "lat": 45.5, "lng": -90.0 }, "geometry": { "type": "Polygon", "coordinates": [ [ [ -90.05, 45.55 ], [ -89.95, 45.55 ], [ -89.95, 45.45 ], [ -90.05, 45.45 ], [ -90.05, 45.55 ] ] ] } },
{ "type": "Feature", "properties": { "lat": 45.5, "lng": -89.9 }, "geometry": { "type": "Polygon", "coordinates": [ [ [ -89.95, 45.55 ], [ -89.85, 45.55 ], [ -89.85, 45.45 ], [ -89.95, 45.45 ], [ -89.95, 45.55 ] ] ] } },
{ "type": "Feature", "properties": { "lat": 45.5, "lng": -89.8 }, "geometry": { "type": "Polygon", "coordinates": [ [ [ -89.85, 45.55 ], [ -89.75, 45.55 ], [ -89.75, 45.45 ], [ -89.85, 45.45 ], [ -89.85, 45.55 ] ] ] } },
{ "type": "Feature", "properties": { "lat": 45.5, "lng": -89.7 }, "geometry": { "type": "Polygon", "coordinates": [ [ [ -89.75, 45.55 ], [ -89.65, 45.55 ], [ -89.65, 45.45 ], [ -89.75, 45.45 ], [ -89.75, 45.55 ] ] ] } },
{ "type": "Feature", "properties": { "lat": 45.5, "lng": -89.6 }, "geometry": { "type": "Polygon", "coordinates": [ [ [ -89.65, 45.55 ], [ -89.55, 45.55 ], [ -89.55, 45.45 ], [ -89.65, 45.45 ], [ -89.65, 45.55 ] ] ] } },
{ "type": "Feature", "properties": { "lat": 45.5, "lng": -89.5 }, "geometry": { "type": "Polygon", "coordinates": [ [ [ -89.55, 45.55 ], [ -89.45, 45.55 ], [ -89.45, 45.45 ], [ -89.55, 45.45 ], [ -89.55, 45.55 ] ] ] } },
{ "type": "Feature", "properties": { "lat": 45.5, "lng": -89.4 }, "geometry": { "type": "Polygon", "coordinates": [ [ [ -89.45, 45.55 ], [ -89.35, 45.55 ], [ -89.35, 45.45 ], [ -89.45, 45.45 ], [ -89.45, 45.55 ] ] ] } },
{ "type": "Feature", "properties": { "lat": 45.5, "lng": -89.3 }, "geometry": { "type": "Polygon", "coordinates": [ [ [ -89.35, 45.55 ], [ -89.25, 45.55 ], [ -89.25, 45.45 ], [ -89.35, 45.45 ], [ -89.35, 45.55 ] ] ] } },
{ "type": "Feature", "properties": { "lat": 45.5, "lng": -89.2 }, "geometry": { "type": "Polygon", "coordinates": [ [ [ -89.25, 45.55 ], [ -89.15, 45.55 ], [ -89.15, 45.45 ], [ -89.25, 45.45 ], [ -89.25, 45.55 ] ] ] } },
{ "type": "Feature", "properties": { "lat": 45.5, "lng": -89.1 }, "geometry": { "type": "Polygon", "coordinates": [ [ [ -89.15, 45.55 ], [ -89.05, 45.55 ], [ -89.05, 45.45 ], [ -89.15, 45.45 ], [ -89.15, 45.55 ] ] ] } },
{ "type": "Feature", "properties": { "lat": 45.5, "lng": -89.0 }, "geometry": { "type": "Polygon", "coordinates": [ [ [ -89.05, 45.55 ], [ -88.95, 45.55 ], [ -88.95, 45.45 ], [ -89.05, 45.45 ], [ -89.05, 45.55 ] ] ] } },
{ "type": "Feature", "properties": { "lat": 45.5, "lng": -88.9 }, "geometry": { "type": "Polygon", "coordinates": [ [ [ -88.95, 45.55 ], [ -88.85, 45.55 ], [ -88.85, 45.45 ], [ -88.95, 45.45 ], [ -88.95, 45.55 ] ] ] } },
{ "type": "Feature", "properties": { "lat": 45.5, "lng": -88.8 }, "geometry": { "type": "Polygon", "coordinates": [ [ [ -88.85, 45.55 ], [ -88.75, 45.55 ], [ -88.75, 45.45 ], [ -88.85, 45.45 ], [ -88.85, 45.55 ] ] ] } },
{ "type": "Feature", "properties": { "lat": 45.5, "lng": -88.7 }, "geometry": { "type": "Polygon", "coordinates": [ [ [ -88.75, 45.55 ], [ -88.65, 45.55 ], [ -88.65, 45.45 ], [ -88.75, 45.45 ], [ -88.75, 45.55 ] ] ] } },
{ "type": "Feature", "properties": { "lat": 45.5, "lng": -88.6 }, "geometry": { "type": "Polygon", "coordinates": [ [ [ -88.65, 45.55 ], [ -88.55, 45.55 ], [ -88.55, 45.45 ], [ -88.65, 45.45 ], [ -88.65, 45.55 ] ] ] } },
{ "type": "Feature", "properties": { "lat": 45.5, "lng": -88.5 }, "geometry": { "type": "Polygon", "coordinates": [ [ [ -88.55, 45.55 ], [ -88.45, 45.55 ], [ -88.45, 45.45 ], [ -88.55, 45.45 ], [ -88.55, 45.55 ] ] ] } },
{ "type": "Feature", "properties": { "lat": 45.5, "lng": -88.4 }, "geometry": { "type": "Polygon", "coordinates": [ [ [ -88.45, 45.55 ], [ -88.35, 45.55 ], [ -88.35, 45.45 ], [ -88.45, 45.45 ], [ -88.45, 45.55 ] ] ] } },
{ "type": "Feature", "properties": { "lat": 45.5, "lng": -88.3 }, "geometry": { "type": "Polygon", "coordinates": [ [ [ -88.35, 45.55 ], [ -88.25, 45.55 ], [ -88.25, 45.45 ], [ -88.35, 45.45 ], [ -88.35, 45.55 ] ] ] } },
{ "type": "Feature", "properties": { "lat": 45.5, "lng": -88.2 }, "geometry": { "type": "Polygon", "coordinates": [ [ [ -88.25, 45.55 ], [ -88.15, 45.55 ], [ -88.15, 45.45 ], [ -88.25, 45.45 ], [ -88.25, 45.55 ] ] ] } },
{ "type": "Feature", "properties": { "lat": 45.5, "lng": -88.1 }, "geometry": { "type": "Polygon", "coordinates": [ [ [ -88.15, 45.55 ], [ -88.05, 45.55 ], [ -88.05, 45.45 ], [ -88.15, 45.45 ], [ -88.15, 45.55 ] ] ] } },
{ "type": "Feature", "properties": { "lat": 45.5, "lng": -88.0 }, "geometry": { "type": "Polygon", "coordinates": [ [ [ -88.05, 45.55 ], [ -87.95, 45.55 ], [ -87.95, 45.45 ], [ -88.05, 45.45 ], [ -88.05, 45.55 ] ] ] } },
{ "type": "Feature", "properties": { "lat": 45.5, "lng": -87.9 }, "geometry": { "type": "Polygon", "coordinates": [ [ [ -87.95, 45.55 ], [ -87.85, 45.55 ], [ -87.85, 45.45 ], [ -87.95, 45.45 ], [ -87.95, 45.55 ] ] ] } },
{ "type": "Feature", "properties": { "lat": 45.5, "lng": -87.8 }, "geometry": { "type": "Polygon", "coordinates": [ [ [ -87.85, 45.55 ], [ -87.75, 45.55 ], [ -87.75, 45.45 ], [ -87.85, 45.45 ], [ -87.85, 45.55 ] ] ] } },
{ "type": "Feature", "properties": { "lat": 45.5, "lng": -87.7 }, "geometry": { "type": "Polygon", "coordinates": [ [ [ -87.75, 45.55 ], [ -87.65, 45.55 ], [ -87.65, 45.45 ], [ -87.75, 45.45 ], [ -87.75, 45.55 ] ] ] } },
{ "type": "Feature", "properties": { "lat": 45.5, "lng": -87.6 }, "geometry": { "type": "Polygon", "coordinates": [ [ [ -87.65, 45.55 ], [ -87.55, 45.55 ], [ -87.55, 45.45 ], [ -87.65, 45.45 ], [ -87.65, 45.55 ] ] ] } },
{ "type": "Feature", "properties": { "lat": 45.5, "lng": -87.5 }, "geometry": { "type": "Polygon", "coordinates": [ [ [ -87.55, 45.55 ], [ -87.45, 45.55 ], [ -87.45, 45.45 ], [ -87.55, 45.45 ], [ -87.55, 45.55 ] ] ] } },
{ "type": "Feature", "properties": { "lat": 45.5, "lng": -87.4 }, "geometry": { "type": "Polygon", "coordinates": [ [ [ -87.45, 45.55 ], [ -87.35, 45.55 ], [ -87.35, 45.45 ], [ -87.45, 45.45 ], [ -87.45, 45.55 ] ] ] } },
{ "type": "Feature", "properties": { "lat": 45.5, "lng": -87.3 }, "geometry": { "type": "Polygon", "coordinates": [ [ [ -87.35, 45.55 ], [ -87.25, 45.55 ], [ -87.25, 45.45 ], [ -87.35, 45.45 ], [ -87.35, 45.55 ] ] ] } },
{ "type": "Feature", "properties": { "lat": 45.5, "lng": -87.2 }, "geometry": { "type": "Polygon", "coordinates": [ [ [ -87.25, 45.55 ], [ -87.15, 45.55 ], [ -87.15, 45.45 ], [ -87.25, 45.45 ], [ -87.25, 45.55 ] ] ] } },
{ "type": "Feature", "properties": { "lat": 45.5, "lng": -87.1 }, "geometry": { "type": "Polygon", "coordinates": [ [ [ -87.15, 45.55 ], [ -87.05, 45.55 ], [ -87.05, 45.45 ], [ -87.15, 45.45 ], [ -87.15, 45.55 ] ] ] } },
{ "type": "Feature", "properties": { "lat": 45.5, "lng": -87.0 }, "geometry": { "type": "Polygon", "coordinates": [ [ [ -87.05, 45.55 ], [ -86.95, 45.55 ], [ -86.95, 45.45 ], [ -87.05, 45.45 ], [ -87.05, 45.55 ] ] ] } },
{ "type": "Feature", "properties": { "lat": 45.5, "lng": -86.9 }, "geometry": { "type": "Polygon", "coordinates": [ [ [ -86.95, 45.55 ], [ -86.85, 45.55 ], [ -86.85, 45.45 ], [ -86.95, 45.45 ], [ -86.95, 45.55 ] ] ] } },
{ "type": "Feature", "properties": { "lat": 45.5, "lng": -86.8 }, "geometry": { "type": "Polygon", "coordinates": [ [ [ -86.85, 45.55 ], [ -86.75, 45.55 ], [ -86.75, 45.45 ], [ -86.85, 45.45 ], [ -86.85, 45.55 ] ] ] } },
{ "type": "Feature", "properties": { "lat": 45.6, "lng": -93.0 }, "geometry": { "type": "Polygon", "coordinates": [ [ [ -93.05, 45.65 ], [ -92.95, 45.65 ], [ -92.95, 45.55 ], [ -93.05, 45.55 ], [ -93.05, 45.65 ] ] ] } },
{ "type": "Feature", "properties": { "lat": 45.6, "lng": -92.9 }, "geometry": { "type": "Polygon", "coordinates": [ [ [ -92.95, 45.65 ], [ -92.85, 45.65 ], [ -92.85, 45.55 ], [ -92.95, 45.55 ], [ -92.95, 45.65 ] ] ] } },
{ "type": "Feature", "properties": { "lat": 45.6, "lng": -92.8 }, "geometry": { "type": "Polygon", "coordinates": [ [ [ -92.85, 45.65 ], [ -92.75, 45.65 ], [ -92.75, 45.55 ], [ -92.85, 45.55 ], [ -92.85, 45.65 ] ] ] } },
{ "type": "Feature", "properties": { "lat": 45.6, "lng": -92.7 }, "geometry": { "type": "Polygon", "coordinates": [ [ [ -92.75, 45.65 ], [ -92.65, 45.65 ], [ -92.65, 45.55 ], [ -92.75, 45.55 ], [ -92.75, 45.65 ] ] ] } },
{ "type": "Feature", "properties": { "lat": 45.6, "lng": -92.6 }, "geometry": { "type": "Polygon", "coordinates": [ [ [ -92.65, 45.65 ], [ -92.55, 45.65 ], [ -92.55, 45.55 ], [ -92.65, 45.55 ], [ -92.65, 45.65 ] ] ] } },
{ "type": "Feature", "properties": { "lat": 45.6, "lng": -92.5 }, "geometry": { "type": "Polygon", "coordinates": [ [ [ -92.55, 45.65 ], [ -92.45, 45.65 ], [ -92.45, 45.55 ], [ -92.55, 45.55 ], [ -92.55, 45.65 ] ] ] } },
{ "type": "Feature", "properties": { "lat": 45.6, "lng": -92.4 }, "geometry": { "type": "Polygon", "coordinates": [ [ [ -92.45, 45.65 ], [ -92.35, 45.65 ], [ -92.35, 45.55 ], [ -92.45, 45.55 ], [ -92.45, 45.65 ] ] ] } },
{ "type": "Feature", "properties": { "lat": 45.6, "lng": -92.3 }, "geometry": { "type": "Polygon", "coordinates": [ [ [ -92.35, 45.65 ], [ -92.25, 45.65 ], [ -92.25, 45.55 ], [ -92.35, 45.55 ], [ -92.35, 45.65 ] ] ] } },
{ "type": "Feature", "properties": { "lat": 45.6, "lng": -92.2 }, "geometry": { "type": "Polygon", "coordinates": [ [ [ -92.25, 45.65 ], [ -92.15, 45.65 ], [ -92.15, 45.55 ], [ -92.25, 45.55 ], [ -92.25, 45.65 ] ] ] } },
{ "type": "Feature", "properties": { "lat": 45.6, "lng": -92.1 }, "geometry": { "type": "Polygon", "coordinates": [ [ [ -92.15, 45.65 ], [ -92.05, 45.65 ], [ -92.05, 45.55 ], [ -92.15, 45.55 ], [ -92.15, 45.65 ] ] ] } },
{ "type": "Feature", "properties": { "lat": 45.6, "lng": -92.0 }, "geometry": { "type": "Polygon", "coordinates": [ [ [ -92.05, 45.65 ], [ -91.95, 45.65 ], [ -91.95, 45.55 ], [ -92.05, 45.55 ], [ -92.05, 45.65 ] ] ] } },
{ "type": "Feature", "properties": { "lat": 45.6, "lng": -91.9 }, "geometry": { "type": "Polygon", "coordinates": [ [ [ -91.95, 45.65 ], [ -91.85, 45.65 ], [ -91.85, 45.55 ], [ -91.95, 45.55 ], [ -91.95, 45.65 ] ] ] } },
{ "type": "Feature", "properties": { "lat": 45.6, "lng": -91.8 }, "geometry": { "type": "Polygon", "coordinates": [ [ [ -91.85, 45.65 ], [ -91.75, 45.65 ], [ -91.75, 45.55 ], [ -91.85, 45.55 ], [ -91.85, 45.65 ] ] ] } },
{ "type": "Feature", "properties": { "lat": 45.6, "lng": -91.7 }, "geometry": { "type": "Polygon", "coordinates": [ [ [ -91.75, 45.65 ], [ -91.65, 45.65 ], [ -91.65, 45.55 ], [ -91.75, 45.55 ], [ -91.75, 45.65 ] ] ] } },
{ "type": "Feature", "properties": { "lat": 45.6, "lng": -91.6 }, "geometry": { "type": "Polygon", "coordinates": [ [ [ -91.65, 45.65 ], [ -91.55, 45.65 ], [ -91.55, 45.55 ], [ -91.65, 45.55 ], [ -91.65, 45.65 ] ] ] } },
{ "type": "Feature", "properties": { "lat": 45.6, "lng": -91.5 }, "geometry": { "type": "Polygon", "coordinates": [ [ [ -91.55, 45.65 ], [ -91.45, 45.65 ], [ -91.45, 45.55 ], [ -91.55, 45.55 ], [ -91.55, 45.65 ] ] ] } },
{ "type": "Feature", "properties": { "lat": 45.6, "lng": -91.4 }, "geometry": { "type": "Polygon", "coordinates": [ [ [ -91.45, 45.65 ], [ -91.35, 45.65 ], [ -91.35, 45.55 ], [ -91.45, 45.55 ], [ -91.45, 45.65 ] ] ] } },
{ "type": "Feature", "properties": { "lat": 45.6, "lng": -91.3 }, "geometry": { "type": "Polygon", "coordinates": [ [ [ -91.35, 45.65 ], [ -91.25, 45.65 ], [ -91.25, 45.55 ], [ -91.35, 45.55 ], [ -91.35, 45.65 ] ] ] } },
{ "type": "Feature", "properties": { "lat": 45.6, "lng": -91.2 }, "geometry": { "type": "Polygon", "coordinates": [ [ [ -91.25, 45.65 ], [ -91.15, 45.65 ], [ -91.15, 45.55 ], [ -91.25, 45.55 ], [ -91.25, 45.65 ] ] ] } },
{ "type": "Feature", "properties": { "lat": 45.6, "lng": -91.1 }, "geometry": { "type": "Polygon", "coordinates": [ [ [ -91.15, 45.65 ], [ -91.05, 45.65 ], [ -91.05, 45.55 ], [ -91.15, 45.55 ], [ -91.15, 45.65 ] ] ] } },
{ "type": "Feature", "properties": { "lat": 45.6, "lng": -91.0 }, "geometry": { "type": "Polygon", "coordinates": [ [ [ -91.05, 45.65 ], [ -90.95, 45.65 ], [ -90.95, 45.55 ], [ -91.05, 45.55 ], [ -91.05, 45.65 ] ] ] } },
{ "type": "Feature", "properties": { "lat": 45.6, "lng": -90.9 }, "geometry": { "type": "Polygon", "coordinates": [ [ [ -90.95, 45.65 ], [ -90.85, 45.65 ], [ -90.85, 45.55 ], [ -90.95, 45.55 ], [ -90.95, 45.65 ] ] ] } },
{ "type": "Feature", "properties": { "lat": 45.6, "lng": -90.8 }, "geometry": { "type": "Polygon", "coordinates": [ [ [ -90.85, 45.65 ], [ -90.75, 45.65 ], [ -90.75, 45.55 ], [ -90.85, 45.55 ], [ -90.85, 45.65 ] ] ] } },
{ "type": "Feature", "properties": { "lat": 45.6, "lng": -90.7 }, "geometry": { "type": "Polygon", "coordinates": [ [ [ -90.75, 45.65 ], [ -90.65, 45.65 ], [ -90.65, 45.55 ], [ -90.75, 45.55 ], [ -90.75, 45.65 ] ] ] } },
{ "type": "Feature", "properties": { "lat": 45.6, "lng": -90.6 }, "geometry": { "type": "Polygon", "coordinates": [ [ [ -90.65, 45.65 ], [ -90.55, 45.65 ], [ -90.55, 45.55 ], [ -90.65, 45.55 ], [ -90.65, 45.65 ] ] ] } },
{ "type": "Feature", "properties": { "lat": 45.6, "lng": -90.5 }, "geometry": { "type": "Polygon", "coordinates": [ [ [ -90.55, 45.65 ], [ -90.45, 45.65 ], [ -90.45, 45.55 ], [ -90.55, 45.55 ], [ -90.55, 45.65 ] ] ] } },
{ "type": "Feature", "properties": { "lat": 45.6, "lng": -90.4 }, "geometry": { "type": "Polygon", "coordinates": [ [ [ -90.45, 45.65 ], [ -90.35, 45.65 ], [ -90.35, 45.55 ], [ -90.45, 45.55 ], [ -90.45, 45.65 ] ] ] } },
{ "type": "Feature", "properties": { "lat": 45.6, "lng": -90.3 }, "geometry": { "type": "Polygon", "coordinates": [ [ [ -90.35, 45.65 ], [ -90.25, 45.65 ], [ -90.25, 45.55 ], [ -90.35, 45.55 ], [ -90.35, 45.65 ] ] ] } },
{ "type": "Feature", "properties": { "lat": 45.6, "lng": -90.2 }, "geometry": { "type": "Polygon", "coordinates": [ [ [ -90.25, 45.65 ], [ -90.15, 45.65 ], [ -90.15, 45.55 ], [ -90.25, 45.55 ], [ -90.25, 45.65 ] ] ] } },
{ "type": "Feature", "properties": { "lat": 45.6, "lng": -90.1 }, "geometry": { "type": "Polygon", "coordinates": [ [ [ -90.15, 45.65 ], [ -90.05, 45.65 ], [ -90.05, 45.55 ], [ -90.15, 45.55 ], [ -90.15, 45.65 ] ] ] } },
{ "type": "Feature", "properties": { "lat": 45.6, "lng": -90.0 }, "geometry": { "type": "Polygon", "coordinates": [ [ [ -90.05, 45.65 ], [ -89.95, 45.65 ], [ -89.95, 45.55 ], [ -90.05, 45.55 ], [ -90.05, 45.65 ] ] ] } },
{ "type": "Feature", "properties": { "lat": 45.6, "lng": -89.9 }, "geometry": { "type": "Polygon", "coordinates": [ [ [ -89.95, 45.65 ], [ -89.85, 45.65 ], [ -89.85, 45.55 ], [ -89.95, 45.55 ], [ -89.95, 45.65 ] ] ] } },
{ "type": "Feature", "properties": { "lat": 45.6, "lng": -89.8 }, "geometry": { "type": "Polygon", "coordinates": [ [ [ -89.85, 45.65 ], [ -89.75, 45.65 ], [ -89.75, 45.55 ], [ -89.85, 45.55 ], [ -89.85, 45.65 ] ] ] } },
{ "type": "Feature", "properties": { "lat": 45.6, "lng": -89.7 }, "geometry": { "type": "Polygon", "coordinates": [ [ [ -89.75, 45.65 ], [ -89.65, 45.65 ], [ -89.65, 45.55 ], [ -89.75, 45.55 ], [ -89.75, 45.65 ] ] ] } },
{ "type": "Feature", "properties": { "lat": 45.6, "lng": -89.6 }, "geometry": { "type": "Polygon", "coordinates": [ [ [ -89.65, 45.65 ], [ -89.55, 45.65 ], [ -89.55, 45.55 ], [ -89.65, 45.55 ], [ -89.65, 45.65 ] ] ] } },
{ "type": "Feature", "properties": { "lat": 45.6, "lng": -89.5 }, "geometry": { "type": "Polygon", "coordinates": [ [ [ -89.55, 45.65 ], [ -89.45, 45.65 ], [ -89.45, 45.55 ], [ -89.55, 45.55 ], [ -89.55, 45.65 ] ] ] } },
{ "type": "Feature", "properties": { "lat": 45.6, "lng": -89.4 }, "geometry": { "type": "Polygon", "coordinates": [ [ [ -89.45, 45.65 ], [ -89.35, 45.65 ], [ -89.35, 45.55 ], [ -89.45, 45.55 ], [ -89.45, 45.65 ] ] ] } },
{ "type": "Feature", "properties": { "lat": 45.6, "lng": -89.3 }, "geometry": { "type": "Polygon", "coordinates": [ [ [ -89.35, 45.65 ], [ -89.25, 45.65 ], [ -89.25, 45.55 ], [ -89.35, 45.55 ], [ -89.35, 45.65 ] ] ] } },
{ "type": "Feature", "properties": { "lat": 45.6, "lng": -89.2 }, "geometry": { "type": "Polygon", "coordinates": [ [ [ -89.25, 45.65 ], [ -89.15, 45.65 ], [ -89.15, 45.55 ], [ -89.25, 45.55 ], [ -89.25, 45.65 ] ] ] } },
{ "type": "Feature", "properties": { "lat": 45.6, "lng": -89.1 }, "geometry": { "type": "Polygon", "coordinates": [ [ [ -89.15, 45.65 ], [ -89.05, 45.65 ], [ -89.05, 45.55 ], [ -89.15, 45.55 ], [ -89.15, 45.65 ] ] ] } },
{ "type": "Feature", "properties": { "lat": 45.6, "lng": -89.0 }, "geometry": { "type": "Polygon", "coordinates": [ [ [ -89.05, 45.65 ], [ -88.95, 45.65 ], [ -88.95, 45.55 ], [ -89.05, 45.55 ], [ -89.05, 45.65 ] ] ] } },
{ "type": "Feature", "properties": { "lat": 45.6, "lng": -88.9 }, "geometry": { "type": "Polygon", "coordinates": [ [ [ -88.95, 45.65 ], [ -88.85, 45.65 ], [ -88.85, 45.55 ], [ -88.95, 45.55 ], [ -88.95, 45.65 ] ] ] } },
{ "type": "Feature", "properties": { "lat": 45.6, "lng": -88.8 }, "geometry": { "type": "Polygon", "coordinates": [ [ [ -88.85, 45.65 ], [ -88.75, 45.65 ], [ -88.75, 45.55 ], [ -88.85, 45.55 ], [ -88.85, 45.65 ] ] ] } },
{ "type": "Feature", "properties": { "lat": 45.6, "lng": -88.7 }, "geometry": { "type": "Polygon", "coordinates": [ [ [ -88.75, 45.65 ], [ -88.65, 45.65 ], [ -88.65, 45.55 ], [ -88.75, 45.55 ], [ -88.75, 45.65 ] ] ] } },
{ "type": "Feature", "properties": { "lat": 45.6, "lng": -88.6 }, "geometry": { "type": "Polygon", "coordinates": [ [ [ -88.65, 45.65 ], [ -88.55, 45.65 ], [ -88.55, 45.55 ], [ -88.65, 45.55 ], [ -88.65, 45.65 ] ] ] } },
{ "type": "Feature", "properties": { "lat": 45.6, "lng": -88.5 }, "geometry": { "type": "Polygon", "coordinates": [ [ [ -88.55, 45.65 ], [ -88.45, 45.65 ], [ -88.45, 45.55 ], [ -88.55, 45.55 ], [ -88.55, 45.65 ] ] ] } },
{ "type": "Feature", "properties": { "lat": 45.6, "lng": -88.4 }, "geometry": { "type": "Polygon", "coordinates": [ [ [ -88.45, 45.65 ], [ -88.35, 45.65 ], [ -88.35, 45.55 ], [ -88.45, 45.55 ], [ -88.45, 45.65 ] ] ] } },
{ "type": "Feature", "properties": { "lat": 45.6, "lng": -88.3 }, "geometry": { "type": "Polygon", "coordinates": [ [ [ -88.35, 45.65 ], [ -88.25, 45.65 ], [ -88.25, 45.55 ], [ -88.35, 45.55 ], [ -88.35, 45.65 ] ] ] } },
{ "type": "Feature", "properties": { "lat": 45.6, "lng": -88.2 }, "geometry": { "type": "Polygon", "coordinates": [ [ [ -88.25, 45.65 ], [ -88.15, 45.65 ], [ -88.15, 45.55 ], [ -88.25, 45.55 ], [ -88.25, 45.65 ] ] ] } },
{ "type": "Feature", "properties": { "lat": 45.6, "lng": -88.1 }, "geometry": { "type": "Polygon", "coordinates": [ [ [ -88.15, 45.65 ], [ -88.05, 45.65 ], [ -88.05, 45.55 ], [ -88.15, 45.55 ], [ -88.15, 45.65 ] ] ] } },
{ "type": "Feature", "properties": { "lat": 45.6, "lng": -88.0 }, "geometry": { "type": "Polygon", "coordinates": [ [ [ -88.05, 45.65 ], [ -87.95, 45.65 ], [ -87.95, 45.55 ], [ -88.05, 45.55 ], [ -88.05, 45.65 ] ] ] } },
{ "type": "Feature", "properties": { "lat": 45.6, "lng": -87.9 }, "geometry": { "type": "Polygon", "coordinates": [ [ [ -87.95, 45.65 ], [ -87.85, 45.65 ], [ -87.85, 45.55 ], [ -87.95, 45.55 ], [ -87.95, 45.65 ] ] ] } },
{ "type": "Feature", "properties": { "lat": 45.6, "lng": -87.8 }, "geometry": { "type": "Polygon", "coordinates": [ [ [ -87.85, 45.65 ], [ -87.75, 45.65 ], [ -87.75, 45.55 ], [ -87.85, 45.55 ], [ -87.85, 45.65 ] ] ] } },
{ "type": "Feature", "properties": { "lat": 45.6, "lng": -87.7 }, "geometry": { "type": "Polygon", "coordinates": [ [ [ -87.75, 45.65 ], [ -87.65, 45.65 ], [ -87.65, 45.55 ], [ -87.75, 45.55 ], [ -87.75, 45.65 ] ] ] } },
{ "type": "Feature", "properties": { "lat": 45.6, "lng": -87.6 }, "geometry": { "type": "Polygon", "coordinates": [ [ [ -87.65, 45.65 ], [ -87.55, 45.65 ], [ -87.55, 45.55 ], [ -87.65, 45.55 ], [ -87.65, 45.65 ] ] ] } },
{ "type": "Feature", "properties": { "lat": 45.6, "lng": -87.5 }, "geometry": { "type": "Polygon", "coordinates": [ [ [ -87.55, 45.65 ], [ -87.45, 45.65 ], [ -87.45, 45.55 ], [ -87.55, 45.55 ], [ -87.55, 45.65 ] ] ] } },
{ "type": "Feature", "properties": { "lat": 45.6, "lng": -87.4 }, "geometry": { "type": "Polygon", "coordinates": [ [ [ -87.45, 45.65 ], [ -87.35, 45.65 ], [ -87.35, 45.55 ], [ -87.45, 45.55 ], [ -87.45, 45.65 ] ] ] } },
{ "type": "Feature", "properties": { "lat": 45.6, "lng": -87.3 }, "geometry": { "type": "Polygon", "coordinates": [ [ [ -87.35, 45.65 ], [ -87.25, 45.65 ], [ -87.25, 45.55 ], [ -87.35, 45.55 ], [ -87.35, 45.65 ] ] ] } },
{ "type": "Feature", "properties": { "lat": 45.6, "lng": -87.2 }, "geometry": { "type": "Polygon", "coordinates": [ [ [ -87.25, 45.65 ], [ -87.15, 45.65 ], [ -87.15, 45.55 ], [ -87.25, 45.55 ], [ -87.25, 45.65 ] ] ] } },
{ "type": "Feature", "properties": { "lat": 45.6, "lng": -87.1 }, "geometry": { "type": "Polygon", "coordinates": [ [ [ -87.15, 45.65 ], [ -87.05, 45.65 ], [ -87.05, 45.55 ], [ -87.15, 45.55 ], [ -87.15, 45.65 ] ] ] } },
{ "type": "Feature", "properties": { "lat": 45.6, "lng": -87.0 }, "geometry": { "type": "Polygon", "coordinates": [ [ [ -87.05, 45.65 ], [ -86.95, 45.65 ], [ -86.95, 45.55 ], [ -87.05, 45.55 ], [ -87.05, 45.65 ] ] ] } },
{ "type": "Feature", "properties": { "lat": 45.6, "lng": -86.9 }, "geometry": { "type": "Polygon", "coordinates": [ [ [ -86.95, 45.65 ], [ -86.85, 45.65 ], [ -86.85, 45.55 ], [ -86.95, 45.55 ], [ -86.95, 45.65 ] ] ] } },
{ "type": "Feature", "properties": { "lat": 45.6, "lng": -86.8 }, "geometry": { "type": "Polygon", "coordinates": [ [ [ -86.85, 45.65 ], [ -86.75, 45.65 ], [ -86.75, 45.55 ], [ -86.85, 45.55 ], [ -86.85, 45.65 ] ] ] } },
{ "type": "Feature", "properties": { "lat": 45.7, "lng": -93.0 }, "geometry": { "type": "Polygon", "coordinates": [ [ [ -93.05, 45.75 ], [ -92.95, 45.75 ], [ -92.95, 45.65 ], [ -93.05, 45.65 ], [ -93.05, 45.75 ] ] ] } },
{ "type": "Feature", "properties": { "lat": 45.7, "lng": -92.9 }, "geometry": { "type": "Polygon", "coordinates": [ [ [ -92.95, 45.75 ], [ -92.85, 45.75 ], [ -92.85, 45.65 ], [ -92.95, 45.65 ], [ -92.95, 45.75 ] ] ] } },
{ "type": "Feature", "properties": { "lat": 45.7, "lng": -92.8 }, "geometry": { "type": "Polygon", "coordinates": [ [ [ -92.85, 45.75 ], [ -92.75, 45.75 ], [ -92.75, 45.65 ], [ -92.85, 45.65 ], [ -92.85, 45.75 ] ] ] } },
{ "type": "Feature", "properties": { "lat": 45.7, "lng": -92.7 }, "geometry": { "type": "Polygon", "coordinates": [ [ [ -92.75, 45.75 ], [ -92.65, 45.75 ], [ -92.65, 45.65 ], [ -92.75, 45.65 ], [ -92.75, 45.75 ] ] ] } },
{ "type": "Feature", "properties": { "lat": 45.7, "lng": -92.6 }, "geometry": { "type": "Polygon", "coordinates": [ [ [ -92.65, 45.75 ], [ -92.55, 45.75 ], [ -92.55, 45.65 ], [ -92.65, 45.65 ], [ -92.65, 45.75 ] ] ] } },
{ "type": "Feature", "properties": { "lat": 45.7, "lng": -92.5 }, "geometry": { "type": "Polygon", "coordinates": [ [ [ -92.55, 45.75 ], [ -92.45, 45.75 ], [ -92.45, 45.65 ], [ -92.55, 45.65 ], [ -92.55, 45.75 ] ] ] } },
{ "type": "Feature", "properties": { "lat": 45.7, "lng": -92.4 }, "geometry": { "type": "Polygon", "coordinates": [ [ [ -92.45, 45.75 ], [ -92.35, 45.75 ], [ -92.35, 45.65 ], [ -92.45, 45.65 ], [ -92.45, 45.75 ] ] ] } },
{ "type": "Feature", "properties": { "lat": 45.7, "lng": -92.3 }, "geometry": { "type": "Polygon", "coordinates": [ [ [ -92.35, 45.75 ], [ -92.25, 45.75 ], [ -92.25, 45.65 ], [ -92.35, 45.65 ], [ -92.35, 45.75 ] ] ] } },
{ "type": "Feature", "properties": { "lat": 45.7, "lng": -92.2 }, "geometry": { "type": "Polygon", "coordinates": [ [ [ -92.25, 45.75 ], [ -92.15, 45.75 ], [ -92.15, 45.65 ], [ -92.25, 45.65 ], [ -92.25, 45.75 ] ] ] } },
{ "type": "Feature", "properties": { "lat": 45.7, "lng": -92.1 }, "geometry": { "type": "Polygon", "coordinates": [ [ [ -92.15, 45.75 ], [ -92.05, 45.75 ], [ -92.05, 45.65 ], [ -92.15, 45.65 ], [ -92.15, 45.75 ] ] ] } },
{ "type": "Feature", "properties": { "lat": 45.7, "lng": -92.0 }, "geometry": { "type": "Polygon", "coordinates": [ [ [ -92.05, 45.75 ], [ -91.95, 45.75 ], [ -91.95, 45.65 ], [ -92.05, 45.65 ], [ -92.05, 45.75 ] ] ] } },
{ "type": "Feature", "properties": { "lat": 45.7, "lng": -91.9 }, "geometry": { "type": "Polygon", "coordinates": [ [ [ -91.95, 45.75 ], [ -91.85, 45.75 ], [ -91.85, 45.65 ], [ -91.95, 45.65 ], [ -91.95, 45.75 ] ] ] } },
{ "type": "Feature", "properties": { "lat": 45.7, "lng": -91.8 }, "geometry": { "type": "Polygon", "coordinates": [ [ [ -91.85, 45.75 ], [ -91.75, 45.75 ], [ -91.75, 45.65 ], [ -91.85, 45.65 ], [ -91.85, 45.75 ] ] ] } },
{ "type": "Feature", "properties": { "lat": 45.7, "lng": -91.7 }, "geometry": { "type": "Polygon", "coordinates": [ [ [ -91.75, 45.75 ], [ -91.65, 45.75 ], [ -91.65, 45.65 ], [ -91.75, 45.65 ], [ -91.75, 45.75 ] ] ] } },
{ "type": "Feature", "properties": { "lat": 45.7, "lng": -91.6 }, "geometry": { "type": "Polygon", "coordinates": [ [ [ -91.65, 45.75 ], [ -91.55, 45.75 ], [ -91.55, 45.65 ], [ -91.65, 45.65 ], [ -91.65, 45.75 ] ] ] } },
{ "type": "Feature", "properties": { "lat": 45.7, "lng": -91.5 }, "geometry": { "type": "Polygon", "coordinates": [ [ [ -91.55, 45.75 ], [ -91.45, 45.75 ], [ -91.45, 45.65 ], [ -91.55, 45.65 ], [ -91.55, 45.75 ] ] ] } },
{ "type": "Feature", "properties": { "lat": 45.7, "lng": -91.4 }, "geometry": { "type": "Polygon", "coordinates": [ [ [ -91.45, 45.75 ], [ -91.35, 45.75 ], [ -91.35, 45.65 ], [ -91.45, 45.65 ], [ -91.45, 45.75 ] ] ] } },
{ "type": "Feature", "properties": { "lat": 45.7, "lng": -91.3 }, "geometry": { "type": "Polygon", "coordinates": [ [ [ -91.35, 45.75 ], [ -91.25, 45.75 ], [ -91.25, 45.65 ], [ -91.35, 45.65 ], [ -91.35, 45.75 ] ] ] } },
{ "type": "Feature", "properties": { "lat": 45.7, "lng": -91.2 }, "geometry": { "type": "Polygon", "coordinates": [ [ [ -91.25, 45.75 ], [ -91.15, 45.75 ], [ -91.15, 45.65 ], [ -91.25, 45.65 ], [ -91.25, 45.75 ] ] ] } },
{ "type": "Feature", "properties": { "lat": 45.7, "lng": -91.1 }, "geometry": { "type": "Polygon", "coordinates": [ [ [ -91.15, 45.75 ], [ -91.05, 45.75 ], [ -91.05, 45.65 ], [ -91.15, 45.65 ], [ -91.15, 45.75 ] ] ] } },
{ "type": "Feature", "properties": { "lat": 45.7, "lng": -91.0 }, "geometry": { "type": "Polygon", "coordinates": [ [ [ -91.05, 45.75 ], [ -90.95, 45.75 ], [ -90.95, 45.65 ], [ -91.05, 45.65 ], [ -91.05, 45.75 ] ] ] } },
{ "type": "Feature", "properties": { "lat": 45.7, "lng": -90.9 }, "geometry": { "type": "Polygon", "coordinates": [ [ [ -90.95, 45.75 ], [ -90.85, 45.75 ], [ -90.85, 45.65 ], [ -90.95, 45.65 ], [ -90.95, 45.75 ] ] ] } },
{ "type": "Feature", "properties": { "lat": 45.7, "lng": -90.8 }, "geometry": { "type": "Polygon", "coordinates": [ [ [ -90.85, 45.75 ], [ -90.75, 45.75 ], [ -90.75, 45.65 ], [ -90.85, 45.65 ], [ -90.85, 45.75 ] ] ] } },
{ "type": "Feature", "properties": { "lat": 45.7, "lng": -90.7 }, "geometry": { "type": "Polygon", "coordinates": [ [ [ -90.75, 45.75 ], [ -90.65, 45.75 ], [ -90.65, 45.65 ], [ -90.75, 45.65 ], [ -90.75, 45.75 ] ] ] } },
{ "type": "Feature", "properties": { "lat": 45.7, "lng": -90.6 }, "geometry": { "type": "Polygon", "coordinates": [ [ [ -90.65, 45.75 ], [ -90.55, 45.75 ], [ -90.55, 45.65 ], [ -90.65, 45.65 ], [ -90.65, 45.75 ] ] ] } },
{ "type": "Feature", "properties": { "lat": 45.7, "lng": -90.5 }, "geometry": { "type": "Polygon", "coordinates": [ [ [ -90.55, 45.75 ], [ -90.45, 45.75 ], [ -90.45, 45.65 ], [ -90.55, 45.65 ], [ -90.55, 45.75 ] ] ] } },
{ "type": "Feature", "properties": { "lat": 45.7, "lng": -90.4 }, "geometry": { "type": "Polygon", "coordinates": [ [ [ -90.45, 45.75 ], [ -90.35, 45.75 ], [ -90.35, 45.65 ], [ -90.45, 45.65 ], [ -90.45, 45.75 ] ] ] } },
{ "type": "Feature", "properties": { "lat": 45.7, "lng": -90.3 }, "geometry": { "type": "Polygon", "coordinates": [ [ [ -90.35, 45.75 ], [ -90.25, 45.75 ], [ -90.25, 45.65 ], [ -90.35, 45.65 ], [ -90.35, 45.75 ] ] ] } },
{ "type": "Feature", "properties": { "lat": 45.7, "lng": -90.2 }, "geometry": { "type": "Polygon", "coordinates": [ [ [ -90.25, 45.75 ], [ -90.15, 45.75 ], [ -90.15, 45.65 ], [ -90.25, 45.65 ], [ -90.25, 45.75 ] ] ] } },
{ "type": "Feature", "properties": { "lat": 45.7, "lng": -90.1 }, "geometry": { "type": "Polygon", "coordinates": [ [ [ -90.15, 45.75 ], [ -90.05, 45.75 ], [ -90.05, 45.65 ], [ -90.15, 45.65 ], [ -90.15, 45.75 ] ] ] } },
{ "type": "Feature", "properties": { "lat": 45.7, "lng": -90.0 }, "geometry": { "type": "Polygon", "coordinates": [ [ [ -90.05, 45.75 ], [ -89.95, 45.75 ], [ -89.95, 45.65 ], [ -90.05, 45.65 ], [ -90.05, 45.75 ] ] ] } },
{ "type": "Feature", "properties": { "lat": 45.7, "lng": -89.9 }, "geometry": { "type": "Polygon", "coordinates": [ [ [ -89.95, 45.75 ], [ -89.85, 45.75 ], [ -89.85, 45.65 ], [ -89.95, 45.65 ], [ -89.95, 45.75 ] ] ] } },
{ "type": "Feature", "properties": { "lat": 45.7, "lng": -89.8 }, "geometry": { "type": "Polygon", "coordinates": [ [ [ -89.85, 45.75 ], [ -89.75, 45.75 ], [ -89.75, 45.65 ], [ -89.85, 45.65 ], [ -89.85, 45.75 ] ] ] } },
{ "type": "Feature", "properties": { "lat": 45.7, "lng": -89.7 }, "geometry": { "type": "Polygon", "coordinates": [ [ [ -89.75, 45.75 ], [ -89.65, 45.75 ], [ -89.65, 45.65 ], [ -89.75, 45.65 ], [ -89.75, 45.75 ] ] ] } },
{ "type": "Feature", "properties": { "lat": 45.7, "lng": -89.6 }, "geometry": { "type": "Polygon", "coordinates": [ [ [ -89.65, 45.75 ], [ -89.55, 45.75 ], [ -89.55, 45.65 ], [ -89.65, 45.65 ], [ -89.65, 45.75 ] ] ] } },
{ "type": "Feature", "properties": { "lat": 45.7, "lng": -89.5 }, "geometry": { "type": "Polygon", "coordinates": [ [ [ -89.55, 45.75 ], [ -89.45, 45.75 ], [ -89.45, 45.65 ], [ -89.55, 45.65 ], [ -89.55, 45.75 ] ] ] } },
{ "type": "Feature", "properties": { "lat": 45.7, "lng": -89.4 }, "geometry": { "type": "Polygon", "coordinates": [ [ [ -89.45, 45.75 ], [ -89.35, 45.75 ], [ -89.35, 45.65 ], [ -89.45, 45.65 ], [ -89.45, 45.75 ] ] ] } },
{ "type": "Feature", "properties": { "lat": 45.7, "lng": -89.3 }, "geometry": { "type": "Polygon", "coordinates": [ [ [ -89.35, 45.75 ], [ -89.25, 45.75 ], [ -89.25, 45.65 ], [ -89.35, 45.65 ], [ -89.35, 45.75 ] ] ] } },
{ "type": "Feature", "properties": { "lat": 45.7, "lng": -89.2 }, "geometry": { "type": "Polygon", "coordinates": [ [ [ -89.25, 45.75 ], [ -89.15, 45.75 ], [ -89.15, 45.65 ], [ -89.25, 45.65 ], [ -89.25, 45.75 ] ] ] } },
{ "type": "Feature", "properties": { "lat": 45.7, "lng": -89.1 }, "geometry": { "type": "Polygon", "coordinates": [ [ [ -89.15, 45.75 ], [ -89.05, 45.75 ], [ -89.05, 45.65 ], [ -89.15, 45.65 ], [ -89.15, 45.75 ] ] ] } },
{ "type": "Feature", "properties": { "lat": 45.7, "lng": -89.0 }, "geometry": { "type": "Polygon", "coordinates": [ [ [ -89.05, 45.75 ], [ -88.95, 45.75 ], [ -88.95, 45.65 ], [ -89.05, 45.65 ], [ -89.05, 45.75 ] ] ] } },
{ "type": "Feature", "properties": { "lat": 45.7, "lng": -88.9 }, "geometry": { "type": "Polygon", "coordinates": [ [ [ -88.95, 45.75 ], [ -88.85, 45.75 ], [ -88.85, 45.65 ], [ -88.95, 45.65 ], [ -88.95, 45.75 ] ] ] } },
{ "type": "Feature", "properties": { "lat": 45.7, "lng": -88.8 }, "geometry": { "type": "Polygon", "coordinates": [ [ [ -88.85, 45.75 ], [ -88.75, 45.75 ], [ -88.75, 45.65 ], [ -88.85, 45.65 ], [ -88.85, 45.75 ] ] ] } },
{ "type": "Feature", "properties": { "lat": 45.7, "lng": -88.7 }, "geometry": { "type": "Polygon", "coordinates": [ [ [ -88.75, 45.75 ], [ -88.65, 45.75 ], [ -88.65, 45.65 ], [ -88.75, 45.65 ], [ -88.75, 45.75 ] ] ] } },
{ "type": "Feature", "properties": { "lat": 45.7, "lng": -88.6 }, "geometry": { "type": "Polygon", "coordinates": [ [ [ -88.65, 45.75 ], [ -88.55, 45.75 ], [ -88.55, 45.65 ], [ -88.65, 45.65 ], [ -88.65, 45.75 ] ] ] } },
{ "type": "Feature", "properties": { "lat": 45.7, "lng": -88.5 }, "geometry": { "type": "Polygon", "coordinates": [ [ [ -88.55, 45.75 ], [ -88.45, 45.75 ], [ -88.45, 45.65 ], [ -88.55, 45.65 ], [ -88.55, 45.75 ] ] ] } },
{ "type": "Feature", "properties": { "lat": 45.7, "lng": -88.4 }, "geometry": { "type": "Polygon", "coordinates": [ [ [ -88.45, 45.75 ], [ -88.35, 45.75 ], [ -88.35, 45.65 ], [ -88.45, 45.65 ], [ -88.45, 45.75 ] ] ] } },
{ "type": "Feature", "properties": { "lat": 45.7, "lng": -88.3 }, "geometry": { "type": "Polygon", "coordinates": [ [ [ -88.35, 45.75 ], [ -88.25, 45.75 ], [ -88.25, 45.65 ], [ -88.35, 45.65 ], [ -88.35, 45.75 ] ] ] } },
{ "type": "Feature", "properties": { "lat": 45.7, "lng": -88.2 }, "geometry": { "type": "Polygon", "coordinates": [ [ [ -88.25, 45.75 ], [ -88.15, 45.75 ], [ -88.15, 45.65 ], [ -88.25, 45.65 ], [ -88.25, 45.75 ] ] ] } },
{ "type": "Feature", "properties": { "lat": 45.7, "lng": -88.1 }, "geometry": { "type": "Polygon", "coordinates": [ [ [ -88.15, 45.75 ], [ -88.05, 45.75 ], [ -88.05, 45.65 ], [ -88.15, 45.65 ], [ -88.15, 45.75 ] ] ] } },
{ "type": "Feature", "properties": { "lat": 45.7, "lng": -88.0 }, "geometry": { "type": "Polygon", "coordinates": [ [ [ -88.05, 45.75 ], [ -87.95, 45.75 ], [ -87.95, 45.65 ], [ -88.05, 45.65 ], [ -88.05, 45.75 ] ] ] } },
{ "type": "Feature", "properties": { "lat": 45.7, "lng": -87.9 }, "geometry": { "type": "Polygon", "coordinates": [ [ [ -87.95, 45.75 ], [ -87.85, 45.75 ], [ -87.85, 45.65 ], [ -87.95, 45.65 ], [ -87.95, 45.75 ] ] ] } },
{ "type": "Feature", "properties": { "lat": 45.7, "lng": -87.8 }, "geometry": { "type": "Polygon", "coordinates": [ [ [ -87.85, 45.75 ], [ -87.75, 45.75 ], [ -87.75, 45.65 ], [ -87.85, 45.65 ], [ -87.85, 45.75 ] ] ] } },
{ "type": "Feature", "properties": { "lat": 45.7, "lng": -87.7 }, "geometry": { "type": "Polygon", "coordinates": [ [ [ -87.75, 45.75 ], [ -87.65, 45.75 ], [ -87.65, 45.65 ], [ -87.75, 45.65 ], [ -87.75, 45.75 ] ] ] } },
{ "type": "Feature", "properties": { "lat": 45.7, "lng": -87.6 }, "geometry": { "type": "Polygon", "coordinates": [ [ [ -87.65, 45.75 ], [ -87.55, 45.75 ], [ -87.55, 45.65 ], [ -87.65, 45.65 ], [ -87.65, 45.75 ] ] ] } },
{ "type": "Feature", "properties": { "lat": 45.7, "lng": -87.5 }, "geometry": { "type": "Polygon", "coordinates": [ [ [ -87.55, 45.75 ], [ -87.45, 45.75 ], [ -87.45, 45.65 ], [ -87.55, 45.65 ], [ -87.55, 45.75 ] ] ] } },
{ "type": "Feature", "properties": { "lat": 45.7, "lng": -87.4 }, "geometry": { "type": "Polygon", "coordinates": [ [ [ -87.45, 45.75 ], [ -87.35, 45.75 ], [ -87.35, 45.65 ], [ -87.45, 45.65 ], [ -87.45, 45.75 ] ] ] } },
{ "type": "Feature", "properties": { "lat": 45.7, "lng": -87.3 }, "geometry": { "type": "Polygon", "coordinates": [ [ [ -87.35, 45.75 ], [ -87.25, 45.75 ], [ -87.25, 45.65 ], [ -87.35, 45.65 ], [ -87.35, 45.75 ] ] ] } },
{ "type": "Feature", "properties": { "lat": 45.7, "lng": -87.2 }, "geometry": { "type": "Polygon", "coordinates": [ [ [ -87.25, 45.75 ], [ -87.15, 45.75 ], [ -87.15, 45.65 ], [ -87.25, 45.65 ], [ -87.25, 45.75 ] ] ] } },
{ "type": "Feature", "properties": { "lat": 45.7, "lng": -87.1 }, "geometry": { "type": "Polygon", "coordinates": [ [ [ -87.15, 45.75 ], [ -87.05, 45.75 ], [ -87.05, 45.65 ], [ -87.15, 45.65 ], [ -87.15, 45.75 ] ] ] } },
{ "type": "Feature", "properties": { "lat": 45.7, "lng": -87.0 }, "geometry": { "type": "Polygon", "coordinates": [ [ [ -87.05, 45.75 ], [ -86.95, 45.75 ], [ -86.95, 45.65 ], [ -87.05, 45.65 ], [ -87.05, 45.75 ] ] ] } },
{ "type": "Feature", "properties": { "lat": 45.7, "lng": -86.9 }, "geometry": { "type": "Polygon", "coordinates": [ [ [ -86.95, 45.75 ], [ -86.85, 45.75 ], [ -86.85, 45.65 ], [ -86.95, 45.65 ], [ -86.95, 45.75 ] ] ] } },
{ "type": "Feature", "properties": { "lat": 45.7, "lng": -86.8 }, "geometry": { "type": "Polygon", "coordinates": [ [ [ -86.85, 45.75 ], [ -86.75, 45.75 ], [ -86.75, 45.65 ], [ -86.85, 45.65 ], [ -86.85, 45.75 ] ] ] } },
{ "type": "Feature", "properties": { "lat": 45.8, "lng": -93.0 }, "geometry": { "type": "Polygon", "coordinates": [ [ [ -93.05, 45.85 ], [ -92.95, 45.85 ], [ -92.95, 45.75 ], [ -93.05, 45.75 ], [ -93.05, 45.85 ] ] ] } },
{ "type": "Feature", "properties": { "lat": 45.8, "lng": -92.9 }, "geometry": { "type": "Polygon", "coordinates": [ [ [ -92.95, 45.85 ], [ -92.85, 45.85 ], [ -92.85, 45.75 ], [ -92.95, 45.75 ], [ -92.95, 45.85 ] ] ] } },
{ "type": "Feature", "properties": { "lat": 45.8, "lng": -92.8 }, "geometry": { "type": "Polygon", "coordinates": [ [ [ -92.85, 45.85 ], [ -92.75, 45.85 ], [ -92.75, 45.75 ], [ -92.85, 45.75 ], [ -92.85, 45.85 ] ] ] } },
{ "type": "Feature", "properties": { "lat": 45.8, "lng": -92.7 }, "geometry": { "type": "Polygon", "coordinates": [ [ [ -92.75, 45.85 ], [ -92.65, 45.85 ], [ -92.65, 45.75 ], [ -92.75, 45.75 ], [ -92.75, 45.85 ] ] ] } },
{ "type": "Feature", "properties": { "lat": 45.8, "lng": -92.6 }, "geometry": { "type": "Polygon", "coordinates": [ [ [ -92.65, 45.85 ], [ -92.55, 45.85 ], [ -92.55, 45.75 ], [ -92.65, 45.75 ], [ -92.65, 45.85 ] ] ] } },
{ "type": "Feature", "properties": { "lat": 45.8, "lng": -92.5 }, "geometry": { "type": "Polygon", "coordinates": [ [ [ -92.55, 45.85 ], [ -92.45, 45.85 ], [ -92.45, 45.75 ], [ -92.55, 45.75 ], [ -92.55, 45.85 ] ] ] } },
{ "type": "Feature", "properties": { "lat": 45.8, "lng": -92.4 }, "geometry": { "type": "Polygon", "coordinates": [ [ [ -92.45, 45.85 ], [ -92.35, 45.85 ], [ -92.35, 45.75 ], [ -92.45, 45.75 ], [ -92.45, 45.85 ] ] ] } },
{ "type": "Feature", "properties": { "lat": 45.8, "lng": -92.3 }, "geometry": { "type": "Polygon", "coordinates": [ [ [ -92.35, 45.85 ], [ -92.25, 45.85 ], [ -92.25, 45.75 ], [ -92.35, 45.75 ], [ -92.35, 45.85 ] ] ] } },
{ "type": "Feature", "properties": { "lat": 45.8, "lng": -92.2 }, "geometry": { "type": "Polygon", "coordinates": [ [ [ -92.25, 45.85 ], [ -92.15, 45.85 ], [ -92.15, 45.75 ], [ -92.25, 45.75 ], [ -92.25, 45.85 ] ] ] } },
{ "type": "Feature", "properties": { "lat": 45.8, "lng": -92.1 }, "geometry": { "type": "Polygon", "coordinates": [ [ [ -92.15, 45.85 ], [ -92.05, 45.85 ], [ -92.05, 45.75 ], [ -92.15, 45.75 ], [ -92.15, 45.85 ] ] ] } },
{ "type": "Feature", "properties": { "lat": 45.8, "lng": -92.0 }, "geometry": { "type": "Polygon", "coordinates": [ [ [ -92.05, 45.85 ], [ -91.95, 45.85 ], [ -91.95, 45.75 ], [ -92.05, 45.75 ], [ -92.05, 45.85 ] ] ] } },
{ "type": "Feature", "properties": { "lat": 45.8, "lng": -91.9 }, "geometry": { "type": "Polygon", "coordinates": [ [ [ -91.95, 45.85 ], [ -91.85, 45.85 ], [ -91.85, 45.75 ], [ -91.95, 45.75 ], [ -91.95, 45.85 ] ] ] } },
{ "type": "Feature", "properties": { "lat": 45.8, "lng": -91.8 }, "geometry": { "type": "Polygon", "coordinates": [ [ [ -91.85, 45.85 ], [ -91.75, 45.85 ], [ -91.75, 45.75 ], [ -91.85, 45.75 ], [ -91.85, 45.85 ] ] ] } },
{ "type": "Feature", "properties": { "lat": 45.8, "lng": -91.7 }, "geometry": { "type": "Polygon", "coordinates": [ [ [ -91.75, 45.85 ], [ -91.65, 45.85 ], [ -91.65, 45.75 ], [ -91.75, 45.75 ], [ -91.75, 45.85 ] ] ] } },
{ "type": "Feature", "properties": { "lat": 45.8, "lng": -91.6 }, "geometry": { "type": "Polygon", "coordinates": [ [ [ -91.65, 45.85 ], [ -91.55, 45.85 ], [ -91.55, 45.75 ], [ -91.65, 45.75 ], [ -91.65, 45.85 ] ] ] } },
{ "type": "Feature", "properties": { "lat": 45.8, "lng": -91.5 }, "geometry": { "type": "Polygon", "coordinates": [ [ [ -91.55, 45.85 ], [ -91.45, 45.85 ], [ -91.45, 45.75 ], [ -91.55, 45.75 ], [ -91.55, 45.85 ] ] ] } },
{ "type": "Feature", "properties": { "lat": 45.8, "lng": -91.4 }, "geometry": { "type": "Polygon", "coordinates": [ [ [ -91.45, 45.85 ], [ -91.35, 45.85 ], [ -91.35, 45.75 ], [ -91.45, 45.75 ], [ -91.45, 45.85 ] ] ] } },
{ "type": "Feature", "properties": { "lat": 45.8, "lng": -91.3 }, "geometry": { "type": "Polygon", "coordinates": [ [ [ -91.35, 45.85 ], [ -91.25, 45.85 ], [ -91.25, 45.75 ], [ -91.35, 45.75 ], [ -91.35, 45.85 ] ] ] } },
{ "type": "Feature", "properties": { "lat": 45.8, "lng": -91.2 }, "geometry": { "type": "Polygon", "coordinates": [ [ [ -91.25, 45.85 ], [ -91.15, 45.85 ], [ -91.15, 45.75 ], [ -91.25, 45.75 ], [ -91.25, 45.85 ] ] ] } },
{ "type": "Feature", "properties": { "lat": 45.8, "lng": -91.1 }, "geometry": { "type": "Polygon", "coordinates": [ [ [ -91.15, 45.85 ], [ -91.05, 45.85 ], [ -91.05, 45.75 ], [ -91.15, 45.75 ], [ -91.15, 45.85 ] ] ] } },
{ "type": "Feature", "properties": { "lat": 45.8, "lng": -91.0 }, "geometry": { "type": "Polygon", "coordinates": [ [ [ -91.05, 45.85 ], [ -90.95, 45.85 ], [ -90.95, 45.75 ], [ -91.05, 45.75 ], [ -91.05, 45.85 ] ] ] } },
{ "type": "Feature", "properties": { "lat": 45.8, "lng": -90.9 }, "geometry": { "type": "Polygon", "coordinates": [ [ [ -90.95, 45.85 ], [ -90.85, 45.85 ], [ -90.85, 45.75 ], [ -90.95, 45.75 ], [ -90.95, 45.85 ] ] ] } },
{ "type": "Feature", "properties": { "lat": 45.8, "lng": -90.8 }, "geometry": { "type": "Polygon", "coordinates": [ [ [ -90.85, 45.85 ], [ -90.75, 45.85 ], [ -90.75, 45.75 ], [ -90.85, 45.75 ], [ -90.85, 45.85 ] ] ] } },
{ "type": "Feature", "properties": { "lat": 45.8, "lng": -90.7 }, "geometry": { "type": "Polygon", "coordinates": [ [ [ -90.75, 45.85 ], [ -90.65, 45.85 ], [ -90.65, 45.75 ], [ -90.75, 45.75 ], [ -90.75, 45.85 ] ] ] } },
{ "type": "Feature", "properties": { "lat": 45.8, "lng": -90.6 }, "geometry": { "type": "Polygon", "coordinates": [ [ [ -90.65, 45.85 ], [ -90.55, 45.85 ], [ -90.55, 45.75 ], [ -90.65, 45.75 ], [ -90.65, 45.85 ] ] ] } },
{ "type": "Feature", "properties": { "lat": 45.8, "lng": -90.5 }, "geometry": { "type": "Polygon", "coordinates": [ [ [ -90.55, 45.85 ], [ -90.45, 45.85 ], [ -90.45, 45.75 ], [ -90.55, 45.75 ], [ -90.55, 45.85 ] ] ] } },
{ "type": "Feature", "properties": { "lat": 45.8, "lng": -90.4 }, "geometry": { "type": "Polygon", "coordinates": [ [ [ -90.45, 45.85 ], [ -90.35, 45.85 ], [ -90.35, 45.75 ], [ -90.45, 45.75 ], [ -90.45, 45.85 ] ] ] } },
{ "type": "Feature", "properties": { "lat": 45.8, "lng": -90.3 }, "geometry": { "type": "Polygon", "coordinates": [ [ [ -90.35, 45.85 ], [ -90.25, 45.85 ], [ -90.25, 45.75 ], [ -90.35, 45.75 ], [ -90.35, 45.85 ] ] ] } },
{ "type": "Feature", "properties": { "lat": 45.8, "lng": -90.2 }, "geometry": { "type": "Polygon", "coordinates": [ [ [ -90.25, 45.85 ], [ -90.15, 45.85 ], [ -90.15, 45.75 ], [ -90.25, 45.75 ], [ -90.25, 45.85 ] ] ] } },
{ "type": "Feature", "properties": { "lat": 45.8, "lng": -90.1 }, "geometry": { "type": "Polygon", "coordinates": [ [ [ -90.15, 45.85 ], [ -90.05, 45.85 ], [ -90.05, 45.75 ], [ -90.15, 45.75 ], [ -90.15, 45.85 ] ] ] } },
{ "type": "Feature", "properties": { "lat": 45.8, "lng": -90.0 }, "geometry": { "type": "Polygon", "coordinates": [ [ [ -90.05, 45.85 ], [ -89.95, 45.85 ], [ -89.95, 45.75 ], [ -90.05, 45.75 ], [ -90.05, 45.85 ] ] ] } },
{ "type": "Feature", "properties": { "lat": 45.8, "lng": -89.9 }, "geometry": { "type": "Polygon", "coordinates": [ [ [ -89.95, 45.85 ], [ -89.85, 45.85 ], [ -89.85, 45.75 ], [ -89.95, 45.75 ], [ -89.95, 45.85 ] ] ] } },
{ "type": "Feature", "properties": { "lat": 45.8, "lng": -89.8 }, "geometry": { "type": "Polygon", "coordinates": [ [ [ -89.85, 45.85 ], [ -89.75, 45.85 ], [ -89.75, 45.75 ], [ -89.85, 45.75 ], [ -89.85, 45.85 ] ] ] } },
{ "type": "Feature", "properties": { "lat": 45.8, "lng": -89.7 }, "geometry": { "type": "Polygon", "coordinates": [ [ [ -89.75, 45.85 ], [ -89.65, 45.85 ], [ -89.65, 45.75 ], [ -89.75, 45.75 ], [ -89.75, 45.85 ] ] ] } },
{ "type": "Feature", "properties": { "lat": 45.8, "lng": -89.6 }, "geometry": { "type": "Polygon", "coordinates": [ [ [ -89.65, 45.85 ], [ -89.55, 45.85 ], [ -89.55, 45.75 ], [ -89.65, 45.75 ], [ -89.65, 45.85 ] ] ] } },
{ "type": "Feature", "properties": { "lat": 45.8, "lng": -89.5 }, "geometry": { "type": "Polygon", "coordinates": [ [ [ -89.55, 45.85 ], [ -89.45, 45.85 ], [ -89.45, 45.75 ], [ -89.55, 45.75 ], [ -89.55, 45.85 ] ] ] } },
{ "type": "Feature", "properties": { "lat": 45.8, "lng": -89.4 }, "geometry": { "type": "Polygon", "coordinates": [ [ [ -89.45, 45.85 ], [ -89.35, 45.85 ], [ -89.35, 45.75 ], [ -89.45, 45.75 ], [ -89.45, 45.85 ] ] ] } },
{ "type": "Feature", "properties": { "lat": 45.8, "lng": -89.3 }, "geometry": { "type": "Polygon", "coordinates": [ [ [ -89.35, 45.85 ], [ -89.25, 45.85 ], [ -89.25, 45.75 ], [ -89.35, 45.75 ], [ -89.35, 45.85 ] ] ] } },
{ "type": "Feature", "properties": { "lat": 45.8, "lng": -89.2 }, "geometry": { "type": "Polygon", "coordinates": [ [ [ -89.25, 45.85 ], [ -89.15, 45.85 ], [ -89.15, 45.75 ], [ -89.25, 45.75 ], [ -89.25, 45.85 ] ] ] } },
{ "type": "Feature", "properties": { "lat": 45.8, "lng": -89.1 }, "geometry": { "type": "Polygon", "coordinates": [ [ [ -89.15, 45.85 ], [ -89.05, 45.85 ], [ -89.05, 45.75 ], [ -89.15, 45.75 ], [ -89.15, 45.85 ] ] ] } },
{ "type": "Feature", "properties": { "lat": 45.8, "lng": -89.0 }, "geometry": { "type": "Polygon", "coordinates": [ [ [ -89.05, 45.85 ], [ -88.95, 45.85 ], [ -88.95, 45.75 ], [ -89.05, 45.75 ], [ -89.05, 45.85 ] ] ] } },
{ "type": "Feature", "properties": { "lat": 45.8, "lng": -88.9 }, "geometry": { "type": "Polygon", "coordinates": [ [ [ -88.95, 45.85 ], [ -88.85, 45.85 ], [ -88.85, 45.75 ], [ -88.95, 45.75 ], [ -88.95, 45.85 ] ] ] } },
{ "type": "Feature", "properties": { "lat": 45.8, "lng": -88.8 }, "geometry": { "type": "Polygon", "coordinates": [ [ [ -88.85, 45.85 ], [ -88.75, 45.85 ], [ -88.75, 45.75 ], [ -88.85, 45.75 ], [ -88.85, 45.85 ] ] ] } },
{ "type": "Feature", "properties": { "lat": 45.8, "lng": -88.7 }, "geometry": { "type": "Polygon", "coordinates": [ [ [ -88.75, 45.85 ], [ -88.65, 45.85 ], [ -88.65, 45.75 ], [ -88.75, 45.75 ], [ -88.75, 45.85 ] ] ] } },
{ "type": "Feature", "properties": { "lat": 45.8, "lng": -88.6 }, "geometry": { "type": "Polygon", "coordinates": [ [ [ -88.65, 45.85 ], [ -88.55, 45.85 ], [ -88.55, 45.75 ], [ -88.65, 45.75 ], [ -88.65, 45.85 ] ] ] } },
{ "type": "Feature", "properties": { "lat": 45.8, "lng": -88.5 }, "geometry": { "type": "Polygon", "coordinates": [ [ [ -88.55, 45.85 ], [ -88.45, 45.85 ], [ -88.45, 45.75 ], [ -88.55, 45.75 ], [ -88.55, 45.85 ] ] ] } },
{ "type": "Feature", "properties": { "lat": 45.8, "lng": -88.4 }, "geometry": { "type": "Polygon", "coordinates": [ [ [ -88.45, 45.85 ], [ -88.35, 45.85 ], [ -88.35, 45.75 ], [ -88.45, 45.75 ], [ -88.45, 45.85 ] ] ] } },
{ "type": "Feature", "properties": { "lat": 45.8, "lng": -88.3 }, "geometry": { "type": "Polygon", "coordinates": [ [ [ -88.35, 45.85 ], [ -88.25, 45.85 ], [ -88.25, 45.75 ], [ -88.35, 45.75 ], [ -88.35, 45.85 ] ] ] } },
{ "type": "Feature", "properties": { "lat": 45.8, "lng": -88.2 }, "geometry": { "type": "Polygon", "coordinates": [ [ [ -88.25, 45.85 ], [ -88.15, 45.85 ], [ -88.15, 45.75 ], [ -88.25, 45.75 ], [ -88.25, 45.85 ] ] ] } },
{ "type": "Feature", "properties": { "lat": 45.8, "lng": -88.1 }, "geometry": { "type": "Polygon", "coordinates": [ [ [ -88.15, 45.85 ], [ -88.05, 45.85 ], [ -88.05, 45.75 ], [ -88.15, 45.75 ], [ -88.15, 45.85 ] ] ] } },
{ "type": "Feature", "properties": { "lat": 45.8, "lng": -88.0 }, "geometry": { "type": "Polygon", "coordinates": [ [ [ -88.05, 45.85 ], [ -87.95, 45.85 ], [ -87.95, 45.75 ], [ -88.05, 45.75 ], [ -88.05, 45.85 ] ] ] } },
{ "type": "Feature", "properties": { "lat": 45.8, "lng": -87.9 }, "geometry": { "type": "Polygon", "coordinates": [ [ [ -87.95, 45.85 ], [ -87.85, 45.85 ], [ -87.85, 45.75 ], [ -87.95, 45.75 ], [ -87.95, 45.85 ] ] ] } },
{ "type": "Feature", "properties": { "lat": 45.8, "lng": -87.8 }, "geometry": { "type": "Polygon", "coordinates": [ [ [ -87.85, 45.85 ], [ -87.75, 45.85 ], [ -87.75, 45.75 ], [ -87.85, 45.75 ], [ -87.85, 45.85 ] ] ] } },
{ "type": "Feature", "properties": { "lat": 45.8, "lng": -87.7 }, "geometry": { "type": "Polygon", "coordinates": [ [ [ -87.75, 45.85 ], [ -87.65, 45.85 ], [ -87.65, 45.75 ], [ -87.75, 45.75 ], [ -87.75, 45.85 ] ] ] } },
{ "type": "Feature", "properties": { "lat": 45.8, "lng": -87.6 }, "geometry": { "type": "Polygon", "coordinates": [ [ [ -87.65, 45.85 ], [ -87.55, 45.85 ], [ -87.55, 45.75 ], [ -87.65, 45.75 ], [ -87.65, 45.85 ] ] ] } },
{ "type": "Feature", "properties": { "lat": 45.8, "lng": -87.5 }, "geometry": { "type": "Polygon", "coordinates": [ [ [ -87.55, 45.85 ], [ -87.45, 45.85 ], [ -87.45, 45.75 ], [ -87.55, 45.75 ], [ -87.55, 45.85 ] ] ] } },
{ "type": "Feature", "properties": { "lat": 45.8, "lng": -87.4 }, "geometry": { "type": "Polygon", "coordinates": [ [ [ -87.45, 45.85 ], [ -87.35, 45.85 ], [ -87.35, 45.75 ], [ -87.45, 45.75 ], [ -87.45, 45.85 ] ] ] } },
{ "type": "Feature", "properties": { "lat": 45.8, "lng": -87.3 }, "geometry": { "type": "Polygon", "coordinates": [ [ [ -87.35, 45.85 ], [ -87.25, 45.85 ], [ -87.25, 45.75 ], [ -87.35, 45.75 ], [ -87.35, 45.85 ] ] ] } },
{ "type": "Feature", "properties": { "lat": 45.8, "lng": -87.2 }, "geometry": { "type": "Polygon", "coordinates": [ [ [ -87.25, 45.85 ], [ -87.15, 45.85 ], [ -87.15, 45.75 ], [ -87.25, 45.75 ], [ -87.25, 45.85 ] ] ] } },
{ "type": "Feature", "properties": { "lat": 45.8, "lng": -87.1 }, "geometry": { "type": "Polygon", "coordinates": [ [ [ -87.15, 45.85 ], [ -87.05, 45.85 ], [ -87.05, 45.75 ], [ -87.15, 45.75 ], [ -87.15, 45.85 ] ] ] } },
{ "type": "Feature", "properties": { "lat": 45.8, "lng": -87.0 }, "geometry": { "type": "Polygon", "coordinates": [ [ [ -87.05, 45.85 ], [ -86.95, 45.85 ], [ -86.95, 45.75 ], [ -87.05, 45.75 ], [ -87.05, 45.85 ] ] ] } },
{ "type": "Feature", "properties": { "lat": 45.8, "lng": -86.9 }, "geometry": { "type": "Polygon", "coordinates": [ [ [ -86.95, 45.85 ], [ -86.85, 45.85 ], [ -86.85, 45.75 ], [ -86.95, 45.75 ], [ -86.95, 45.85 ] ] ] } },
{ "type": "Feature", "properties": { "lat": 45.8, "lng": -86.8 }, "geometry": { "type": "Polygon", "coordinates": [ [ [ -86.85, 45.85 ], [ -86.75, 45.85 ], [ -86.75, 45.75 ], [ -86.85, 45.75 ], [ -86.85, 45.85 ] ] ] } },
{ "type": "Feature", "properties": { "lat": 45.9, "lng": -93.0 }, "geometry": { "type": "Polygon", "coordinates": [ [ [ -93.05, 45.95 ], [ -92.95, 45.95 ], [ -92.95, 45.85 ], [ -93.05, 45.85 ], [ -93.05, 45.95 ] ] ] } },
{ "type": "Feature", "properties": { "lat": 45.9, "lng": -92.9 }, "geometry": { "type": "Polygon", "coordinates": [ [ [ -92.95, 45.95 ], [ -92.85, 45.95 ], [ -92.85, 45.85 ], [ -92.95, 45.85 ], [ -92.95, 45.95 ] ] ] } },
{ "type": "Feature", "properties": { "lat": 45.9, "lng": -92.8 }, "geometry": { "type": "Polygon", "coordinates": [ [ [ -92.85, 45.95 ], [ -92.75, 45.95 ], [ -92.75, 45.85 ], [ -92.85, 45.85 ], [ -92.85, 45.95 ] ] ] } },
{ "type": "Feature", "properties": { "lat": 45.9, "lng": -92.7 }, "geometry": { "type": "Polygon", "coordinates": [ [ [ -92.75, 45.95 ], [ -92.65, 45.95 ], [ -92.65, 45.85 ], [ -92.75, 45.85 ], [ -92.75, 45.95 ] ] ] } },
{ "type": "Feature", "properties": { "lat": 45.9, "lng": -92.6 }, "geometry": { "type": "Polygon", "coordinates": [ [ [ -92.65, 45.95 ], [ -92.55, 45.95 ], [ -92.55, 45.85 ], [ -92.65, 45.85 ], [ -92.65, 45.95 ] ] ] } },
{ "type": "Feature", "properties": { "lat": 45.9, "lng": -92.5 }, "geometry": { "type": "Polygon", "coordinates": [ [ [ -92.55, 45.95 ], [ -92.45, 45.95 ], [ -92.45, 45.85 ], [ -92.55, 45.85 ], [ -92.55, 45.95 ] ] ] } },
{ "type": "Feature", "properties": { "lat": 45.9, "lng": -92.4 }, "geometry": { "type": "Polygon", "coordinates": [ [ [ -92.45, 45.95 ], [ -92.35, 45.95 ], [ -92.35, 45.85 ], [ -92.45, 45.85 ], [ -92.45, 45.95 ] ] ] } },
{ "type": "Feature", "properties": { "lat": 45.9, "lng": -92.3 }, "geometry": { "type": "Polygon", "coordinates": [ [ [ -92.35, 45.95 ], [ -92.25, 45.95 ], [ -92.25, 45.85 ], [ -92.35, 45.85 ], [ -92.35, 45.95 ] ] ] } },
{ "type": "Feature", "properties": { "lat": 45.9, "lng": -92.2 }, "geometry": { "type": "Polygon", "coordinates": [ [ [ -92.25, 45.95 ], [ -92.15, 45.95 ], [ -92.15, 45.85 ], [ -92.25, 45.85 ], [ -92.25, 45.95 ] ] ] } },
{ "type": "Feature", "properties": { "lat": 45.9, "lng": -92.1 }, "geometry": { "type": "Polygon", "coordinates": [ [ [ -92.15, 45.95 ], [ -92.05, 45.95 ], [ -92.05, 45.85 ], [ -92.15, 45.85 ], [ -92.15, 45.95 ] ] ] } },
{ "type": "Feature", "properties": { "lat": 45.9, "lng": -92.0 }, "geometry": { "type": "Polygon", "coordinates": [ [ [ -92.05, 45.95 ], [ -91.95, 45.95 ], [ -91.95, 45.85 ], [ -92.05, 45.85 ], [ -92.05, 45.95 ] ] ] } },
{ "type": "Feature", "properties": { "lat": 45.9, "lng": -91.9 }, "geometry": { "type": "Polygon", "coordinates": [ [ [ -91.95, 45.95 ], [ -91.85, 45.95 ], [ -91.85, 45.85 ], [ -91.95, 45.85 ], [ -91.95, 45.95 ] ] ] } },
{ "type": "Feature", "properties": { "lat": 45.9, "lng": -91.8 }, "geometry": { "type": "Polygon", "coordinates": [ [ [ -91.85, 45.95 ], [ -91.75, 45.95 ], [ -91.75, 45.85 ], [ -91.85, 45.85 ], [ -91.85, 45.95 ] ] ] } },
{ "type": "Feature", "properties": { "lat": 45.9, "lng": -91.7 }, "geometry": { "type": "Polygon", "coordinates": [ [ [ -91.75, 45.95 ], [ -91.65, 45.95 ], [ -91.65, 45.85 ], [ -91.75, 45.85 ], [ -91.75, 45.95 ] ] ] } },
{ "type": "Feature", "properties": { "lat": 45.9, "lng": -91.6 }, "geometry": { "type": "Polygon", "coordinates": [ [ [ -91.65, 45.95 ], [ -91.55, 45.95 ], [ -91.55, 45.85 ], [ -91.65, 45.85 ], [ -91.65, 45.95 ] ] ] } },
{ "type": "Feature", "properties": { "lat": 45.9, "lng": -91.5 }, "geometry": { "type": "Polygon", "coordinates": [ [ [ -91.55, 45.95 ], [ -91.45, 45.95 ], [ -91.45, 45.85 ], [ -91.55, 45.85 ], [ -91.55, 45.95 ] ] ] } },
{ "type": "Feature", "properties": { "lat": 45.9, "lng": -91.4 }, "geometry": { "type": "Polygon", "coordinates": [ [ [ -91.45, 45.95 ], [ -91.35, 45.95 ], [ -91.35, 45.85 ], [ -91.45, 45.85 ], [ -91.45, 45.95 ] ] ] } },
{ "type": "Feature", "properties": { "lat": 45.9, "lng": -91.3 }, "geometry": { "type": "Polygon", "coordinates": [ [ [ -91.35, 45.95 ], [ -91.25, 45.95 ], [ -91.25, 45.85 ], [ -91.35, 45.85 ], [ -91.35, 45.95 ] ] ] } },
{ "type": "Feature", "properties": { "lat": 45.9, "lng": -91.2 }, "geometry": { "type": "Polygon", "coordinates": [ [ [ -91.25, 45.95 ], [ -91.15, 45.95 ], [ -91.15, 45.85 ], [ -91.25, 45.85 ], [ -91.25, 45.95 ] ] ] } },
{ "type": "Feature", "properties": { "lat": 45.9, "lng": -91.1 }, "geometry": { "type": "Polygon", "coordinates": [ [ [ -91.15, 45.95 ], [ -91.05, 45.95 ], [ -91.05, 45.85 ], [ -91.15, 45.85 ], [ -91.15, 45.95 ] ] ] } },
{ "type": "Feature", "properties": { "lat": 45.9, "lng": -91.0 }, "geometry": { "type": "Polygon", "coordinates": [ [ [ -91.05, 45.95 ], [ -90.95, 45.95 ], [ -90.95, 45.85 ], [ -91.05, 45.85 ], [ -91.05, 45.95 ] ] ] } },
{ "type": "Feature", "properties": { "lat": 45.9, "lng": -90.9 }, "geometry": { "type": "Polygon", "coordinates": [ [ [ -90.95, 45.95 ], [ -90.85, 45.95 ], [ -90.85, 45.85 ], [ -90.95, 45.85 ], [ -90.95, 45.95 ] ] ] } },
{ "type": "Feature", "properties": { "lat": 45.9, "lng": -90.8 }, "geometry": { "type": "Polygon", "coordinates": [ [ [ -90.85, 45.95 ], [ -90.75, 45.95 ], [ -90.75, 45.85 ], [ -90.85, 45.85 ], [ -90.85, 45.95 ] ] ] } },
{ "type": "Feature", "properties": { "lat": 45.9, "lng": -90.7 }, "geometry": { "type": "Polygon", "coordinates": [ [ [ -90.75, 45.95 ], [ -90.65, 45.95 ], [ -90.65, 45.85 ], [ -90.75, 45.85 ], [ -90.75, 45.95 ] ] ] } },
{ "type": "Feature", "properties": { "lat": 45.9, "lng": -90.6 }, "geometry": { "type": "Polygon", "coordinates": [ [ [ -90.65, 45.95 ], [ -90.55, 45.95 ], [ -90.55, 45.85 ], [ -90.65, 45.85 ], [ -90.65, 45.95 ] ] ] } },
{ "type": "Feature", "properties": { "lat": 45.9, "lng": -90.5 }, "geometry": { "type": "Polygon", "coordinates": [ [ [ -90.55, 45.95 ], [ -90.45, 45.95 ], [ -90.45, 45.85 ], [ -90.55, 45.85 ], [ -90.55, 45.95 ] ] ] } },
{ "type": "Feature", "properties": { "lat": 45.9, "lng": -90.4 }, "geometry": { "type": "Polygon", "coordinates": [ [ [ -90.45, 45.95 ], [ -90.35, 45.95 ], [ -90.35, 45.85 ], [ -90.45, 45.85 ], [ -90.45, 45.95 ] ] ] } },
{ "type": "Feature", "properties": { "lat": 45.9, "lng": -90.3 }, "geometry": { "type": "Polygon", "coordinates": [ [ [ -90.35, 45.95 ], [ -90.25, 45.95 ], [ -90.25, 45.85 ], [ -90.35, 45.85 ], [ -90.35, 45.95 ] ] ] } },
{ "type": "Feature", "properties": { "lat": 45.9, "lng": -90.2 }, "geometry": { "type": "Polygon", "coordinates": [ [ [ -90.25, 45.95 ], [ -90.15, 45.95 ], [ -90.15, 45.85 ], [ -90.25, 45.85 ], [ -90.25, 45.95 ] ] ] } },
{ "type": "Feature", "properties": { "lat": 45.9, "lng": -90.1 }, "geometry": { "type": "Polygon", "coordinates": [ [ [ -90.15, 45.95 ], [ -90.05, 45.95 ], [ -90.05, 45.85 ], [ -90.15, 45.85 ], [ -90.15, 45.95 ] ] ] } },
{ "type": "Feature", "properties": { "lat": 45.9, "lng": -90.0 }, "geometry": { "type": "Polygon", "coordinates": [ [ [ -90.05, 45.95 ], [ -89.95, 45.95 ], [ -89.95, 45.85 ], [ -90.05, 45.85 ], [ -90.05, 45.95 ] ] ] } },
{ "type": "Feature", "properties": { "lat": 45.9, "lng": -89.9 }, "geometry": { "type": "Polygon", "coordinates": [ [ [ -89.95, 45.95 ], [ -89.85, 45.95 ], [ -89.85, 45.85 ], [ -89.95, 45.85 ], [ -89.95, 45.95 ] ] ] } },
{ "type": "Feature", "properties": { "lat": 45.9, "lng": -89.8 }, "geometry": { "type": "Polygon", "coordinates": [ [ [ -89.85, 45.95 ], [ -89.75, 45.95 ], [ -89.75, 45.85 ], [ -89.85, 45.85 ], [ -89.85, 45.95 ] ] ] } },
{ "type": "Feature", "properties": { "lat": 45.9, "lng": -89.7 }, "geometry": { "type": "Polygon", "coordinates": [ [ [ -89.75, 45.95 ], [ -89.65, 45.95 ], [ -89.65, 45.85 ], [ -89.75, 45.85 ], [ -89.75, 45.95 ] ] ] } },
{ "type": "Feature", "properties": { "lat": 45.9, "lng": -89.6 }, "geometry": { "type": "Polygon", "coordinates": [ [ [ -89.65, 45.95 ], [ -89.55, 45.95 ], [ -89.55, 45.85 ], [ -89.65, 45.85 ], [ -89.65, 45.95 ] ] ] } },
{ "type": "Feature", "properties": { "lat": 45.9, "lng": -89.5 }, "geometry": { "type": "Polygon", "coordinates": [ [ [ -89.55, 45.95 ], [ -89.45, 45.95 ], [ -89.45, 45.85 ], [ -89.55, 45.85 ], [ -89.55, 45.95 ] ] ] } },
{ "type": "Feature", "properties": { "lat": 45.9, "lng": -89.4 }, "geometry": { "type": "Polygon", "coordinates": [ [ [ -89.45, 45.95 ], [ -89.35, 45.95 ], [ -89.35, 45.85 ], [ -89.45, 45.85 ], [ -89.45, 45.95 ] ] ] } },
{ "type": "Feature", "properties": { "lat": 45.9, "lng": -89.3 }, "geometry": { "type": "Polygon", "coordinates": [ [ [ -89.35, 45.95 ], [ -89.25, 45.95 ], [ -89.25, 45.85 ], [ -89.35, 45.85 ], [ -89.35, 45.95 ] ] ] } },
{ "type": "Feature", "properties": { "lat": 45.9, "lng": -89.2 }, "geometry": { "type": "Polygon", "coordinates": [ [ [ -89.25, 45.95 ], [ -89.15, 45.95 ], [ -89.15, 45.85 ], [ -89.25, 45.85 ], [ -89.25, 45.95 ] ] ] } },
{ "type": "Feature", "properties": { "lat": 45.9, "lng": -89.1 }, "geometry": { "type": "Polygon", "coordinates": [ [ [ -89.15, 45.95 ], [ -89.05, 45.95 ], [ -89.05, 45.85 ], [ -89.15, 45.85 ], [ -89.15, 45.95 ] ] ] } },
{ "type": "Feature", "properties": { "lat": 45.9, "lng": -89.0 }, "geometry": { "type": "Polygon", "coordinates": [ [ [ -89.05, 45.95 ], [ -88.95, 45.95 ], [ -88.95, 45.85 ], [ -89.05, 45.85 ], [ -89.05, 45.95 ] ] ] } },
{ "type": "Feature", "properties": { "lat": 45.9, "lng": -88.9 }, "geometry": { "type": "Polygon", "coordinates": [ [ [ -88.95, 45.95 ], [ -88.85, 45.95 ], [ -88.85, 45.85 ], [ -88.95, 45.85 ], [ -88.95, 45.95 ] ] ] } },
{ "type": "Feature", "properties": { "lat": 45.9, "lng": -88.8 }, "geometry": { "type": "Polygon", "coordinates": [ [ [ -88.85, 45.95 ], [ -88.75, 45.95 ], [ -88.75, 45.85 ], [ -88.85, 45.85 ], [ -88.85, 45.95 ] ] ] } },
{ "type": "Feature", "properties": { "lat": 45.9, "lng": -88.7 }, "geometry": { "type": "Polygon", "coordinates": [ [ [ -88.75, 45.95 ], [ -88.65, 45.95 ], [ -88.65, 45.85 ], [ -88.75, 45.85 ], [ -88.75, 45.95 ] ] ] } },
{ "type": "Feature", "properties": { "lat": 45.9, "lng": -88.6 }, "geometry": { "type": "Polygon", "coordinates": [ [ [ -88.65, 45.95 ], [ -88.55, 45.95 ], [ -88.55, 45.85 ], [ -88.65, 45.85 ], [ -88.65, 45.95 ] ] ] } },
{ "type": "Feature", "properties": { "lat": 45.9, "lng": -88.5 }, "geometry": { "type": "Polygon", "coordinates": [ [ [ -88.55, 45.95 ], [ -88.45, 45.95 ], [ -88.45, 45.85 ], [ -88.55, 45.85 ], [ -88.55, 45.95 ] ] ] } },
{ "type": "Feature", "properties": { "lat": 45.9, "lng": -88.4 }, "geometry": { "type": "Polygon", "coordinates": [ [ [ -88.45, 45.95 ], [ -88.35, 45.95 ], [ -88.35, 45.85 ], [ -88.45, 45.85 ], [ -88.45, 45.95 ] ] ] } },
{ "type": "Feature", "properties": { "lat": 45.9, "lng": -88.3 }, "geometry": { "type": "Polygon", "coordinates": [ [ [ -88.35, 45.95 ], [ -88.25, 45.95 ], [ -88.25, 45.85 ], [ -88.35, 45.85 ], [ -88.35, 45.95 ] ] ] } },
{ "type": "Feature", "properties": { "lat": 45.9, "lng": -88.2 }, "geometry": { "type": "Polygon", "coordinates": [ [ [ -88.25, 45.95 ], [ -88.15, 45.95 ], [ -88.15, 45.85 ], [ -88.25, 45.85 ], [ -88.25, 45.95 ] ] ] } },
{ "type": "Feature", "properties": { "lat": 45.9, "lng": -88.1 }, "geometry": { "type": "Polygon", "coordinates": [ [ [ -88.15, 45.95 ], [ -88.05, 45.95 ], [ -88.05, 45.85 ], [ -88.15, 45.85 ], [ -88.15, 45.95 ] ] ] } },
{ "type": "Feature", "properties": { "lat": 45.9, "lng": -88.0 }, "geometry": { "type": "Polygon", "coordinates": [ [ [ -88.05, 45.95 ], [ -87.95, 45.95 ], [ -87.95, 45.85 ], [ -88.05, 45.85 ], [ -88.05, 45.95 ] ] ] } },
{ "type": "Feature", "properties": { "lat": 45.9, "lng": -87.9 }, "geometry": { "type": "Polygon", "coordinates": [ [ [ -87.95, 45.95 ], [ -87.85, 45.95 ], [ -87.85, 45.85 ], [ -87.95, 45.85 ], [ -87.95, 45.95 ] ] ] } },
{ "type": "Feature", "properties": { "lat": 45.9, "lng": -87.8 }, "geometry": { "type": "Polygon", "coordinates": [ [ [ -87.85, 45.95 ], [ -87.75, 45.95 ], [ -87.75, 45.85 ], [ -87.85, 45.85 ], [ -87.85, 45.95 ] ] ] } },
{ "type": "Feature", "properties": { "lat": 45.9, "lng": -87.7 }, "geometry": { "type": "Polygon", "coordinates": [ [ [ -87.75, 45.95 ], [ -87.65, 45.95 ], [ -87.65, 45.85 ], [ -87.75, 45.85 ], [ -87.75, 45.95 ] ] ] } },
{ "type": "Feature", "properties": { "lat": 45.9, "lng": -87.6 }, "geometry": { "type": "Polygon", "coordinates": [ [ [ -87.65, 45.95 ], [ -87.55, 45.95 ], [ -87.55, 45.85 ], [ -87.65, 45.85 ], [ -87.65, 45.95 ] ] ] } },
{ "type": "Feature", "properties": { "lat": 45.9, "lng": -87.5 }, "geometry": { "type": "Polygon", "coordinates": [ [ [ -87.55, 45.95 ], [ -87.45, 45.95 ], [ -87.45, 45.85 ], [ -87.55, 45.85 ], [ -87.55, 45.95 ] ] ] } },
{ "type": "Feature", "properties": { "lat": 45.9, "lng": -87.4 }, "geometry": { "type": "Polygon", "coordinates": [ [ [ -87.45, 45.95 ], [ -87.35, 45.95 ], [ -87.35, 45.85 ], [ -87.45, 45.85 ], [ -87.45, 45.95 ] ] ] } },
{ "type": "Feature", "properties": { "lat": 45.9, "lng": -87.3 }, "geometry": { "type": "Polygon", "coordinates": [ [ [ -87.35, 45.95 ], [ -87.25, 45.95 ], [ -87.25, 45.85 ], [ -87.35, 45.85 ], [ -87.35, 45.95 ] ] ] } },
{ "type": "Feature", "properties": { "lat": 45.9, "lng": -87.2 }, "geometry": { "type": "Polygon", "coordinates": [ [ [ -87.25, 45.95 ], [ -87.15, 45.95 ], [ -87.15, 45.85 ], [ -87.25, 45.85 ], [ -87.25, 45.95 ] ] ] } },
{ "type": "Feature", "properties": { "lat": 45.9, "lng": -87.1 }, "geometry": { "type": "Polygon", "coordinates": [ [ [ -87.15, 45.95 ], [ -87.05, 45.95 ], [ -87.05, 45.85 ], [ -87.15, 45.85 ], [ -87.15, 45.95 ] ] ] } },
{ "type": "Feature", "properties": { "lat": 45.9, "lng": -87.0 }, "geometry": { "type": "Polygon", "coordinates": [ [ [ -87.05, 45.95 ], [ -86.95, 45.95 ], [ -86.95, 45.85 ], [ -87.05, 45.85 ], [ -87.05, 45.95 ] ] ] } },
{ "type": "Feature", "properties": { "lat": 45.9, "lng": -86.9 }, "geometry": { "type": "Polygon", "coordinates": [ [ [ -86.95, 45.95 ], [ -86.85, 45.95 ], [ -86.85, 45.85 ], [ -86.95, 45.85 ], [ -86.95, 45.95 ] ] ] } },
{ "type": "Feature", "properties": { "lat": 45.9, "lng": -86.8 }, "geometry": { "type": "Polygon", "coordinates": [ [ [ -86.85, 45.95 ], [ -86.75, 45.95 ], [ -86.75, 45.85 ], [ -86.85, 45.85 ], [ -86.85, 45.95 ] ] ] } },
{ "type": "Feature", "properties": { "lat": 46.0, "lng": -93.0 }, "geometry": { "type": "Polygon", "coordinates": [ [ [ -93.05, 46.05 ], [ -92.95, 46.05 ], [ -92.95, 45.95 ], [ -93.05, 45.95 ], [ -93.05, 46.05 ] ] ] } },
{ "type": "Feature", "properties": { "lat": 46.0, "lng": -92.9 }, "geometry": { "type": "Polygon", "coordinates": [ [ [ -92.95, 46.05 ], [ -92.85, 46.05 ], [ -92.85, 45.95 ], [ -92.95, 45.95 ], [ -92.95, 46.05 ] ] ] } },
{ "type": "Feature", "properties": { "lat": 46.0, "lng": -92.8 }, "geometry": { "type": "Polygon", "coordinates": [ [ [ -92.85, 46.05 ], [ -92.75, 46.05 ], [ -92.75, 45.95 ], [ -92.85, 45.95 ], [ -92.85, 46.05 ] ] ] } },
{ "type": "Feature", "properties": { "lat": 46.0, "lng": -92.7 }, "geometry": { "type": "Polygon", "coordinates": [ [ [ -92.75, 46.05 ], [ -92.65, 46.05 ], [ -92.65, 45.95 ], [ -92.75, 45.95 ], [ -92.75, 46.05 ] ] ] } },
{ "type": "Feature", "properties": { "lat": 46.0, "lng": -92.6 }, "geometry": { "type": "Polygon", "coordinates": [ [ [ -92.65, 46.05 ], [ -92.55, 46.05 ], [ -92.55, 45.95 ], [ -92.65, 45.95 ], [ -92.65, 46.05 ] ] ] } },
{ "type": "Feature", "properties": { "lat": 46.0, "lng": -92.5 }, "geometry": { "type": "Polygon", "coordinates": [ [ [ -92.55, 46.05 ], [ -92.45, 46.05 ], [ -92.45, 45.95 ], [ -92.55, 45.95 ], [ -92.55, 46.05 ] ] ] } },
{ "type": "Feature", "properties": { "lat": 46.0, "lng": -92.4 }, "geometry": { "type": "Polygon", "coordinates": [ [ [ -92.45, 46.05 ], [ -92.35, 46.05 ], [ -92.35, 45.95 ], [ -92.45, 45.95 ], [ -92.45, 46.05 ] ] ] } },
{ "type": "Feature", "properties": { "lat": 46.0, "lng": -92.3 }, "geometry": { "type": "Polygon", "coordinates": [ [ [ -92.35, 46.05 ], [ -92.25, 46.05 ], [ -92.25, 45.95 ], [ -92.35, 45.95 ], [ -92.35, 46.05 ] ] ] } },
{ "type": "Feature", "properties": { "lat": 46.0, "lng": -92.2 }, "geometry": { "type": "Polygon", "coordinates": [ [ [ -92.25, 46.05 ], [ -92.15, 46.05 ], [ -92.15, 45.95 ], [ -92.25, 45.95 ], [ -92.25, 46.05 ] ] ] } },
{ "type": "Feature", "properties": { "lat": 46.0, "lng": -92.1 }, "geometry": { "type": "Polygon", "coordinates": [ [ [ -92.15, 46.05 ], [ -92.05, 46.05 ], [ -92.05, 45.95 ], [ -92.15, 45.95 ], [ -92.15, 46.05 ] ] ] } },
{ "type": "Feature", "properties": { "lat": 46.0, "lng": -92.0 }, "geometry": { "type": "Polygon", "coordinates": [ [ [ -92.05, 46.05 ], [ -91.95, 46.05 ], [ -91.95, 45.95 ], [ -92.05, 45.95 ], [ -92.05, 46.05 ] ] ] } },
{ "type": "Feature", "properties": { "lat": 46.0, "lng": -91.9 }, "geometry": { "type": "Polygon", "coordinates": [ [ [ -91.95, 46.05 ], [ -91.85, 46.05 ], [ -91.85, 45.95 ], [ -91.95, 45.95 ], [ -91.95, 46.05 ] ] ] } },
{ "type": "Feature", "properties": { "lat": 46.0, "lng": -91.8 }, "geometry": { "type": "Polygon", "coordinates": [ [ [ -91.85, 46.05 ], [ -91.75, 46.05 ], [ -91.75, 45.95 ], [ -91.85, 45.95 ], [ -91.85, 46.05 ] ] ] } },
{ "type": "Feature", "properties": { "lat": 46.0, "lng": -91.7 }, "geometry": { "type": "Polygon", "coordinates": [ [ [ -91.75, 46.05 ], [ -91.65, 46.05 ], [ -91.65, 45.95 ], [ -91.75, 45.95 ], [ -91.75, 46.05 ] ] ] } },
{ "type": "Feature", "properties": { "lat": 46.0, "lng": -91.6 }, "geometry": { "type": "Polygon", "coordinates": [ [ [ -91.65, 46.05 ], [ -91.55, 46.05 ], [ -91.55, 45.95 ], [ -91.65, 45.95 ], [ -91.65, 46.05 ] ] ] } },
{ "type": "Feature", "properties": { "lat": 46.0, "lng": -91.5 }, "geometry": { "type": "Polygon", "coordinates": [ [ [ -91.55, 46.05 ], [ -91.45, 46.05 ], [ -91.45, 45.95 ], [ -91.55, 45.95 ], [ -91.55, 46.05 ] ] ] } },
{ "type": "Feature", "properties": { "lat": 46.0, "lng": -91.4 }, "geometry": { "type": "Polygon", "coordinates": [ [ [ -91.45, 46.05 ], [ -91.35, 46.05 ], [ -91.35, 45.95 ], [ -91.45, 45.95 ], [ -91.45, 46.05 ] ] ] } },
{ "type": "Feature", "properties": { "lat": 46.0, "lng": -91.3 }, "geometry": { "type": "Polygon", "coordinates": [ [ [ -91.35, 46.05 ], [ -91.25, 46.05 ], [ -91.25, 45.95 ], [ -91.35, 45.95 ], [ -91.35, 46.05 ] ] ] } },
{ "type": "Feature", "properties": { "lat": 46.0, "lng": -91.2 }, "geometry": { "type": "Polygon", "coordinates": [ [ [ -91.25, 46.05 ], [ -91.15, 46.05 ], [ -91.15, 45.95 ], [ -91.25, 45.95 ], [ -91.25, 46.05 ] ] ] } },
{ "type": "Feature", "properties": { "lat": 46.0, "lng": -91.1 }, "geometry": { "type": "Polygon", "coordinates": [ [ [ -91.15, 46.05 ], [ -91.05, 46.05 ], [ -91.05, 45.95 ], [ -91.15, 45.95 ], [ -91.15, 46.05 ] ] ] } },
{ "type": "Feature", "properties": { "lat": 46.0, "lng": -91.0 }, "geometry": { "type": "Polygon", "coordinates": [ [ [ -91.05, 46.05 ], [ -90.95, 46.05 ], [ -90.95, 45.95 ], [ -91.05, 45.95 ], [ -91.05, 46.05 ] ] ] } },
{ "type": "Feature", "properties": { "lat": 46.0, "lng": -90.9 }, "geometry": { "type": "Polygon", "coordinates": [ [ [ -90.95, 46.05 ], [ -90.85, 46.05 ], [ -90.85, 45.95 ], [ -90.95, 45.95 ], [ -90.95, 46.05 ] ] ] } },
{ "type": "Feature", "properties": { "lat": 46.0, "lng": -90.8 }, "geometry": { "type": "Polygon", "coordinates": [ [ [ -90.85, 46.05 ], [ -90.75, 46.05 ], [ -90.75, 45.95 ], [ -90.85, 45.95 ], [ -90.85, 46.05 ] ] ] } },
{ "type": "Feature", "properties": { "lat": 46.0, "lng": -90.7 }, "geometry": { "type": "Polygon", "coordinates": [ [ [ -90.75, 46.05 ], [ -90.65, 46.05 ], [ -90.65, 45.95 ], [ -90.75, 45.95 ], [ -90.75, 46.05 ] ] ] } },
{ "type": "Feature", "properties": { "lat": 46.0, "lng": -90.6 }, "geometry": { "type": "Polygon", "coordinates": [ [ [ -90.65, 46.05 ], [ -90.55, 46.05 ], [ -90.55, 45.95 ], [ -90.65, 45.95 ], [ -90.65, 46.05 ] ] ] } },
{ "type": "Feature", "properties": { "lat": 46.0, "lng": -90.5 }, "geometry": { "type": "Polygon", "coordinates": [ [ [ -90.55, 46.05 ], [ -90.45, 46.05 ], [ -90.45, 45.95 ], [ -90.55, 45.95 ], [ -90.55, 46.05 ] ] ] } },
{ "type": "Feature", "properties": { "lat": 46.0, "lng": -90.4 }, "geometry": { "type": "Polygon", "coordinates": [ [ [ -90.45, 46.05 ], [ -90.35, 46.05 ], [ -90.35, 45.95 ], [ -90.45, 45.95 ], [ -90.45, 46.05 ] ] ] } },
{ "type": "Feature", "properties": { "lat": 46.0, "lng": -90.3 }, "geometry": { "type": "Polygon", "coordinates": [ [ [ -90.35, 46.05 ], [ -90.25, 46.05 ], [ -90.25, 45.95 ], [ -90.35, 45.95 ], [ -90.35, 46.05 ] ] ] } },
{ "type": "Feature", "properties": { "lat": 46.0, "lng": -90.2 }, "geometry": { "type": "Polygon", "coordinates": [ [ [ -90.25, 46.05 ], [ -90.15, 46.05 ], [ -90.15, 45.95 ], [ -90.25, 45.95 ], [ -90.25, 46.05 ] ] ] } },
{ "type": "Feature", "properties": { "lat": 46.0, "lng": -90.1 }, "geometry": { "type": "Polygon", "coordinates": [ [ [ -90.15, 46.05 ], [ -90.05, 46.05 ], [ -90.05, 45.95 ], [ -90.15, 45.95 ], [ -90.15, 46.05 ] ] ] } },
{ "type": "Feature", "properties": { "lat": 46.0, "lng": -90.0 }, "geometry": { "type": "Polygon", "coordinates": [ [ [ -90.05, 46.05 ], [ -89.95, 46.05 ], [ -89.95, 45.95 ], [ -90.05, 45.95 ], [ -90.05, 46.05 ] ] ] } },
{ "type": "Feature", "properties": { "lat": 46.0, "lng": -89.9 }, "geometry": { "type": "Polygon", "coordinates": [ [ [ -89.95, 46.05 ], [ -89.85, 46.05 ], [ -89.85, 45.95 ], [ -89.95, 45.95 ], [ -89.95, 46.05 ] ] ] } },
{ "type": "Feature", "properties": { "lat": 46.0, "lng": -89.8 }, "geometry": { "type": "Polygon", "coordinates": [ [ [ -89.85, 46.05 ], [ -89.75, 46.05 ], [ -89.75, 45.95 ], [ -89.85, 45.95 ], [ -89.85, 46.05 ] ] ] } },
{ "type": "Feature", "properties": { "lat": 46.0, "lng": -89.7 }, "geometry": { "type": "Polygon", "coordinates": [ [ [ -89.75, 46.05 ], [ -89.65, 46.05 ], [ -89.65, 45.95 ], [ -89.75, 45.95 ], [ -89.75, 46.05 ] ] ] } },
{ "type": "Feature", "properties": { "lat": 46.0, "lng": -89.6 }, "geometry": { "type": "Polygon", "coordinates": [ [ [ -89.65, 46.05 ], [ -89.55, 46.05 ], [ -89.55, 45.95 ], [ -89.65, 45.95 ], [ -89.65, 46.05 ] ] ] } },
{ "type": "Feature", "properties": { "lat": 46.0, "lng": -89.5 }, "geometry": { "type": "Polygon", "coordinates": [ [ [ -89.55, 46.05 ], [ -89.45, 46.05 ], [ -89.45, 45.95 ], [ -89.55, 45.95 ], [ -89.55, 46.05 ] ] ] } },
{ "type": "Feature", "properties": { "lat": 46.0, "lng": -89.4 }, "geometry": { "type": "Polygon", "coordinates": [ [ [ -89.45, 46.05 ], [ -89.35, 46.05 ], [ -89.35, 45.95 ], [ -89.45, 45.95 ], [ -89.45, 46.05 ] ] ] } },
{ "type": "Feature", "properties": { "lat": 46.0, "lng": -89.3 }, "geometry": { "type": "Polygon", "coordinates": [ [ [ -89.35, 46.05 ], [ -89.25, 46.05 ], [ -89.25, 45.95 ], [ -89.35, 45.95 ], [ -89.35, 46.05 ] ] ] } },
{ "type": "Feature", "properties": { "lat": 46.0, "lng": -89.2 }, "geometry": { "type": "Polygon", "coordinates": [ [ [ -89.25, 46.05 ], [ -89.15, 46.05 ], [ -89.15, 45.95 ], [ -89.25, 45.95 ], [ -89.25, 46.05 ] ] ] } },
{ "type": "Feature", "properties": { "lat": 46.0, "lng": -89.1 }, "geometry": { "type": "Polygon", "coordinates": [ [ [ -89.15, 46.05 ], [ -89.05, 46.05 ], [ -89.05, 45.95 ], [ -89.15, 45.95 ], [ -89.15, 46.05 ] ] ] } },
{ "type": "Feature", "properties": { "lat": 46.0, "lng": -89.0 }, "geometry": { "type": "Polygon", "coordinates": [ [ [ -89.05, 46.05 ], [ -88.95, 46.05 ], [ -88.95, 45.95 ], [ -89.05, 45.95 ], [ -89.05, 46.05 ] ] ] } },
{ "type": "Feature", "properties": { "lat": 46.0, "lng": -88.9 }, "geometry": { "type": "Polygon", "coordinates": [ [ [ -88.95, 46.05 ], [ -88.85, 46.05 ], [ -88.85, 45.95 ], [ -88.95, 45.95 ], [ -88.95, 46.05 ] ] ] } },
{ "type": "Feature", "properties": { "lat": 46.0, "lng": -88.8 }, "geometry": { "type": "Polygon", "coordinates": [ [ [ -88.85, 46.05 ], [ -88.75, 46.05 ], [ -88.75, 45.95 ], [ -88.85, 45.95 ], [ -88.85, 46.05 ] ] ] } },
{ "type": "Feature", "properties": { "lat": 46.0, "lng": -88.7 }, "geometry": { "type": "Polygon", "coordinates": [ [ [ -88.75, 46.05 ], [ -88.65, 46.05 ], [ -88.65, 45.95 ], [ -88.75, 45.95 ], [ -88.75, 46.05 ] ] ] } },
{ "type": "Feature", "properties": { "lat": 46.0, "lng": -88.6 }, "geometry": { "type": "Polygon", "coordinates": [ [ [ -88.65, 46.05 ], [ -88.55, 46.05 ], [ -88.55, 45.95 ], [ -88.65, 45.95 ], [ -88.65, 46.05 ] ] ] } },
{ "type": "Feature", "properties": { "lat": 46.0, "lng": -88.5 }, "geometry": { "type": "Polygon", "coordinates": [ [ [ -88.55, 46.05 ], [ -88.45, 46.05 ], [ -88.45, 45.95 ], [ -88.55, 45.95 ], [ -88.55, 46.05 ] ] ] } },
{ "type": "Feature", "properties": { "lat": 46.0, "lng": -88.4 }, "geometry": { "type": "Polygon", "coordinates": [ [ [ -88.45, 46.05 ], [ -88.35, 46.05 ], [ -88.35, 45.95 ], [ -88.45, 45.95 ], [ -88.45, 46.05 ] ] ] } },
{ "type": "Feature", "properties": { "lat": 46.0, "lng": -88.3 }, "geometry": { "type": "Polygon", "coordinates": [ [ [ -88.35, 46.05 ], [ -88.25, 46.05 ], [ -88.25, 45.95 ], [ -88.35, 45.95 ], [ -88.35, 46.05 ] ] ] } },
{ "type": "Feature", "properties": { "lat": 46.0, "lng": -88.2 }, "geometry": { "type": "Polygon", "coordinates": [ [ [ -88.25, 46.05 ], [ -88.15, 46.05 ], [ -88.15, 45.95 ], [ -88.25, 45.95 ], [ -88.25, 46.05 ] ] ] } },
{ "type": "Feature", "properties": { "lat": 46.0, "lng": -88.1 }, "geometry": { "type": "Polygon", "coordinates": [ [ [ -88.15, 46.05 ], [ -88.05, 46.05 ], [ -88.05, 45.95 ], [ -88.15, 45.95 ], [ -88.15, 46.05 ] ] ] } },
{ "type": "Feature", "properties": { "lat": 46.0, "lng": -88.0 }, "geometry": { "type": "Polygon", "coordinates": [ [ [ -88.05, 46.05 ], [ -87.95, 46.05 ], [ -87.95, 45.95 ], [ -88.05, 45.95 ], [ -88.05, 46.05 ] ] ] } },
{ "type": "Feature", "properties": { "lat": 46.0, "lng": -87.9 }, "geometry": { "type": "Polygon", "coordinates": [ [ [ -87.95, 46.05 ], [ -87.85, 46.05 ], [ -87.85, 45.95 ], [ -87.95, 45.95 ], [ -87.95, 46.05 ] ] ] } },
{ "type": "Feature", "properties": { "lat": 46.0, "lng": -87.8 }, "geometry": { "type": "Polygon", "coordinates": [ [ [ -87.85, 46.05 ], [ -87.75, 46.05 ], [ -87.75, 45.95 ], [ -87.85, 45.95 ], [ -87.85, 46.05 ] ] ] } },
{ "type": "Feature", "properties": { "lat": 46.0, "lng": -87.7 }, "geometry": { "type": "Polygon", "coordinates": [ [ [ -87.75, 46.05 ], [ -87.65, 46.05 ], [ -87.65, 45.95 ], [ -87.75, 45.95 ], [ -87.75, 46.05 ] ] ] } },
{ "type": "Feature", "properties": { "lat": 46.0, "lng": -87.6 }, "geometry": { "type": "Polygon", "coordinates": [ [ [ -87.65, 46.05 ], [ -87.55, 46.05 ], [ -87.55, 45.95 ], [ -87.65, 45.95 ], [ -87.65, 46.05 ] ] ] } },
{ "type": "Feature", "properties": { "lat": 46.0, "lng": -87.5 }, "geometry": { "type": "Polygon", "coordinates": [ [ [ -87.55, 46.05 ], [ -87.45, 46.05 ], [ -87.45, 45.95 ], [ -87.55, 45.95 ], [ -87.55, 46.05 ] ] ] } },
{ "type": "Feature", "properties": { "lat": 46.0, "lng": -87.4 }, "geometry": { "type": "Polygon", "coordinates": [ [ [ -87.45, 46.05 ], [ -87.35, 46.05 ], [ -87.35, 45.95 ], [ -87.45, 45.95 ], [ -87.45, 46.05 ] ] ] } },
{ "type": "Feature", "properties": { "lat": 46.0, "lng": -87.3 }, "geometry": { "type": "Polygon", "coordinates": [ [ [ -87.35, 46.05 ], [ -87.25, 46.05 ], [ -87.25, 45.95 ], [ -87.35, 45.95 ], [ -87.35, 46.05 ] ] ] } },
{ "type": "Feature", "properties": { "lat": 46.0, "lng": -87.2 }, "geometry": { "type": "Polygon", "coordinates": [ [ [ -87.25, 46.05 ], [ -87.15, 46.05 ], [ -87.15, 45.95 ], [ -87.25, 45.95 ], [ -87.25, 46.05 ] ] ] } },
{ "type": "Feature", "properties": { "lat": 46.0, "lng": -87.1 }, "geometry": { "type": "Polygon", "coordinates": [ [ [ -87.15, 46.05 ], [ -87.05, 46.05 ], [ -87.05, 45.95 ], [ -87.15, 45.95 ], [ -87.15, 46.05 ] ] ] } },
{ "type": "Feature", "properties": { "lat": 46.0, "lng": -87.0 }, "geometry": { "type": "Polygon", "coordinates": [ [ [ -87.05, 46.05 ], [ -86.95, 46.05 ], [ -86.95, 45.95 ], [ -87.05, 45.95 ], [ -87.05, 46.05 ] ] ] } },
{ "type": "Feature", "properties": { "lat": 46.0, "lng": -86.9 }, "geometry": { "type": "Polygon", "coordinates": [ [ [ -86.95, 46.05 ], [ -86.85, 46.05 ], [ -86.85, 45.95 ], [ -86.95, 45.95 ], [ -86.95, 46.05 ] ] ] } },
{ "type": "Feature", "properties": { "lat": 46.0, "lng": -86.8 }, "geometry": { "type": "Polygon", "coordinates": [ [ [ -86.85, 46.05 ], [ -86.75, 46.05 ], [ -86.75, 45.95 ], [ -86.85, 45.95 ], [ -86.85, 46.05 ] ] ] } },
{ "type": "Feature", "properties": { "lat": 46.1, "lng": -93.0 }, "geometry": { "type": "Polygon", "coordinates": [ [ [ -93.05, 46.15 ], [ -92.95, 46.15 ], [ -92.95, 46.05 ], [ -93.05, 46.05 ], [ -93.05, 46.15 ] ] ] } },
{ "type": "Feature", "properties": { "lat": 46.1, "lng": -92.9 }, "geometry": { "type": "Polygon", "coordinates": [ [ [ -92.95, 46.15 ], [ -92.85, 46.15 ], [ -92.85, 46.05 ], [ -92.95, 46.05 ], [ -92.95, 46.15 ] ] ] } },
{ "type": "Feature", "properties": { "lat": 46.1, "lng": -92.8 }, "geometry": { "type": "Polygon", "coordinates": [ [ [ -92.85, 46.15 ], [ -92.75, 46.15 ], [ -92.75, 46.05 ], [ -92.85, 46.05 ], [ -92.85, 46.15 ] ] ] } },
{ "type": "Feature", "properties": { "lat": 46.1, "lng": -92.7 }, "geometry": { "type": "Polygon", "coordinates": [ [ [ -92.75, 46.15 ], [ -92.65, 46.15 ], [ -92.65, 46.05 ], [ -92.75, 46.05 ], [ -92.75, 46.15 ] ] ] } },
{ "type": "Feature", "properties": { "lat": 46.1, "lng": -92.6 }, "geometry": { "type": "Polygon", "coordinates": [ [ [ -92.65, 46.15 ], [ -92.55, 46.15 ], [ -92.55, 46.05 ], [ -92.65, 46.05 ], [ -92.65, 46.15 ] ] ] } },
{ "type": "Feature", "properties": { "lat": 46.1, "lng": -92.5 }, "geometry": { "type": "Polygon", "coordinates": [ [ [ -92.55, 46.15 ], [ -92.45, 46.15 ], [ -92.45, 46.05 ], [ -92.55, 46.05 ], [ -92.55, 46.15 ] ] ] } },
{ "type": "Feature", "properties": { "lat": 46.1, "lng": -92.4 }, "geometry": { "type": "Polygon", "coordinates": [ [ [ -92.45, 46.15 ], [ -92.35, 46.15 ], [ -92.35, 46.05 ], [ -92.45, 46.05 ], [ -92.45, 46.15 ] ] ] } },
{ "type": "Feature", "properties": { "lat": 46.1, "lng": -92.3 }, "geometry": { "type": "Polygon", "coordinates": [ [ [ -92.35, 46.15 ], [ -92.25, 46.15 ], [ -92.25, 46.05 ], [ -92.35, 46.05 ], [ -92.35, 46.15 ] ] ] } },
{ "type": "Feature", "properties": { "lat": 46.1, "lng": -92.2 }, "geometry": { "type": "Polygon", "coordinates": [ [ [ -92.25, 46.15 ], [ -92.15, 46.15 ], [ -92.15, 46.05 ], [ -92.25, 46.05 ], [ -92.25, 46.15 ] ] ] } },
{ "type": "Feature", "properties": { "lat": 46.1, "lng": -92.1 }, "geometry": { "type": "Polygon", "coordinates": [ [ [ -92.15, 46.15 ], [ -92.05, 46.15 ], [ -92.05, 46.05 ], [ -92.15, 46.05 ], [ -92.15, 46.15 ] ] ] } },
{ "type": "Feature", "properties": { "lat": 46.1, "lng": -92.0 }, "geometry": { "type": "Polygon", "coordinates": [ [ [ -92.05, 46.15 ], [ -91.95, 46.15 ], [ -91.95, 46.05 ], [ -92.05, 46.05 ], [ -92.05, 46.15 ] ] ] } },
{ "type": "Feature", "properties": { "lat": 46.1, "lng": -91.9 }, "geometry": { "type": "Polygon", "coordinates": [ [ [ -91.95, 46.15 ], [ -91.85, 46.15 ], [ -91.85, 46.05 ], [ -91.95, 46.05 ], [ -91.95, 46.15 ] ] ] } },
{ "type": "Feature", "properties": { "lat": 46.1, "lng": -91.8 }, "geometry": { "type": "Polygon", "coordinates": [ [ [ -91.85, 46.15 ], [ -91.75, 46.15 ], [ -91.75, 46.05 ], [ -91.85, 46.05 ], [ -91.85, 46.15 ] ] ] } },
{ "type": "Feature", "properties": { "lat": 46.1, "lng": -91.7 }, "geometry": { "type": "Polygon", "coordinates": [ [ [ -91.75, 46.15 ], [ -91.65, 46.15 ], [ -91.65, 46.05 ], [ -91.75, 46.05 ], [ -91.75, 46.15 ] ] ] } },
{ "type": "Feature", "properties": { "lat": 46.1, "lng": -91.6 }, "geometry": { "type": "Polygon", "coordinates": [ [ [ -91.65, 46.15 ], [ -91.55, 46.15 ], [ -91.55, 46.05 ], [ -91.65, 46.05 ], [ -91.65, 46.15 ] ] ] } },
{ "type": "Feature", "properties": { "lat": 46.1, "lng": -91.5 }, "geometry": { "type": "Polygon", "coordinates": [ [ [ -91.55, 46.15 ], [ -91.45, 46.15 ], [ -91.45, 46.05 ], [ -91.55, 46.05 ], [ -91.55, 46.15 ] ] ] } },
{ "type": "Feature", "properties": { "lat": 46.1, "lng": -91.4 }, "geometry": { "type": "Polygon", "coordinates": [ [ [ -91.45, 46.15 ], [ -91.35, 46.15 ], [ -91.35, 46.05 ], [ -91.45, 46.05 ], [ -91.45, 46.15 ] ] ] } },
{ "type": "Feature", "properties": { "lat": 46.1, "lng": -91.3 }, "geometry": { "type": "Polygon", "coordinates": [ [ [ -91.35, 46.15 ], [ -91.25, 46.15 ], [ -91.25, 46.05 ], [ -91.35, 46.05 ], [ -91.35, 46.15 ] ] ] } },
{ "type": "Feature", "properties": { "lat": 46.1, "lng": -91.2 }, "geometry": { "type": "Polygon", "coordinates": [ [ [ -91.25, 46.15 ], [ -91.15, 46.15 ], [ -91.15, 46.05 ], [ -91.25, 46.05 ], [ -91.25, 46.15 ] ] ] } },
{ "type": "Feature", "properties": { "lat": 46.1, "lng": -91.1 }, "geometry": { "type": "Polygon", "coordinates": [ [ [ -91.15, 46.15 ], [ -91.05, 46.15 ], [ -91.05, 46.05 ], [ -91.15, 46.05 ], [ -91.15, 46.15 ] ] ] } },
{ "type": "Feature", "properties": { "lat": 46.1, "lng": -91.0 }, "geometry": { "type": "Polygon", "coordinates": [ [ [ -91.05, 46.15 ], [ -90.95, 46.15 ], [ -90.95, 46.05 ], [ -91.05, 46.05 ], [ -91.05, 46.15 ] ] ] } },
{ "type": "Feature", "properties": { "lat": 46.1, "lng": -90.9 }, "geometry": { "type": "Polygon", "coordinates": [ [ [ -90.95, 46.15 ], [ -90.85, 46.15 ], [ -90.85, 46.05 ], [ -90.95, 46.05 ], [ -90.95, 46.15 ] ] ] } },
{ "type": "Feature", "properties": { "lat": 46.1, "lng": -90.8 }, "geometry": { "type": "Polygon", "coordinates": [ [ [ -90.85, 46.15 ], [ -90.75, 46.15 ], [ -90.75, 46.05 ], [ -90.85, 46.05 ], [ -90.85, 46.15 ] ] ] } },
{ "type": "Feature", "properties": { "lat": 46.1, "lng": -90.7 }, "geometry": { "type": "Polygon", "coordinates": [ [ [ -90.75, 46.15 ], [ -90.65, 46.15 ], [ -90.65, 46.05 ], [ -90.75, 46.05 ], [ -90.75, 46.15 ] ] ] } },
{ "type": "Feature", "properties": { "lat": 46.1, "lng": -90.6 }, "geometry": { "type": "Polygon", "coordinates": [ [ [ -90.65, 46.15 ], [ -90.55, 46.15 ], [ -90.55, 46.05 ], [ -90.65, 46.05 ], [ -90.65, 46.15 ] ] ] } },
{ "type": "Feature", "properties": { "lat": 46.1, "lng": -90.5 }, "geometry": { "type": "Polygon", "coordinates": [ [ [ -90.55, 46.15 ], [ -90.45, 46.15 ], [ -90.45, 46.05 ], [ -90.55, 46.05 ], [ -90.55, 46.15 ] ] ] } },
{ "type": "Feature", "properties": { "lat": 46.1, "lng": -90.4 }, "geometry": { "type": "Polygon", "coordinates": [ [ [ -90.45, 46.15 ], [ -90.35, 46.15 ], [ -90.35, 46.05 ], [ -90.45, 46.05 ], [ -90.45, 46.15 ] ] ] } },
{ "type": "Feature", "properties": { "lat": 46.1, "lng": -90.3 }, "geometry": { "type": "Polygon", "coordinates": [ [ [ -90.35, 46.15 ], [ -90.25, 46.15 ], [ -90.25, 46.05 ], [ -90.35, 46.05 ], [ -90.35, 46.15 ] ] ] } },
{ "type": "Feature", "properties": { "lat": 46.1, "lng": -90.2 }, "geometry": { "type": "Polygon", "coordinates": [ [ [ -90.25, 46.15 ], [ -90.15, 46.15 ], [ -90.15, 46.05 ], [ -90.25, 46.05 ], [ -90.25, 46.15 ] ] ] } },
{ "type": "Feature", "properties": { "lat": 46.1, "lng": -90.1 }, "geometry": { "type": "Polygon", "coordinates": [ [ [ -90.15, 46.15 ], [ -90.05, 46.15 ], [ -90.05, 46.05 ], [ -90.15, 46.05 ], [ -90.15, 46.15 ] ] ] } },
{ "type": "Feature", "properties": { "lat": 46.1, "lng": -90.0 }, "geometry": { "type": "Polygon", "coordinates": [ [ [ -90.05, 46.15 ], [ -89.95, 46.15 ], [ -89.95, 46.05 ], [ -90.05, 46.05 ], [ -90.05, 46.15 ] ] ] } },
{ "type": "Feature", "properties": { "lat": 46.1, "lng": -89.9 }, "geometry": { "type": "Polygon", "coordinates": [ [ [ -89.95, 46.15 ], [ -89.85, 46.15 ], [ -89.85, 46.05 ], [ -89.95, 46.05 ], [ -89.95, 46.15 ] ] ] } },
{ "type": "Feature", "properties": { "lat": 46.1, "lng": -89.8 }, "geometry": { "type": "Polygon", "coordinates": [ [ [ -89.85, 46.15 ], [ -89.75, 46.15 ], [ -89.75, 46.05 ], [ -89.85, 46.05 ], [ -89.85, 46.15 ] ] ] } },
{ "type": "Feature", "properties": { "lat": 46.1, "lng": -89.7 }, "geometry": { "type": "Polygon", "coordinates": [ [ [ -89.75, 46.15 ], [ -89.65, 46.15 ], [ -89.65, 46.05 ], [ -89.75, 46.05 ], [ -89.75, 46.15 ] ] ] } },
{ "type": "Feature", "properties": { "lat": 46.1, "lng": -89.6 }, "geometry": { "type": "Polygon", "coordinates": [ [ [ -89.65, 46.15 ], [ -89.55, 46.15 ], [ -89.55, 46.05 ], [ -89.65, 46.05 ], [ -89.65, 46.15 ] ] ] } },
{ "type": "Feature", "properties": { "lat": 46.1, "lng": -89.5 }, "geometry": { "type": "Polygon", "coordinates": [ [ [ -89.55, 46.15 ], [ -89.45, 46.15 ], [ -89.45, 46.05 ], [ -89.55, 46.05 ], [ -89.55, 46.15 ] ] ] } },
{ "type": "Feature", "properties": { "lat": 46.1, "lng": -89.4 }, "geometry": { "type": "Polygon", "coordinates": [ [ [ -89.45, 46.15 ], [ -89.35, 46.15 ], [ -89.35, 46.05 ], [ -89.45, 46.05 ], [ -89.45, 46.15 ] ] ] } },
{ "type": "Feature", "properties": { "lat": 46.1, "lng": -89.3 }, "geometry": { "type": "Polygon", "coordinates": [ [ [ -89.35, 46.15 ], [ -89.25, 46.15 ], [ -89.25, 46.05 ], [ -89.35, 46.05 ], [ -89.35, 46.15 ] ] ] } },
{ "type": "Feature", "properties": { "lat": 46.1, "lng": -89.2 }, "geometry": { "type": "Polygon", "coordinates": [ [ [ -89.25, 46.15 ], [ -89.15, 46.15 ], [ -89.15, 46.05 ], [ -89.25, 46.05 ], [ -89.25, 46.15 ] ] ] } },
{ "type": "Feature", "properties": { "lat": 46.1, "lng": -89.1 }, "geometry": { "type": "Polygon", "coordinates": [ [ [ -89.15, 46.15 ], [ -89.05, 46.15 ], [ -89.05, 46.05 ], [ -89.15, 46.05 ], [ -89.15, 46.15 ] ] ] } },
{ "type": "Feature", "properties": { "lat": 46.1, "lng": -89.0 }, "geometry": { "type": "Polygon", "coordinates": [ [ [ -89.05, 46.15 ], [ -88.95, 46.15 ], [ -88.95, 46.05 ], [ -89.05, 46.05 ], [ -89.05, 46.15 ] ] ] } },
{ "type": "Feature", "properties": { "lat": 46.1, "lng": -88.9 }, "geometry": { "type": "Polygon", "coordinates": [ [ [ -88.95, 46.15 ], [ -88.85, 46.15 ], [ -88.85, 46.05 ], [ -88.95, 46.05 ], [ -88.95, 46.15 ] ] ] } },
{ "type": "Feature", "properties": { "lat": 46.1, "lng": -88.8 }, "geometry": { "type": "Polygon", "coordinates": [ [ [ -88.85, 46.15 ], [ -88.75, 46.15 ], [ -88.75, 46.05 ], [ -88.85, 46.05 ], [ -88.85, 46.15 ] ] ] } },
{ "type": "Feature", "properties": { "lat": 46.1, "lng": -88.7 }, "geometry": { "type": "Polygon", "coordinates": [ [ [ -88.75, 46.15 ], [ -88.65, 46.15 ], [ -88.65, 46.05 ], [ -88.75, 46.05 ], [ -88.75, 46.15 ] ] ] } },
{ "type": "Feature", "properties": { "lat": 46.1, "lng": -88.6 }, "geometry": { "type": "Polygon", "coordinates": [ [ [ -88.65, 46.15 ], [ -88.55, 46.15 ], [ -88.55, 46.05 ], [ -88.65, 46.05 ], [ -88.65, 46.15 ] ] ] } },
{ "type": "Feature", "properties": { "lat": 46.1, "lng": -88.5 }, "geometry": { "type": "Polygon", "coordinates": [ [ [ -88.55, 46.15 ], [ -88.45, 46.15 ], [ -88.45, 46.05 ], [ -88.55, 46.05 ], [ -88.55, 46.15 ] ] ] } },
{ "type": "Feature", "properties": { "lat": 46.1, "lng": -88.4 }, "geometry": { "type": "Polygon", "coordinates": [ [ [ -88.45, 46.15 ], [ -88.35, 46.15 ], [ -88.35, 46.05 ], [ -88.45, 46.05 ], [ -88.45, 46.15 ] ] ] } },
{ "type": "Feature", "properties": { "lat": 46.1, "lng": -88.3 }, "geometry": { "type": "Polygon", "coordinates": [ [ [ -88.35, 46.15 ], [ -88.25, 46.15 ], [ -88.25, 46.05 ], [ -88.35, 46.05 ], [ -88.35, 46.15 ] ] ] } },
{ "type": "Feature", "properties": { "lat": 46.1, "lng": -88.2 }, "geometry": { "type": "Polygon", "coordinates": [ [ [ -88.25, 46.15 ], [ -88.15, 46.15 ], [ -88.15, 46.05 ], [ -88.25, 46.05 ], [ -88.25, 46.15 ] ] ] } },
{ "type": "Feature", "properties": { "lat": 46.1, "lng": -88.1 }, "geometry": { "type": "Polygon", "coordinates": [ [ [ -88.15, 46.15 ], [ -88.05, 46.15 ], [ -88.05, 46.05 ], [ -88.15, 46.05 ], [ -88.15, 46.15 ] ] ] } },
{ "type": "Feature", "properties": { "lat": 46.1, "lng": -88.0 }, "geometry": { "type": "Polygon", "coordinates": [ [ [ -88.05, 46.15 ], [ -87.95, 46.15 ], [ -87.95, 46.05 ], [ -88.05, 46.05 ], [ -88.05, 46.15 ] ] ] } },
{ "type": "Feature", "properties": { "lat": 46.1, "lng": -87.9 }, "geometry": { "type": "Polygon", "coordinates": [ [ [ -87.95, 46.15 ], [ -87.85, 46.15 ], [ -87.85, 46.05 ], [ -87.95, 46.05 ], [ -87.95, 46.15 ] ] ] } },
{ "type": "Feature", "properties": { "lat": 46.1, "lng": -87.8 }, "geometry": { "type": "Polygon", "coordinates": [ [ [ -87.85, 46.15 ], [ -87.75, 46.15 ], [ -87.75, 46.05 ], [ -87.85, 46.05 ], [ -87.85, 46.15 ] ] ] } },
{ "type": "Feature", "properties": { "lat": 46.1, "lng": -87.7 }, "geometry": { "type": "Polygon", "coordinates": [ [ [ -87.75, 46.15 ], [ -87.65, 46.15 ], [ -87.65, 46.05 ], [ -87.75, 46.05 ], [ -87.75, 46.15 ] ] ] } },
{ "type": "Feature", "properties": { "lat": 46.1, "lng": -87.6 }, "geometry": { "type": "Polygon", "coordinates": [ [ [ -87.65, 46.15 ], [ -87.55, 46.15 ], [ -87.55, 46.05 ], [ -87.65, 46.05 ], [ -87.65, 46.15 ] ] ] } },
{ "type": "Feature", "properties": { "lat": 46.1, "lng": -87.5 }, "geometry": { "type": "Polygon", "coordinates": [ [ [ -87.55, 46.15 ], [ -87.45, 46.15 ], [ -87.45, 46.05 ], [ -87.55, 46.05 ], [ -87.55, 46.15 ] ] ] } },
{ "type": "Feature", "properties": { "lat": 46.1, "lng": -87.4 }, "geometry": { "type": "Polygon", "coordinates": [ [ [ -87.45, 46.15 ], [ -87.35, 46.15 ], [ -87.35, 46.05 ], [ -87.45, 46.05 ], [ -87.45, 46.15 ] ] ] } },
{ "type": "Feature", "properties": { "lat": 46.1, "lng": -87.3 }, "geometry": { "type": "Polygon", "coordinates": [ [ [ -87.35, 46.15 ], [ -87.25, 46.15 ], [ -87.25, 46.05 ], [ -87.35, 46.05 ], [ -87.35, 46.15 ] ] ] } },
{ "type": "Feature", "properties": { "lat": 46.1, "lng": -87.2 }, "geometry": { "type": "Polygon", "coordinates": [ [ [ -87.25, 46.15 ], [ -87.15, 46.15 ], [ -87.15, 46.05 ], [ -87.25, 46.05 ], [ -87.25, 46.15 ] ] ] } },
{ "type": "Feature", "properties": { "lat": 46.1, "lng": -87.1 }, "geometry": { "type": "Polygon", "coordinates": [ [ [ -87.15, 46.15 ], [ -87.05, 46.15 ], [ -87.05, 46.05 ], [ -87.15, 46.05 ], [ -87.15, 46.15 ] ] ] } },
{ "type": "Feature", "properties": { "lat": 46.1, "lng": -87.0 }, "geometry": { "type": "Polygon", "coordinates": [ [ [ -87.05, 46.15 ], [ -86.95, 46.15 ], [ -86.95, 46.05 ], [ -87.05, 46.05 ], [ -87.05, 46.15 ] ] ] } },
{ "type": "Feature", "properties": { "lat": 46.1, "lng": -86.9 }, "geometry": { "type": "Polygon", "coordinates": [ [ [ -86.95, 46.15 ], [ -86.85, 46.15 ], [ -86.85, 46.05 ], [ -86.95, 46.05 ], [ -86.95, 46.15 ] ] ] } },
{ "type": "Feature", "properties": { "lat": 46.1, "lng": -86.8 }, "geometry": { "type": "Polygon", "coordinates": [ [ [ -86.85, 46.15 ], [ -86.75, 46.15 ], [ -86.75, 46.05 ], [ -86.85, 46.05 ], [ -86.85, 46.15 ] ] ] } },
{ "type": "Feature", "properties": { "lat": 46.2, "lng": -93.0 }, "geometry": { "type": "Polygon", "coordinates": [ [ [ -93.05, 46.25 ], [ -92.95, 46.25 ], [ -92.95, 46.15 ], [ -93.05, 46.15 ], [ -93.05, 46.25 ] ] ] } },
{ "type": "Feature", "properties": { "lat": 46.2, "lng": -92.9 }, "geometry": { "type": "Polygon", "coordinates": [ [ [ -92.95, 46.25 ], [ -92.85, 46.25 ], [ -92.85, 46.15 ], [ -92.95, 46.15 ], [ -92.95, 46.25 ] ] ] } },
{ "type": "Feature", "properties": { "lat": 46.2, "lng": -92.8 }, "geometry": { "type": "Polygon", "coordinates": [ [ [ -92.85, 46.25 ], [ -92.75, 46.25 ], [ -92.75, 46.15 ], [ -92.85, 46.15 ], [ -92.85, 46.25 ] ] ] } },
{ "type": "Feature", "properties": { "lat": 46.2, "lng": -92.7 }, "geometry": { "type": "Polygon", "coordinates": [ [ [ -92.75, 46.25 ], [ -92.65, 46.25 ], [ -92.65, 46.15 ], [ -92.75, 46.15 ], [ -92.75, 46.25 ] ] ] } },
{ "type": "Feature", "properties": { "lat": 46.2, "lng": -92.6 }, "geometry": { "type": "Polygon", "coordinates": [ [ [ -92.65, 46.25 ], [ -92.55, 46.25 ], [ -92.55, 46.15 ], [ -92.65, 46.15 ], [ -92.65, 46.25 ] ] ] } },
{ "type": "Feature", "properties": { "lat": 46.2, "lng": -92.5 }, "geometry": { "type": "Polygon", "coordinates": [ [ [ -92.55, 46.25 ], [ -92.45, 46.25 ], [ -92.45, 46.15 ], [ -92.55, 46.15 ], [ -92.55, 46.25 ] ] ] } },
{ "type": "Feature", "properties": { "lat": 46.2, "lng": -92.4 }, "geometry": { "type": "Polygon", "coordinates": [ [ [ -92.45, 46.25 ], [ -92.35, 46.25 ], [ -92.35, 46.15 ], [ -92.45, 46.15 ], [ -92.45, 46.25 ] ] ] } },
{ "type": "Feature", "properties": { "lat": 46.2, "lng": -92.3 }, "geometry": { "type": "Polygon", "coordinates": [ [ [ -92.35, 46.25 ], [ -92.25, 46.25 ], [ -92.25, 46.15 ], [ -92.35, 46.15 ], [ -92.35, 46.25 ] ] ] } },
{ "type": "Feature", "properties": { "lat": 46.2, "lng": -92.2 }, "geometry": { "type": "Polygon", "coordinates": [ [ [ -92.25, 46.25 ], [ -92.15, 46.25 ], [ -92.15, 46.15 ], [ -92.25, 46.15 ], [ -92.25, 46.25 ] ] ] } },
{ "type": "Feature", "properties": { "lat": 46.2, "lng": -92.1 }, "geometry": { "type": "Polygon", "coordinates": [ [ [ -92.15, 46.25 ], [ -92.05, 46.25 ], [ -92.05, 46.15 ], [ -92.15, 46.15 ], [ -92.15, 46.25 ] ] ] } },
{ "type": "Feature", "properties": { "lat": 46.2, "lng": -92.0 }, "geometry": { "type": "Polygon", "coordinates": [ [ [ -92.05, 46.25 ], [ -91.95, 46.25 ], [ -91.95, 46.15 ], [ -92.05, 46.15 ], [ -92.05, 46.25 ] ] ] } },
{ "type": "Feature", "properties": { "lat": 46.2, "lng": -91.9 }, "geometry": { "type": "Polygon", "coordinates": [ [ [ -91.95, 46.25 ], [ -91.85, 46.25 ], [ -91.85, 46.15 ], [ -91.95, 46.15 ], [ -91.95, 46.25 ] ] ] } },
{ "type": "Feature", "properties": { "lat": 46.2, "lng": -91.8 }, "geometry": { "type": "Polygon", "coordinates": [ [ [ -91.85, 46.25 ], [ -91.75, 46.25 ], [ -91.75, 46.15 ], [ -91.85, 46.15 ], [ -91.85, 46.25 ] ] ] } },
{ "type": "Feature", "properties": { "lat": 46.2, "lng": -91.7 }, "geometry": { "type": "Polygon", "coordinates": [ [ [ -91.75, 46.25 ], [ -91.65, 46.25 ], [ -91.65, 46.15 ], [ -91.75, 46.15 ], [ -91.75, 46.25 ] ] ] } },
{ "type": "Feature", "properties": { "lat": 46.2, "lng": -91.6 }, "geometry": { "type": "Polygon", "coordinates": [ [ [ -91.65, 46.25 ], [ -91.55, 46.25 ], [ -91.55, 46.15 ], [ -91.65, 46.15 ], [ -91.65, 46.25 ] ] ] } },
{ "type": "Feature", "properties": { "lat": 46.2, "lng": -91.5 }, "geometry": { "type": "Polygon", "coordinates": [ [ [ -91.55, 46.25 ], [ -91.45, 46.25 ], [ -91.45, 46.15 ], [ -91.55, 46.15 ], [ -91.55, 46.25 ] ] ] } },
{ "type": "Feature", "properties": { "lat": 46.2, "lng": -91.4 }, "geometry": { "type": "Polygon", "coordinates": [ [ [ -91.45, 46.25 ], [ -91.35, 46.25 ], [ -91.35, 46.15 ], [ -91.45, 46.15 ], [ -91.45, 46.25 ] ] ] } },
{ "type": "Feature", "properties": { "lat": 46.2, "lng": -91.3 }, "geometry": { "type": "Polygon", "coordinates": [ [ [ -91.35, 46.25 ], [ -91.25, 46.25 ], [ -91.25, 46.15 ], [ -91.35, 46.15 ], [ -91.35, 46.25 ] ] ] } },
{ "type": "Feature", "properties": { "lat": 46.2, "lng": -91.2 }, "geometry": { "type": "Polygon", "coordinates": [ [ [ -91.25, 46.25 ], [ -91.15, 46.25 ], [ -91.15, 46.15 ], [ -91.25, 46.15 ], [ -91.25, 46.25 ] ] ] } },
{ "type": "Feature", "properties": { "lat": 46.2, "lng": -91.1 }, "geometry": { "type": "Polygon", "coordinates": [ [ [ -91.15, 46.25 ], [ -91.05, 46.25 ], [ -91.05, 46.15 ], [ -91.15, 46.15 ], [ -91.15, 46.25 ] ] ] } },
{ "type": "Feature", "properties": { "lat": 46.2, "lng": -91.0 }, "geometry": { "type": "Polygon", "coordinates": [ [ [ -91.05, 46.25 ], [ -90.95, 46.25 ], [ -90.95, 46.15 ], [ -91.05, 46.15 ], [ -91.05, 46.25 ] ] ] } },
{ "type": "Feature", "properties": { "lat": 46.2, "lng": -90.9 }, "geometry": { "type": "Polygon", "coordinates": [ [ [ -90.95, 46.25 ], [ -90.85, 46.25 ], [ -90.85, 46.15 ], [ -90.95, 46.15 ], [ -90.95, 46.25 ] ] ] } },
{ "type": "Feature", "properties": { "lat": 46.2, "lng": -90.8 }, "geometry": { "type": "Polygon", "coordinates": [ [ [ -90.85, 46.25 ], [ -90.75, 46.25 ], [ -90.75, 46.15 ], [ -90.85, 46.15 ], [ -90.85, 46.25 ] ] ] } },
{ "type": "Feature", "properties": { "lat": 46.2, "lng": -90.7 }, "geometry": { "type": "Polygon", "coordinates": [ [ [ -90.75, 46.25 ], [ -90.65, 46.25 ], [ -90.65, 46.15 ], [ -90.75, 46.15 ], [ -90.75, 46.25 ] ] ] } },
{ "type": "Feature", "properties": { "lat": 46.2, "lng": -90.6 }, "geometry": { "type": "Polygon", "coordinates": [ [ [ -90.65, 46.25 ], [ -90.55, 46.25 ], [ -90.55, 46.15 ], [ -90.65, 46.15 ], [ -90.65, 46.25 ] ] ] } },
{ "type": "Feature", "properties": { "lat": 46.2, "lng": -90.5 }, "geometry": { "type": "Polygon", "coordinates": [ [ [ -90.55, 46.25 ], [ -90.45, 46.25 ], [ -90.45, 46.15 ], [ -90.55, 46.15 ], [ -90.55, 46.25 ] ] ] } },
{ "type": "Feature", "properties": { "lat": 46.2, "lng": -90.4 }, "geometry": { "type": "Polygon", "coordinates": [ [ [ -90.45, 46.25 ], [ -90.35, 46.25 ], [ -90.35, 46.15 ], [ -90.45, 46.15 ], [ -90.45, 46.25 ] ] ] } },
{ "type": "Feature", "properties": { "lat": 46.2, "lng": -90.3 }, "geometry": { "type": "Polygon", "coordinates": [ [ [ -90.35, 46.25 ], [ -90.25, 46.25 ], [ -90.25, 46.15 ], [ -90.35, 46.15 ], [ -90.35, 46.25 ] ] ] } },
{ "type": "Feature", "properties": { "lat": 46.2, "lng": -90.2 }, "geometry": { "type": "Polygon", "coordinates": [ [ [ -90.25, 46.25 ], [ -90.15, 46.25 ], [ -90.15, 46.15 ], [ -90.25, 46.15 ], [ -90.25, 46.25 ] ] ] } },
{ "type": "Feature", "properties": { "lat": 46.2, "lng": -90.1 }, "geometry": { "type": "Polygon", "coordinates": [ [ [ -90.15, 46.25 ], [ -90.05, 46.25 ], [ -90.05, 46.15 ], [ -90.15, 46.15 ], [ -90.15, 46.25 ] ] ] } },
{ "type": "Feature", "properties": { "lat": 46.2, "lng": -90.0 }, "geometry": { "type": "Polygon", "coordinates": [ [ [ -90.05, 46.25 ], [ -89.95, 46.25 ], [ -89.95, 46.15 ], [ -90.05, 46.15 ], [ -90.05, 46.25 ] ] ] } },
{ "type": "Feature", "properties": { "lat": 46.2, "lng": -89.9 }, "geometry": { "type": "Polygon", "coordinates": [ [ [ -89.95, 46.25 ], [ -89.85, 46.25 ], [ -89.85, 46.15 ], [ -89.95, 46.15 ], [ -89.95, 46.25 ] ] ] } },
{ "type": "Feature", "properties": { "lat": 46.2, "lng": -89.8 }, "geometry": { "type": "Polygon", "coordinates": [ [ [ -89.85, 46.25 ], [ -89.75, 46.25 ], [ -89.75, 46.15 ], [ -89.85, 46.15 ], [ -89.85, 46.25 ] ] ] } },
{ "type": "Feature", "properties": { "lat": 46.2, "lng": -89.7 }, "geometry": { "type": "Polygon", "coordinates": [ [ [ -89.75, 46.25 ], [ -89.65, 46.25 ], [ -89.65, 46.15 ], [ -89.75, 46.15 ], [ -89.75, 46.25 ] ] ] } },
{ "type": "Feature", "properties": { "lat": 46.2, "lng": -89.6 }, "geometry": { "type": "Polygon", "coordinates": [ [ [ -89.65, 46.25 ], [ -89.55, 46.25 ], [ -89.55, 46.15 ], [ -89.65, 46.15 ], [ -89.65, 46.25 ] ] ] } },
{ "type": "Feature", "properties": { "lat": 46.2, "lng": -89.5 }, "geometry": { "type": "Polygon", "coordinates": [ [ [ -89.55, 46.25 ], [ -89.45, 46.25 ], [ -89.45, 46.15 ], [ -89.55, 46.15 ], [ -89.55, 46.25 ] ] ] } },
{ "type": "Feature", "properties": { "lat": 46.2, "lng": -89.4 }, "geometry": { "type": "Polygon", "coordinates": [ [ [ -89.45, 46.25 ], [ -89.35, 46.25 ], [ -89.35, 46.15 ], [ -89.45, 46.15 ], [ -89.45, 46.25 ] ] ] } },
{ "type": "Feature", "properties": { "lat": 46.2, "lng": -89.3 }, "geometry": { "type": "Polygon", "coordinates": [ [ [ -89.35, 46.25 ], [ -89.25, 46.25 ], [ -89.25, 46.15 ], [ -89.35, 46.15 ], [ -89.35, 46.25 ] ] ] } },
{ "type": "Feature", "properties": { "lat": 46.2, "lng": -89.2 }, "geometry": { "type": "Polygon", "coordinates": [ [ [ -89.25, 46.25 ], [ -89.15, 46.25 ], [ -89.15, 46.15 ], [ -89.25, 46.15 ], [ -89.25, 46.25 ] ] ] } },
{ "type": "Feature", "properties": { "lat": 46.2, "lng": -89.1 }, "geometry": { "type": "Polygon", "coordinates": [ [ [ -89.15, 46.25 ], [ -89.05, 46.25 ], [ -89.05, 46.15 ], [ -89.15, 46.15 ], [ -89.15, 46.25 ] ] ] } },
{ "type": "Feature", "properties": { "lat": 46.2, "lng": -89.0 }, "geometry": { "type": "Polygon", "coordinates": [ [ [ -89.05, 46.25 ], [ -88.95, 46.25 ], [ -88.95, 46.15 ], [ -89.05, 46.15 ], [ -89.05, 46.25 ] ] ] } },
{ "type": "Feature", "properties": { "lat": 46.2, "lng": -88.9 }, "geometry": { "type": "Polygon", "coordinates": [ [ [ -88.95, 46.25 ], [ -88.85, 46.25 ], [ -88.85, 46.15 ], [ -88.95, 46.15 ], [ -88.95, 46.25 ] ] ] } },
{ "type": "Feature", "properties": { "lat": 46.2, "lng": -88.8 }, "geometry": { "type": "Polygon", "coordinates": [ [ [ -88.85, 46.25 ], [ -88.75, 46.25 ], [ -88.75, 46.15 ], [ -88.85, 46.15 ], [ -88.85, 46.25 ] ] ] } },
{ "type": "Feature", "properties": { "lat": 46.2, "lng": -88.7 }, "geometry": { "type": "Polygon", "coordinates": [ [ [ -88.75, 46.25 ], [ -88.65, 46.25 ], [ -88.65, 46.15 ], [ -88.75, 46.15 ], [ -88.75, 46.25 ] ] ] } },
{ "type": "Feature", "properties": { "lat": 46.2, "lng": -88.6 }, "geometry": { "type": "Polygon", "coordinates": [ [ [ -88.65, 46.25 ], [ -88.55, 46.25 ], [ -88.55, 46.15 ], [ -88.65, 46.15 ], [ -88.65, 46.25 ] ] ] } },
{ "type": "Feature", "properties": { "lat": 46.2, "lng": -88.5 }, "geometry": { "type": "Polygon", "coordinates": [ [ [ -88.55, 46.25 ], [ -88.45, 46.25 ], [ -88.45, 46.15 ], [ -88.55, 46.15 ], [ -88.55, 46.25 ] ] ] } },
{ "type": "Feature", "properties": { "lat": 46.2, "lng": -88.4 }, "geometry": { "type": "Polygon", "coordinates": [ [ [ -88.45, 46.25 ], [ -88.35, 46.25 ], [ -88.35, 46.15 ], [ -88.45, 46.15 ], [ -88.45, 46.25 ] ] ] } },
{ "type": "Feature", "properties": { "lat": 46.2, "lng": -88.3 }, "geometry": { "type": "Polygon", "coordinates": [ [ [ -88.35, 46.25 ], [ -88.25, 46.25 ], [ -88.25, 46.15 ], [ -88.35, 46.15 ], [ -88.35, 46.25 ] ] ] } },
{ "type": "Feature", "properties": { "lat": 46.2, "lng": -88.2 }, "geometry": { "type": "Polygon", "coordinates": [ [ [ -88.25, 46.25 ], [ -88.15, 46.25 ], [ -88.15, 46.15 ], [ -88.25, 46.15 ], [ -88.25, 46.25 ] ] ] } },
{ "type": "Feature", "properties": { "lat": 46.2, "lng": -88.1 }, "geometry": { "type": "Polygon", "coordinates": [ [ [ -88.15, 46.25 ], [ -88.05, 46.25 ], [ -88.05, 46.15 ], [ -88.15, 46.15 ], [ -88.15, 46.25 ] ] ] } },
{ "type": "Feature", "properties": { "lat": 46.2, "lng": -88.0 }, "geometry": { "type": "Polygon", "coordinates": [ [ [ -88.05, 46.25 ], [ -87.95, 46.25 ], [ -87.95, 46.15 ], [ -88.05, 46.15 ], [ -88.05, 46.25 ] ] ] } },
{ "type": "Feature", "properties": { "lat": 46.2, "lng": -87.9 }, "geometry": { "type": "Polygon", "coordinates": [ [ [ -87.95, 46.25 ], [ -87.85, 46.25 ], [ -87.85, 46.15 ], [ -87.95, 46.15 ], [ -87.95, 46.25 ] ] ] } },
{ "type": "Feature", "properties": { "lat": 46.2, "lng": -87.8 }, "geometry": { "type": "Polygon", "coordinates": [ [ [ -87.85, 46.25 ], [ -87.75, 46.25 ], [ -87.75, 46.15 ], [ -87.85, 46.15 ], [ -87.85, 46.25 ] ] ] } },
{ "type": "Feature", "properties": { "lat": 46.2, "lng": -87.7 }, "geometry": { "type": "Polygon", "coordinates": [ [ [ -87.75, 46.25 ], [ -87.65, 46.25 ], [ -87.65, 46.15 ], [ -87.75, 46.15 ], [ -87.75, 46.25 ] ] ] } },
{ "type": "Feature", "properties": { "lat": 46.2, "lng": -87.6 }, "geometry": { "type": "Polygon", "coordinates": [ [ [ -87.65, 46.25 ], [ -87.55, 46.25 ], [ -87.55, 46.15 ], [ -87.65, 46.15 ], [ -87.65, 46.25 ] ] ] } },
{ "type": "Feature", "properties": { "lat": 46.2, "lng": -87.5 }, "geometry": { "type": "Polygon", "coordinates": [ [ [ -87.55, 46.25 ], [ -87.45, 46.25 ], [ -87.45, 46.15 ], [ -87.55, 46.15 ], [ -87.55, 46.25 ] ] ] } },
{ "type": "Feature", "properties": { "lat": 46.2, "lng": -87.4 }, "geometry": { "type": "Polygon", "coordinates": [ [ [ -87.45, 46.25 ], [ -87.35, 46.25 ], [ -87.35, 46.15 ], [ -87.45, 46.15 ], [ -87.45, 46.25 ] ] ] } },
{ "type": "Feature", "properties": { "lat": 46.2, "lng": -87.3 }, "geometry": { "type": "Polygon", "coordinates": [ [ [ -87.35, 46.25 ], [ -87.25, 46.25 ], [ -87.25, 46.15 ], [ -87.35, 46.15 ], [ -87.35, 46.25 ] ] ] } },
{ "type": "Feature", "properties": { "lat": 46.2, "lng": -87.2 }, "geometry": { "type": "Polygon", "coordinates": [ [ [ -87.25, 46.25 ], [ -87.15, 46.25 ], [ -87.15, 46.15 ], [ -87.25, 46.15 ], [ -87.25, 46.25 ] ] ] } },
{ "type": "Feature", "properties": { "lat": 46.2, "lng": -87.1 }, "geometry": { "type": "Polygon", "coordinates": [ [ [ -87.15, 46.25 ], [ -87.05, 46.25 ], [ -87.05, 46.15 ], [ -87.15, 46.15 ], [ -87.15, 46.25 ] ] ] } },
{ "type": "Feature", "properties": { "lat": 46.2, "lng": -87.0 }, "geometry": { "type": "Polygon", "coordinates": [ [ [ -87.05, 46.25 ], [ -86.95, 46.25 ], [ -86.95, 46.15 ], [ -87.05, 46.15 ], [ -87.05, 46.25 ] ] ] } },
{ "type": "Feature", "properties": { "lat": 46.2, "lng": -86.9 }, "geometry": { "type": "Polygon", "coordinates": [ [ [ -86.95, 46.25 ], [ -86.85, 46.25 ], [ -86.85, 46.15 ], [ -86.95, 46.15 ], [ -86.95, 46.25 ] ] ] } },
{ "type": "Feature", "properties": { "lat": 46.2, "lng": -86.8 }, "geometry": { "type": "Polygon", "coordinates": [ [ [ -86.85, 46.25 ], [ -86.75, 46.25 ], [ -86.75, 46.15 ], [ -86.85, 46.15 ], [ -86.85, 46.25 ] ] ] } },
{ "type": "Feature", "properties": { "lat": 46.3, "lng": -93.0 }, "geometry": { "type": "Polygon", "coordinates": [ [ [ -93.05, 46.35 ], [ -92.95, 46.35 ], [ -92.95, 46.25 ], [ -93.05, 46.25 ], [ -93.05, 46.35 ] ] ] } },
{ "type": "Feature", "properties": { "lat": 46.3, "lng": -92.9 }, "geometry": { "type": "Polygon", "coordinates": [ [ [ -92.95, 46.35 ], [ -92.85, 46.35 ], [ -92.85, 46.25 ], [ -92.95, 46.25 ], [ -92.95, 46.35 ] ] ] } },
{ "type": "Feature", "properties": { "lat": 46.3, "lng": -92.8 }, "geometry": { "type": "Polygon", "coordinates": [ [ [ -92.85, 46.35 ], [ -92.75, 46.35 ], [ -92.75, 46.25 ], [ -92.85, 46.25 ], [ -92.85, 46.35 ] ] ] } },
{ "type": "Feature", "properties": { "lat": 46.3, "lng": -92.7 }, "geometry": { "type": "Polygon", "coordinates": [ [ [ -92.75, 46.35 ], [ -92.65, 46.35 ], [ -92.65, 46.25 ], [ -92.75, 46.25 ], [ -92.75, 46.35 ] ] ] } },
{ "type": "Feature", "properties": { "lat": 46.3, "lng": -92.6 }, "geometry": { "type": "Polygon", "coordinates": [ [ [ -92.65, 46.35 ], [ -92.55, 46.35 ], [ -92.55, 46.25 ], [ -92.65, 46.25 ], [ -92.65, 46.35 ] ] ] } },
{ "type": "Feature", "properties": { "lat": 46.3, "lng": -92.5 }, "geometry": { "type": "Polygon", "coordinates": [ [ [ -92.55, 46.35 ], [ -92.45, 46.35 ], [ -92.45, 46.25 ], [ -92.55, 46.25 ], [ -92.55, 46.35 ] ] ] } },
{ "type": "Feature", "properties": { "lat": 46.3, "lng": -92.4 }, "geometry": { "type": "Polygon", "coordinates": [ [ [ -92.45, 46.35 ], [ -92.35, 46.35 ], [ -92.35, 46.25 ], [ -92.45, 46.25 ], [ -92.45, 46.35 ] ] ] } },
{ "type": "Feature", "properties": { "lat": 46.3, "lng": -92.3 }, "geometry": { "type": "Polygon", "coordinates": [ [ [ -92.35, 46.35 ], [ -92.25, 46.35 ], [ -92.25, 46.25 ], [ -92.35, 46.25 ], [ -92.35, 46.35 ] ] ] } },
{ "type": "Feature", "properties": { "lat": 46.3, "lng": -92.2 }, "geometry": { "type": "Polygon", "coordinates": [ [ [ -92.25, 46.35 ], [ -92.15, 46.35 ], [ -92.15, 46.25 ], [ -92.25, 46.25 ], [ -92.25, 46.35 ] ] ] } },
{ "type": "Feature", "properties": { "lat": 46.3, "lng": -92.1 }, "geometry": { "type": "Polygon", "coordinates": [ [ [ -92.15, 46.35 ], [ -92.05, 46.35 ], [ -92.05, 46.25 ], [ -92.15, 46.25 ], [ -92.15, 46.35 ] ] ] } },
{ "type": "Feature", "properties": { "lat": 46.3, "lng": -92.0 }, "geometry": { "type": "Polygon", "coordinates": [ [ [ -92.05, 46.35 ], [ -91.95, 46.35 ], [ -91.95, 46.25 ], [ -92.05, 46.25 ], [ -92.05, 46.35 ] ] ] } },
{ "type": "Feature", "properties": { "lat": 46.3, "lng": -91.9 }, "geometry": { "type": "Polygon", "coordinates": [ [ [ -91.95, 46.35 ], [ -91.85, 46.35 ], [ -91.85, 46.25 ], [ -91.95, 46.25 ], [ -91.95, 46.35 ] ] ] } },
{ "type": "Feature", "properties": { "lat": 46.3, "lng": -91.8 }, "geometry": { "type": "Polygon", "coordinates": [ [ [ -91.85, 46.35 ], [ -91.75, 46.35 ], [ -91.75, 46.25 ], [ -91.85, 46.25 ], [ -91.85, 46.35 ] ] ] } },
{ "type": "Feature", "properties": { "lat": 46.3, "lng": -91.7 }, "geometry": { "type": "Polygon", "coordinates": [ [ [ -91.75, 46.35 ], [ -91.65, 46.35 ], [ -91.65, 46.25 ], [ -91.75, 46.25 ], [ -91.75, 46.35 ] ] ] } },
{ "type": "Feature", "properties": { "lat": 46.3, "lng": -91.6 }, "geometry": { "type": "Polygon", "coordinates": [ [ [ -91.65, 46.35 ], [ -91.55, 46.35 ], [ -91.55, 46.25 ], [ -91.65, 46.25 ], [ -91.65, 46.35 ] ] ] } },
{ "type": "Feature", "properties": { "lat": 46.3, "lng": -91.5 }, "geometry": { "type": "Polygon", "coordinates": [ [ [ -91.55, 46.35 ], [ -91.45, 46.35 ], [ -91.45, 46.25 ], [ -91.55, 46.25 ], [ -91.55, 46.35 ] ] ] } },
{ "type": "Feature", "properties": { "lat": 46.3, "lng": -91.4 }, "geometry": { "type": "Polygon", "coordinates": [ [ [ -91.45, 46.35 ], [ -91.35, 46.35 ], [ -91.35, 46.25 ], [ -91.45, 46.25 ], [ -91.45, 46.35 ] ] ] } },
{ "type": "Feature", "properties": { "lat": 46.3, "lng": -91.3 }, "geometry": { "type": "Polygon", "coordinates": [ [ [ -91.35, 46.35 ], [ -91.25, 46.35 ], [ -91.25, 46.25 ], [ -91.35, 46.25 ], [ -91.35, 46.35 ] ] ] } },
{ "type": "Feature", "properties": { "lat": 46.3, "lng": -91.2 }, "geometry": { "type": "Polygon", "coordinates": [ [ [ -91.25, 46.35 ], [ -91.15, 46.35 ], [ -91.15, 46.25 ], [ -91.25, 46.25 ], [ -91.25, 46.35 ] ] ] } },
{ "type": "Feature", "properties": { "lat": 46.3, "lng": -91.1 }, "geometry": { "type": "Polygon", "coordinates": [ [ [ -91.15, 46.35 ], [ -91.05, 46.35 ], [ -91.05, 46.25 ], [ -91.15, 46.25 ], [ -91.15, 46.35 ] ] ] } },
{ "type": "Feature", "properties": { "lat": 46.3, "lng": -91.0 }, "geometry": { "type": "Polygon", "coordinates": [ [ [ -91.05, 46.35 ], [ -90.95, 46.35 ], [ -90.95, 46.25 ], [ -91.05, 46.25 ], [ -91.05, 46.35 ] ] ] } },
{ "type": "Feature", "properties": { "lat": 46.3, "lng": -90.9 }, "geometry": { "type": "Polygon", "coordinates": [ [ [ -90.95, 46.35 ], [ -90.85, 46.35 ], [ -90.85, 46.25 ], [ -90.95, 46.25 ], [ -90.95, 46.35 ] ] ] } },
{ "type": "Feature", "properties": { "lat": 46.3, "lng": -90.8 }, "geometry": { "type": "Polygon", "coordinates": [ [ [ -90.85, 46.35 ], [ -90.75, 46.35 ], [ -90.75, 46.25 ], [ -90.85, 46.25 ], [ -90.85, 46.35 ] ] ] } },
{ "type": "Feature", "properties": { "lat": 46.3, "lng": -90.7 }, "geometry": { "type": "Polygon", "coordinates": [ [ [ -90.75, 46.35 ], [ -90.65, 46.35 ], [ -90.65, 46.25 ], [ -90.75, 46.25 ], [ -90.75, 46.35 ] ] ] } },
{ "type": "Feature", "properties": { "lat": 46.3, "lng": -90.6 }, "geometry": { "type": "Polygon", "coordinates": [ [ [ -90.65, 46.35 ], [ -90.55, 46.35 ], [ -90.55, 46.25 ], [ -90.65, 46.25 ], [ -90.65, 46.35 ] ] ] } },
{ "type": "Feature", "properties": { "lat": 46.3, "lng": -90.5 }, "geometry": { "type": "Polygon", "coordinates": [ [ [ -90.55, 46.35 ], [ -90.45, 46.35 ], [ -90.45, 46.25 ], [ -90.55, 46.25 ], [ -90.55, 46.35 ] ] ] } },
{ "type": "Feature", "properties": { "lat": 46.3, "lng": -90.4 }, "geometry": { "type": "Polygon", "coordinates": [ [ [ -90.45, 46.35 ], [ -90.35, 46.35 ], [ -90.35, 46.25 ], [ -90.45, 46.25 ], [ -90.45, 46.35 ] ] ] } },
{ "type": "Feature", "properties": { "lat": 46.3, "lng": -90.3 }, "geometry": { "type": "Polygon", "coordinates": [ [ [ -90.35, 46.35 ], [ -90.25, 46.35 ], [ -90.25, 46.25 ], [ -90.35, 46.25 ], [ -90.35, 46.35 ] ] ] } },
{ "type": "Feature", "properties": { "lat": 46.3, "lng": -90.2 }, "geometry": { "type": "Polygon", "coordinates": [ [ [ -90.25, 46.35 ], [ -90.15, 46.35 ], [ -90.15, 46.25 ], [ -90.25, 46.25 ], [ -90.25, 46.35 ] ] ] } },
{ "type": "Feature", "properties": { "lat": 46.3, "lng": -90.1 }, "geometry": { "type": "Polygon", "coordinates": [ [ [ -90.15, 46.35 ], [ -90.05, 46.35 ], [ -90.05, 46.25 ], [ -90.15, 46.25 ], [ -90.15, 46.35 ] ] ] } },
{ "type": "Feature", "properties": { "lat": 46.3, "lng": -90.0 }, "geometry": { "type": "Polygon", "coordinates": [ [ [ -90.05, 46.35 ], [ -89.95, 46.35 ], [ -89.95, 46.25 ], [ -90.05, 46.25 ], [ -90.05, 46.35 ] ] ] } },
{ "type": "Feature", "properties": { "lat": 46.3, "lng": -89.9 }, "geometry": { "type": "Polygon", "coordinates": [ [ [ -89.95, 46.35 ], [ -89.85, 46.35 ], [ -89.85, 46.25 ], [ -89.95, 46.25 ], [ -89.95, 46.35 ] ] ] } },
{ "type": "Feature", "properties": { "lat": 46.3, "lng": -89.8 }, "geometry": { "type": "Polygon", "coordinates": [ [ [ -89.85, 46.35 ], [ -89.75, 46.35 ], [ -89.75, 46.25 ], [ -89.85, 46.25 ], [ -89.85, 46.35 ] ] ] } },
{ "type": "Feature", "properties": { "lat": 46.3, "lng": -89.7 }, "geometry": { "type": "Polygon", "coordinates": [ [ [ -89.75, 46.35 ], [ -89.65, 46.35 ], [ -89.65, 46.25 ], [ -89.75, 46.25 ], [ -89.75, 46.35 ] ] ] } },
{ "type": "Feature", "properties": { "lat": 46.3, "lng": -89.6 }, "geometry": { "type": "Polygon", "coordinates": [ [ [ -89.65, 46.35 ], [ -89.55, 46.35 ], [ -89.55, 46.25 ], [ -89.65, 46.25 ], [ -89.65, 46.35 ] ] ] } },
{ "type": "Feature", "properties": { "lat": 46.3, "lng": -89.5 }, "geometry": { "type": "Polygon", "coordinates": [ [ [ -89.55, 46.35 ], [ -89.45, 46.35 ], [ -89.45, 46.25 ], [ -89.55, 46.25 ], [ -89.55, 46.35 ] ] ] } },
{ "type": "Feature", "properties": { "lat": 46.3, "lng": -89.4 }, "geometry": { "type": "Polygon", "coordinates": [ [ [ -89.45, 46.35 ], [ -89.35, 46.35 ], [ -89.35, 46.25 ], [ -89.45, 46.25 ], [ -89.45, 46.35 ] ] ] } },
{ "type": "Feature", "properties": { "lat": 46.3, "lng": -89.3 }, "geometry": { "type": "Polygon", "coordinates": [ [ [ -89.35, 46.35 ], [ -89.25, 46.35 ], [ -89.25, 46.25 ], [ -89.35, 46.25 ], [ -89.35, 46.35 ] ] ] } },
{ "type": "Feature", "properties": { "lat": 46.3, "lng": -89.2 }, "geometry": { "type": "Polygon", "coordinates": [ [ [ -89.25, 46.35 ], [ -89.15, 46.35 ], [ -89.15, 46.25 ], [ -89.25, 46.25 ], [ -89.25, 46.35 ] ] ] } },
{ "type": "Feature", "properties": { "lat": 46.3, "lng": -89.1 }, "geometry": { "type": "Polygon", "coordinates": [ [ [ -89.15, 46.35 ], [ -89.05, 46.35 ], [ -89.05, 46.25 ], [ -89.15, 46.25 ], [ -89.15, 46.35 ] ] ] } },
{ "type": "Feature", "properties": { "lat": 46.3, "lng": -89.0 }, "geometry": { "type": "Polygon", "coordinates": [ [ [ -89.05, 46.35 ], [ -88.95, 46.35 ], [ -88.95, 46.25 ], [ -89.05, 46.25 ], [ -89.05, 46.35 ] ] ] } },
{ "type": "Feature", "properties": { "lat": 46.3, "lng": -88.9 }, "geometry": { "type": "Polygon", "coordinates": [ [ [ -88.95, 46.35 ], [ -88.85, 46.35 ], [ -88.85, 46.25 ], [ -88.95, 46.25 ], [ -88.95, 46.35 ] ] ] } },
{ "type": "Feature", "properties": { "lat": 46.3, "lng": -88.8 }, "geometry": { "type": "Polygon", "coordinates": [ [ [ -88.85, 46.35 ], [ -88.75, 46.35 ], [ -88.75, 46.25 ], [ -88.85, 46.25 ], [ -88.85, 46.35 ] ] ] } },
{ "type": "Feature", "properties": { "lat": 46.3, "lng": -88.7 }, "geometry": { "type": "Polygon", "coordinates": [ [ [ -88.75, 46.35 ], [ -88.65, 46.35 ], [ -88.65, 46.25 ], [ -88.75, 46.25 ], [ -88.75, 46.35 ] ] ] } },
{ "type": "Feature", "properties": { "lat": 46.3, "lng": -88.6 }, "geometry": { "type": "Polygon", "coordinates": [ [ [ -88.65, 46.35 ], [ -88.55, 46.35 ], [ -88.55, 46.25 ], [ -88.65, 46.25 ], [ -88.65, 46.35 ] ] ] } },
{ "type": "Feature", "properties": { "lat": 46.3, "lng": -88.5 }, "geometry": { "type": "Polygon", "coordinates": [ [ [ -88.55, 46.35 ], [ -88.45, 46.35 ], [ -88.45, 46.25 ], [ -88.55, 46.25 ], [ -88.55, 46.35 ] ] ] } },
{ "type": "Feature", "properties": { "lat": 46.3, "lng": -88.4 }, "geometry": { "type": "Polygon", "coordinates": [ [ [ -88.45, 46.35 ], [ -88.35, 46.35 ], [ -88.35, 46.25 ], [ -88.45, 46.25 ], [ -88.45, 46.35 ] ] ] } },
{ "type": "Feature", "properties": { "lat": 46.3, "lng": -88.3 }, "geometry": { "type": "Polygon", "coordinates": [ [ [ -88.35, 46.35 ], [ -88.25, 46.35 ], [ -88.25, 46.25 ], [ -88.35, 46.25 ], [ -88.35, 46.35 ] ] ] } },
{ "type": "Feature", "properties": { "lat": 46.3, "lng": -88.2 }, "geometry": { "type": "Polygon", "coordinates": [ [ [ -88.25, 46.35 ], [ -88.15, 46.35 ], [ -88.15, 46.25 ], [ -88.25, 46.25 ], [ -88.25, 46.35 ] ] ] } },
{ "type": "Feature", "properties": { "lat": 46.3, "lng": -88.1 }, "geometry": { "type": "Polygon", "coordinates": [ [ [ -88.15, 46.35 ], [ -88.05, 46.35 ], [ -88.05, 46.25 ], [ -88.15, 46.25 ], [ -88.15, 46.35 ] ] ] } },
{ "type": "Feature", "properties": { "lat": 46.3, "lng": -88.0 }, "geometry": { "type": "Polygon", "coordinates": [ [ [ -88.05, 46.35 ], [ -87.95, 46.35 ], [ -87.95, 46.25 ], [ -88.05, 46.25 ], [ -88.05, 46.35 ] ] ] } },
{ "type": "Feature", "properties": { "lat": 46.3, "lng": -87.9 }, "geometry": { "type": "Polygon", "coordinates": [ [ [ -87.95, 46.35 ], [ -87.85, 46.35 ], [ -87.85, 46.25 ], [ -87.95, 46.25 ], [ -87.95, 46.35 ] ] ] } },
{ "type": "Feature", "properties": { "lat": 46.3, "lng": -87.8 }, "geometry": { "type": "Polygon", "coordinates": [ [ [ -87.85, 46.35 ], [ -87.75, 46.35 ], [ -87.75, 46.25 ], [ -87.85, 46.25 ], [ -87.85, 46.35 ] ] ] } },
{ "type": "Feature", "properties": { "lat": 46.3, "lng": -87.7 }, "geometry": { "type": "Polygon", "coordinates": [ [ [ -87.75, 46.35 ], [ -87.65, 46.35 ], [ -87.65, 46.25 ], [ -87.75, 46.25 ], [ -87.75, 46.35 ] ] ] } },
{ "type": "Feature", "properties": { "lat": 46.3, "lng": -87.6 }, "geometry": { "type": "Polygon", "coordinates": [ [ [ -87.65, 46.35 ], [ -87.55, 46.35 ], [ -87.55, 46.25 ], [ -87.65, 46.25 ], [ -87.65, 46.35 ] ] ] } },
{ "type": "Feature", "properties": { "lat": 46.3, "lng": -87.5 }, "geometry": { "type": "Polygon", "coordinates": [ [ [ -87.55, 46.35 ], [ -87.45, 46.35 ], [ -87.45, 46.25 ], [ -87.55, 46.25 ], [ -87.55, 46.35 ] ] ] } },
{ "type": "Feature", "properties": { "lat": 46.3, "lng": -87.4 }, "geometry": { "type": "Polygon", "coordinates": [ [ [ -87.45, 46.35 ], [ -87.35, 46.35 ], [ -87.35, 46.25 ], [ -87.45, 46.25 ], [ -87.45, 46.35 ] ] ] } },
{ "type": "Feature", "properties": { "lat": 46.3, "lng": -87.3 }, "geometry": { "type": "Polygon", "coordinates": [ [ [ -87.35, 46.35 ], [ -87.25, 46.35 ], [ -87.25, 46.25 ], [ -87.35, 46.25 ], [ -87.35, 46.35 ] ] ] } },
{ "type": "Feature", "properties": { "lat": 46.3, "lng": -87.2 }, "geometry": { "type": "Polygon", "coordinates": [ [ [ -87.25, 46.35 ], [ -87.15, 46.35 ], [ -87.15, 46.25 ], [ -87.25, 46.25 ], [ -87.25, 46.35 ] ] ] } },
{ "type": "Feature", "properties": { "lat": 46.3, "lng": -87.1 }, "geometry": { "type": "Polygon", "coordinates": [ [ [ -87.15, 46.35 ], [ -87.05, 46.35 ], [ -87.05, 46.25 ], [ -87.15, 46.25 ], [ -87.15, 46.35 ] ] ] } },
{ "type": "Feature", "properties": { "lat": 46.3, "lng": -87.0 }, "geometry": { "type": "Polygon", "coordinates": [ [ [ -87.05, 46.35 ], [ -86.95, 46.35 ], [ -86.95, 46.25 ], [ -87.05, 46.25 ], [ -87.05, 46.35 ] ] ] } },
{ "type": "Feature", "properties": { "lat": 46.3, "lng": -86.9 }, "geometry": { "type": "Polygon", "coordinates": [ [ [ -86.95, 46.35 ], [ -86.85, 46.35 ], [ -86.85, 46.25 ], [ -86.95, 46.25 ], [ -86.95, 46.35 ] ] ] } },
{ "type": "Feature", "properties": { "lat": 46.3, "lng": -86.8 }, "geometry": { "type": "Polygon", "coordinates": [ [ [ -86.85, 46.35 ], [ -86.75, 46.35 ], [ -86.75, 46.25 ], [ -86.85, 46.25 ], [ -86.85, 46.35 ] ] ] } },
{ "type": "Feature", "properties": { "lat": 46.4, "lng": -93.0 }, "geometry": { "type": "Polygon", "coordinates": [ [ [ -93.05, 46.45 ], [ -92.95, 46.45 ], [ -92.95, 46.35 ], [ -93.05, 46.35 ], [ -93.05, 46.45 ] ] ] } },
{ "type": "Feature", "properties": { "lat": 46.4, "lng": -92.9 }, "geometry": { "type": "Polygon", "coordinates": [ [ [ -92.95, 46.45 ], [ -92.85, 46.45 ], [ -92.85, 46.35 ], [ -92.95, 46.35 ], [ -92.95, 46.45 ] ] ] } },
{ "type": "Feature", "properties": { "lat": 46.4, "lng": -92.8 }, "geometry": { "type": "Polygon", "coordinates": [ [ [ -92.85, 46.45 ], [ -92.75, 46.45 ], [ -92.75, 46.35 ], [ -92.85, 46.35 ], [ -92.85, 46.45 ] ] ] } },
{ "type": "Feature", "properties": { "lat": 46.4, "lng": -92.7 }, "geometry": { "type": "Polygon", "coordinates": [ [ [ -92.75, 46.45 ], [ -92.65, 46.45 ], [ -92.65, 46.35 ], [ -92.75, 46.35 ], [ -92.75, 46.45 ] ] ] } },
{ "type": "Feature", "properties": { "lat": 46.4, "lng": -92.6 }, "geometry": { "type": "Polygon", "coordinates": [ [ [ -92.65, 46.45 ], [ -92.55, 46.45 ], [ -92.55, 46.35 ], [ -92.65, 46.35 ], [ -92.65, 46.45 ] ] ] } },
{ "type": "Feature", "properties": { "lat": 46.4, "lng": -92.5 }, "geometry": { "type": "Polygon", "coordinates": [ [ [ -92.55, 46.45 ], [ -92.45, 46.45 ], [ -92.45, 46.35 ], [ -92.55, 46.35 ], [ -92.55, 46.45 ] ] ] } },
{ "type": "Feature", "properties": { "lat": 46.4, "lng": -92.4 }, "geometry": { "type": "Polygon", "coordinates": [ [ [ -92.45, 46.45 ], [ -92.35, 46.45 ], [ -92.35, 46.35 ], [ -92.45, 46.35 ], [ -92.45, 46.45 ] ] ] } },
{ "type": "Feature", "properties": { "lat": 46.4, "lng": -92.3 }, "geometry": { "type": "Polygon", "coordinates": [ [ [ -92.35, 46.45 ], [ -92.25, 46.45 ], [ -92.25, 46.35 ], [ -92.35, 46.35 ], [ -92.35, 46.45 ] ] ] } },
{ "type": "Feature", "properties": { "lat": 46.4, "lng": -92.2 }, "geometry": { "type": "Polygon", "coordinates": [ [ [ -92.25, 46.45 ], [ -92.15, 46.45 ], [ -92.15, 46.35 ], [ -92.25, 46.35 ], [ -92.25, 46.45 ] ] ] } },
{ "type": "Feature", "properties": { "lat": 46.4, "lng": -92.1 }, "geometry": { "type": "Polygon", "coordinates": [ [ [ -92.15, 46.45 ], [ -92.05, 46.45 ], [ -92.05, 46.35 ], [ -92.15, 46.35 ], [ -92.15, 46.45 ] ] ] } },
{ "type": "Feature", "properties": { "lat": 46.4, "lng": -92.0 }, "geometry": { "type": "Polygon", "coordinates": [ [ [ -92.05, 46.45 ], [ -91.95, 46.45 ], [ -91.95, 46.35 ], [ -92.05, 46.35 ], [ -92.05, 46.45 ] ] ] } },
{ "type": "Feature", "properties": { "lat": 46.4, "lng": -91.9 }, "geometry": { "type": "Polygon", "coordinates": [ [ [ -91.95, 46.45 ], [ -91.85, 46.45 ], [ -91.85, 46.35 ], [ -91.95, 46.35 ], [ -91.95, 46.45 ] ] ] } },
{ "type": "Feature", "properties": { "lat": 46.4, "lng": -91.8 }, "geometry": { "type": "Polygon", "coordinates": [ [ [ -91.85, 46.45 ], [ -91.75, 46.45 ], [ -91.75, 46.35 ], [ -91.85, 46.35 ], [ -91.85, 46.45 ] ] ] } },
{ "type": "Feature", "properties": { "lat": 46.4, "lng": -91.7 }, "geometry": { "type": "Polygon", "coordinates": [ [ [ -91.75, 46.45 ], [ -91.65, 46.45 ], [ -91.65, 46.35 ], [ -91.75, 46.35 ], [ -91.75, 46.45 ] ] ] } },
{ "type": "Feature", "properties": { "lat": 46.4, "lng": -91.6 }, "geometry": { "type": "Polygon", "coordinates": [ [ [ -91.65, 46.45 ], [ -91.55, 46.45 ], [ -91.55, 46.35 ], [ -91.65, 46.35 ], [ -91.65, 46.45 ] ] ] } },
{ "type": "Feature", "properties": { "lat": 46.4, "lng": -91.5 }, "geometry": { "type": "Polygon", "coordinates": [ [ [ -91.55, 46.45 ], [ -91.45, 46.45 ], [ -91.45, 46.35 ], [ -91.55, 46.35 ], [ -91.55, 46.45 ] ] ] } },
{ "type": "Feature", "properties": { "lat": 46.4, "lng": -91.4 }, "geometry": { "type": "Polygon", "coordinates": [ [ [ -91.45, 46.45 ], [ -91.35, 46.45 ], [ -91.35, 46.35 ], [ -91.45, 46.35 ], [ -91.45, 46.45 ] ] ] } },
{ "type": "Feature", "properties": { "lat": 46.4, "lng": -91.3 }, "geometry": { "type": "Polygon", "coordinates": [ [ [ -91.35, 46.45 ], [ -91.25, 46.45 ], [ -91.25, 46.35 ], [ -91.35, 46.35 ], [ -91.35, 46.45 ] ] ] } },
{ "type": "Feature", "properties": { "lat": 46.4, "lng": -91.2 }, "geometry": { "type": "Polygon", "coordinates": [ [ [ -91.25, 46.45 ], [ -91.15, 46.45 ], [ -91.15, 46.35 ], [ -91.25, 46.35 ], [ -91.25, 46.45 ] ] ] } },
{ "type": "Feature", "properties": { "lat": 46.4, "lng": -91.1 }, "geometry": { "type": "Polygon", "coordinates": [ [ [ -91.15, 46.45 ], [ -91.05, 46.45 ], [ -91.05, 46.35 ], [ -91.15, 46.35 ], [ -91.15, 46.45 ] ] ] } },
{ "type": "Feature", "properties": { "lat": 46.4, "lng": -91.0 }, "geometry": { "type": "Polygon", "coordinates": [ [ [ -91.05, 46.45 ], [ -90.95, 46.45 ], [ -90.95, 46.35 ], [ -91.05, 46.35 ], [ -91.05, 46.45 ] ] ] } },
{ "type": "Feature", "properties": { "lat": 46.4, "lng": -90.9 }, "geometry": { "type": "Polygon", "coordinates": [ [ [ -90.95, 46.45 ], [ -90.85, 46.45 ], [ -90.85, 46.35 ], [ -90.95, 46.35 ], [ -90.95, 46.45 ] ] ] } },
{ "type": "Feature", "properties": { "lat": 46.4, "lng": -90.8 }, "geometry": { "type": "Polygon", "coordinates": [ [ [ -90.85, 46.45 ], [ -90.75, 46.45 ], [ -90.75, 46.35 ], [ -90.85, 46.35 ], [ -90.85, 46.45 ] ] ] } },
{ "type": "Feature", "properties": { "lat": 46.4, "lng": -90.7 }, "geometry": { "type": "Polygon", "coordinates": [ [ [ -90.75, 46.45 ], [ -90.65, 46.45 ], [ -90.65, 46.35 ], [ -90.75, 46.35 ], [ -90.75, 46.45 ] ] ] } },
{ "type": "Feature", "properties": { "lat": 46.4, "lng": -90.6 }, "geometry": { "type": "Polygon", "coordinates": [ [ [ -90.65, 46.45 ], [ -90.55, 46.45 ], [ -90.55, 46.35 ], [ -90.65, 46.35 ], [ -90.65, 46.45 ] ] ] } },
{ "type": "Feature", "properties": { "lat": 46.4, "lng": -90.5 }, "geometry": { "type": "Polygon", "coordinates": [ [ [ -90.55, 46.45 ], [ -90.45, 46.45 ], [ -90.45, 46.35 ], [ -90.55, 46.35 ], [ -90.55, 46.45 ] ] ] } },
{ "type": "Feature", "properties": { "lat": 46.4, "lng": -90.4 }, "geometry": { "type": "Polygon", "coordinates": [ [ [ -90.45, 46.45 ], [ -90.35, 46.45 ], [ -90.35, 46.35 ], [ -90.45, 46.35 ], [ -90.45, 46.45 ] ] ] } },
{ "type": "Feature", "properties": { "lat": 46.4, "lng": -90.3 }, "geometry": { "type": "Polygon", "coordinates": [ [ [ -90.35, 46.45 ], [ -90.25, 46.45 ], [ -90.25, 46.35 ], [ -90.35, 46.35 ], [ -90.35, 46.45 ] ] ] } },
{ "type": "Feature", "properties": { "lat": 46.4, "lng": -90.2 }, "geometry": { "type": "Polygon", "coordinates": [ [ [ -90.25, 46.45 ], [ -90.15, 46.45 ], [ -90.15, 46.35 ], [ -90.25, 46.35 ], [ -90.25, 46.45 ] ] ] } },
{ "type": "Feature", "properties": { "lat": 46.4, "lng": -90.1 }, "geometry": { "type": "Polygon", "coordinates": [ [ [ -90.15, 46.45 ], [ -90.05, 46.45 ], [ -90.05, 46.35 ], [ -90.15, 46.35 ], [ -90.15, 46.45 ] ] ] } },
{ "type": "Feature", "properties": { "lat": 46.4, "lng": -90.0 }, "geometry": { "type": "Polygon", "coordinates": [ [ [ -90.05, 46.45 ], [ -89.95, 46.45 ], [ -89.95, 46.35 ], [ -90.05, 46.35 ], [ -90.05, 46.45 ] ] ] } },
{ "type": "Feature", "properties": { "lat": 46.4, "lng": -89.9 }, "geometry": { "type": "Polygon", "coordinates": [ [ [ -89.95, 46.45 ], [ -89.85, 46.45 ], [ -89.85, 46.35 ], [ -89.95, 46.35 ], [ -89.95, 46.45 ] ] ] } },
{ "type": "Feature", "properties": { "lat": 46.4, "lng": -89.8 }, "geometry": { "type": "Polygon", "coordinates": [ [ [ -89.85, 46.45 ], [ -89.75, 46.45 ], [ -89.75, 46.35 ], [ -89.85, 46.35 ], [ -89.85, 46.45 ] ] ] } },
{ "type": "Feature", "properties": { "lat": 46.4, "lng": -89.7 }, "geometry": { "type": "Polygon", "coordinates": [ [ [ -89.75, 46.45 ], [ -89.65, 46.45 ], [ -89.65, 46.35 ], [ -89.75, 46.35 ], [ -89.75, 46.45 ] ] ] } },
{ "type": "Feature", "properties": { "lat": 46.4, "lng": -89.6 }, "geometry": { "type": "Polygon", "coordinates": [ [ [ -89.65, 46.45 ], [ -89.55, 46.45 ], [ -89.55, 46.35 ], [ -89.65, 46.35 ], [ -89.65, 46.45 ] ] ] } },
{ "type": "Feature", "properties": { "lat": 46.4, "lng": -89.5 }, "geometry": { "type": "Polygon", "coordinates": [ [ [ -89.55, 46.45 ], [ -89.45, 46.45 ], [ -89.45, 46.35 ], [ -89.55, 46.35 ], [ -89.55, 46.45 ] ] ] } },
{ "type": "Feature", "properties": { "lat": 46.4, "lng": -89.4 }, "geometry": { "type": "Polygon", "coordinates": [ [ [ -89.45, 46.45 ], [ -89.35, 46.45 ], [ -89.35, 46.35 ], [ -89.45, 46.35 ], [ -89.45, 46.45 ] ] ] } },
{ "type": "Feature", "properties": { "lat": 46.4, "lng": -89.3 }, "geometry": { "type": "Polygon", "coordinates": [ [ [ -89.35, 46.45 ], [ -89.25, 46.45 ], [ -89.25, 46.35 ], [ -89.35, 46.35 ], [ -89.35, 46.45 ] ] ] } },
{ "type": "Feature", "properties": { "lat": 46.4, "lng": -89.2 }, "geometry": { "type": "Polygon", "coordinates": [ [ [ -89.25, 46.45 ], [ -89.15, 46.45 ], [ -89.15, 46.35 ], [ -89.25, 46.35 ], [ -89.25, 46.45 ] ] ] } },
{ "type": "Feature", "properties": { "lat": 46.4, "lng": -89.1 }, "geometry": { "type": "Polygon", "coordinates": [ [ [ -89.15, 46.45 ], [ -89.05, 46.45 ], [ -89.05, 46.35 ], [ -89.15, 46.35 ], [ -89.15, 46.45 ] ] ] } },
{ "type": "Feature", "properties": { "lat": 46.4, "lng": -89.0 }, "geometry": { "type": "Polygon", "coordinates": [ [ [ -89.05, 46.45 ], [ -88.95, 46.45 ], [ -88.95, 46.35 ], [ -89.05, 46.35 ], [ -89.05, 46.45 ] ] ] } },
{ "type": "Feature", "properties": { "lat": 46.4, "lng": -88.9 }, "geometry": { "type": "Polygon", "coordinates": [ [ [ -88.95, 46.45 ], [ -88.85, 46.45 ], [ -88.85, 46.35 ], [ -88.95, 46.35 ], [ -88.95, 46.45 ] ] ] } },
{ "type": "Feature", "properties": { "lat": 46.4, "lng": -88.8 }, "geometry": { "type": "Polygon", "coordinates": [ [ [ -88.85, 46.45 ], [ -88.75, 46.45 ], [ -88.75, 46.35 ], [ -88.85, 46.35 ], [ -88.85, 46.45 ] ] ] } },
{ "type": "Feature", "properties": { "lat": 46.4, "lng": -88.7 }, "geometry": { "type": "Polygon", "coordinates": [ [ [ -88.75, 46.45 ], [ -88.65, 46.45 ], [ -88.65, 46.35 ], [ -88.75, 46.35 ], [ -88.75, 46.45 ] ] ] } },
{ "type": "Feature", "properties": { "lat": 46.4, "lng": -88.6 }, "geometry": { "type": "Polygon", "coordinates": [ [ [ -88.65, 46.45 ], [ -88.55, 46.45 ], [ -88.55, 46.35 ], [ -88.65, 46.35 ], [ -88.65, 46.45 ] ] ] } },
{ "type": "Feature", "properties": { "lat": 46.4, "lng": -88.5 }, "geometry": { "type": "Polygon", "coordinates": [ [ [ -88.55, 46.45 ], [ -88.45, 46.45 ], [ -88.45, 46.35 ], [ -88.55, 46.35 ], [ -88.55, 46.45 ] ] ] } },
{ "type": "Feature", "properties": { "lat": 46.4, "lng": -88.4 }, "geometry": { "type": "Polygon", "coordinates": [ [ [ -88.45, 46.45 ], [ -88.35, 46.45 ], [ -88.35, 46.35 ], [ -88.45, 46.35 ], [ -88.45, 46.45 ] ] ] } },
{ "type": "Feature", "properties": { "lat": 46.4, "lng": -88.3 }, "geometry": { "type": "Polygon", "coordinates": [ [ [ -88.35, 46.45 ], [ -88.25, 46.45 ], [ -88.25, 46.35 ], [ -88.35, 46.35 ], [ -88.35, 46.45 ] ] ] } },
{ "type": "Feature", "properties": { "lat": 46.4, "lng": -88.2 }, "geometry": { "type": "Polygon", "coordinates": [ [ [ -88.25, 46.45 ], [ -88.15, 46.45 ], [ -88.15, 46.35 ], [ -88.25, 46.35 ], [ -88.25, 46.45 ] ] ] } },
{ "type": "Feature", "properties": { "lat": 46.4, "lng": -88.1 }, "geometry": { "type": "Polygon", "coordinates": [ [ [ -88.15, 46.45 ], [ -88.05, 46.45 ], [ -88.05, 46.35 ], [ -88.15, 46.35 ], [ -88.15, 46.45 ] ] ] } },
{ "type": "Feature", "properties": { "lat": 46.4, "lng": -88.0 }, "geometry": { "type": "Polygon", "coordinates": [ [ [ -88.05, 46.45 ], [ -87.95, 46.45 ], [ -87.95, 46.35 ], [ -88.05, 46.35 ], [ -88.05, 46.45 ] ] ] } },
{ "type": "Feature", "properties": { "lat": 46.4, "lng": -87.9 }, "geometry": { "type": "Polygon", "coordinates": [ [ [ -87.95, 46.45 ], [ -87.85, 46.45 ], [ -87.85, 46.35 ], [ -87.95, 46.35 ], [ -87.95, 46.45 ] ] ] } },
{ "type": "Feature", "properties": { "lat": 46.4, "lng": -87.8 }, "geometry": { "type": "Polygon", "coordinates": [ [ [ -87.85, 46.45 ], [ -87.75, 46.45 ], [ -87.75, 46.35 ], [ -87.85, 46.35 ], [ -87.85, 46.45 ] ] ] } },
{ "type": "Feature", "properties": { "lat": 46.4, "lng": -87.7 }, "geometry": { "type": "Polygon", "coordinates": [ [ [ -87.75, 46.45 ], [ -87.65, 46.45 ], [ -87.65, 46.35 ], [ -87.75, 46.35 ], [ -87.75, 46.45 ] ] ] } },
{ "type": "Feature", "properties": { "lat": 46.4, "lng": -87.6 }, "geometry": { "type": "Polygon", "coordinates": [ [ [ -87.65, 46.45 ], [ -87.55, 46.45 ], [ -87.55, 46.35 ], [ -87.65, 46.35 ], [ -87.65, 46.45 ] ] ] } },
{ "type": "Feature", "properties": { "lat": 46.4, "lng": -87.5 }, "geometry": { "type": "Polygon", "coordinates": [ [ [ -87.55, 46.45 ], [ -87.45, 46.45 ], [ -87.45, 46.35 ], [ -87.55, 46.35 ], [ -87.55, 46.45 ] ] ] } },
{ "type": "Feature", "properties": { "lat": 46.4, "lng": -87.4 }, "geometry": { "type": "Polygon", "coordinates": [ [ [ -87.45, 46.45 ], [ -87.35, 46.45 ], [ -87.35, 46.35 ], [ -87.45, 46.35 ], [ -87.45, 46.45 ] ] ] } },
{ "type": "Feature", "properties": { "lat": 46.4, "lng": -87.3 }, "geometry": { "type": "Polygon", "coordinates": [ [ [ -87.35, 46.45 ], [ -87.25, 46.45 ], [ -87.25, 46.35 ], [ -87.35, 46.35 ], [ -87.35, 46.45 ] ] ] } },
{ "type": "Feature", "properties": { "lat": 46.4, "lng": -87.2 }, "geometry": { "type": "Polygon", "coordinates": [ [ [ -87.25, 46.45 ], [ -87.15, 46.45 ], [ -87.15, 46.35 ], [ -87.25, 46.35 ], [ -87.25, 46.45 ] ] ] } },
{ "type": "Feature", "properties": { "lat": 46.4, "lng": -87.1 }, "geometry": { "type": "Polygon", "coordinates": [ [ [ -87.15, 46.45 ], [ -87.05, 46.45 ], [ -87.05, 46.35 ], [ -87.15, 46.35 ], [ -87.15, 46.45 ] ] ] } },
{ "type": "Feature", "properties": { "lat": 46.4, "lng": -87.0 }, "geometry": { "type": "Polygon", "coordinates": [ [ [ -87.05, 46.45 ], [ -86.95, 46.45 ], [ -86.95, 46.35 ], [ -87.05, 46.35 ], [ -87.05, 46.45 ] ] ] } },
{ "type": "Feature", "properties": { "lat": 46.4, "lng": -86.9 }, "geometry": { "type": "Polygon", "coordinates": [ [ [ -86.95, 46.45 ], [ -86.85, 46.45 ], [ -86.85, 46.35 ], [ -86.95, 46.35 ], [ -86.95, 46.45 ] ] ] } },
{ "type": "Feature", "properties": { "lat": 46.4, "lng": -86.8 }, "geometry": { "type": "Polygon", "coordinates": [ [ [ -86.85, 46.45 ], [ -86.75, 46.45 ], [ -86.75, 46.35 ], [ -86.85, 46.35 ], [ -86.85, 46.45 ] ] ] } },
{ "type": "Feature", "properties": { "lat": 46.5, "lng": -93.0 }, "geometry": { "type": "Polygon", "coordinates": [ [ [ -93.05, 46.55 ], [ -92.95, 46.55 ], [ -92.95, 46.45 ], [ -93.05, 46.45 ], [ -93.05, 46.55 ] ] ] } },
{ "type": "Feature", "properties": { "lat": 46.5, "lng": -92.9 }, "geometry": { "type": "Polygon", "coordinates": [ [ [ -92.95, 46.55 ], [ -92.85, 46.55 ], [ -92.85, 46.45 ], [ -92.95, 46.45 ], [ -92.95, 46.55 ] ] ] } },
{ "type": "Feature", "properties": { "lat": 46.5, "lng": -92.8 }, "geometry": { "type": "Polygon", "coordinates": [ [ [ -92.85, 46.55 ], [ -92.75, 46.55 ], [ -92.75, 46.45 ], [ -92.85, 46.45 ], [ -92.85, 46.55 ] ] ] } },
{ "type": "Feature", "properties": { "lat": 46.5, "lng": -92.7 }, "geometry": { "type": "Polygon", "coordinates": [ [ [ -92.75, 46.55 ], [ -92.65, 46.55 ], [ -92.65, 46.45 ], [ -92.75, 46.45 ], [ -92.75, 46.55 ] ] ] } },
{ "type": "Feature", "properties": { "lat": 46.5, "lng": -92.6 }, "geometry": { "type": "Polygon", "coordinates": [ [ [ -92.65, 46.55 ], [ -92.55, 46.55 ], [ -92.55, 46.45 ], [ -92.65, 46.45 ], [ -92.65, 46.55 ] ] ] } },
{ "type": "Feature", "properties": { "lat": 46.5, "lng": -92.5 }, "geometry": { "type": "Polygon", "coordinates": [ [ [ -92.55, 46.55 ], [ -92.45, 46.55 ], [ -92.45, 46.45 ], [ -92.55, 46.45 ], [ -92.55, 46.55 ] ] ] } },
{ "type": "Feature", "properties": { "lat": 46.5, "lng": -92.4 }, "geometry": { "type": "Polygon", "coordinates": [ [ [ -92.45, 46.55 ], [ -92.35, 46.55 ], [ -92.35, 46.45 ], [ -92.45, 46.45 ], [ -92.45, 46.55 ] ] ] } },
{ "type": "Feature", "properties": { "lat": 46.5, "lng": -92.3 }, "geometry": { "type": "Polygon", "coordinates": [ [ [ -92.35, 46.55 ], [ -92.25, 46.55 ], [ -92.25, 46.45 ], [ -92.35, 46.45 ], [ -92.35, 46.55 ] ] ] } },
{ "type": "Feature", "properties": { "lat": 46.5, "lng": -92.2 }, "geometry": { "type": "Polygon", "coordinates": [ [ [ -92.25, 46.55 ], [ -92.15, 46.55 ], [ -92.15, 46.45 ], [ -92.25, 46.45 ], [ -92.25, 46.55 ] ] ] } },
{ "type": "Feature", "properties": { "lat": 46.5, "lng": -92.1 }, "geometry": { "type": "Polygon", "coordinates": [ [ [ -92.15, 46.55 ], [ -92.05, 46.55 ], [ -92.05, 46.45 ], [ -92.15, 46.45 ], [ -92.15, 46.55 ] ] ] } },
{ "type": "Feature", "properties": { "lat": 46.5, "lng": -92.0 }, "geometry": { "type": "Polygon", "coordinates": [ [ [ -92.05, 46.55 ], [ -91.95, 46.55 ], [ -91.95, 46.45 ], [ -92.05, 46.45 ], [ -92.05, 46.55 ] ] ] } },
{ "type": "Feature", "properties": { "lat": 46.5, "lng": -91.9 }, "geometry": { "type": "Polygon", "coordinates": [ [ [ -91.95, 46.55 ], [ -91.85, 46.55 ], [ -91.85, 46.45 ], [ -91.95, 46.45 ], [ -91.95, 46.55 ] ] ] } },
{ "type": "Feature", "properties": { "lat": 46.5, "lng": -91.8 }, "geometry": { "type": "Polygon", "coordinates": [ [ [ -91.85, 46.55 ], [ -91.75, 46.55 ], [ -91.75, 46.45 ], [ -91.85, 46.45 ], [ -91.85, 46.55 ] ] ] } },
{ "type": "Feature", "properties": { "lat": 46.5, "lng": -91.7 }, "geometry": { "type": "Polygon", "coordinates": [ [ [ -91.75, 46.55 ], [ -91.65, 46.55 ], [ -91.65, 46.45 ], [ -91.75, 46.45 ], [ -91.75, 46.55 ] ] ] } },
{ "type": "Feature", "properties": { "lat": 46.5, "lng": -91.6 }, "geometry": { "type": "Polygon", "coordinates": [ [ [ -91.65, 46.55 ], [ -91.55, 46.55 ], [ -91.55, 46.45 ], [ -91.65, 46.45 ], [ -91.65, 46.55 ] ] ] } },
{ "type": "Feature", "properties": { "lat": 46.5, "lng": -91.5 }, "geometry": { "type": "Polygon", "coordinates": [ [ [ -91.55, 46.55 ], [ -91.45, 46.55 ], [ -91.45, 46.45 ], [ -91.55, 46.45 ], [ -91.55, 46.55 ] ] ] } },
{ "type": "Feature", "properties": { "lat": 46.5, "lng": -91.4 }, "geometry": { "type": "Polygon", "coordinates": [ [ [ -91.45, 46.55 ], [ -91.35, 46.55 ], [ -91.35, 46.45 ], [ -91.45, 46.45 ], [ -91.45, 46.55 ] ] ] } },
{ "type": "Feature", "properties": { "lat": 46.5, "lng": -91.3 }, "geometry": { "type": "Polygon", "coordinates": [ [ [ -91.35, 46.55 ], [ -91.25, 46.55 ], [ -91.25, 46.45 ], [ -91.35, 46.45 ], [ -91.35, 46.55 ] ] ] } },
{ "type": "Feature", "properties": { "lat": 46.5, "lng": -91.2 }, "geometry": { "type": "Polygon", "coordinates": [ [ [ -91.25, 46.55 ], [ -91.15, 46.55 ], [ -91.15, 46.45 ], [ -91.25, 46.45 ], [ -91.25, 46.55 ] ] ] } },
{ "type": "Feature", "properties": { "lat": 46.5, "lng": -91.1 }, "geometry": { "type": "Polygon", "coordinates": [ [ [ -91.15, 46.55 ], [ -91.05, 46.55 ], [ -91.05, 46.45 ], [ -91.15, 46.45 ], [ -91.15, 46.55 ] ] ] } },
{ "type": "Feature", "properties": { "lat": 46.5, "lng": -91.0 }, "geometry": { "type": "Polygon", "coordinates": [ [ [ -91.05, 46.55 ], [ -90.95, 46.55 ], [ -90.95, 46.45 ], [ -91.05, 46.45 ], [ -91.05, 46.55 ] ] ] } },
{ "type": "Feature", "properties": { "lat": 46.5, "lng": -90.9 }, "geometry": { "type": "Polygon", "coordinates": [ [ [ -90.95, 46.55 ], [ -90.85, 46.55 ], [ -90.85, 46.45 ], [ -90.95, 46.45 ], [ -90.95, 46.55 ] ] ] } },
{ "type": "Feature", "properties": { "lat": 46.5, "lng": -90.8 }, "geometry": { "type": "Polygon", "coordinates": [ [ [ -90.85, 46.55 ], [ -90.75, 46.55 ], [ -90.75, 46.45 ], [ -90.85, 46.45 ], [ -90.85, 46.55 ] ] ] } },
{ "type": "Feature", "properties": { "lat": 46.5, "lng": -90.7 }, "geometry": { "type": "Polygon", "coordinates": [ [ [ -90.75, 46.55 ], [ -90.65, 46.55 ], [ -90.65, 46.45 ], [ -90.75, 46.45 ], [ -90.75, 46.55 ] ] ] } },
{ "type": "Feature", "properties": { "lat": 46.5, "lng": -90.6 }, "geometry": { "type": "Polygon", "coordinates": [ [ [ -90.65, 46.55 ], [ -90.55, 46.55 ], [ -90.55, 46.45 ], [ -90.65, 46.45 ], [ -90.65, 46.55 ] ] ] } },
{ "type": "Feature", "properties": { "lat": 46.5, "lng": -90.5 }, "geometry": { "type": "Polygon", "coordinates": [ [ [ -90.55, 46.55 ], [ -90.45, 46.55 ], [ -90.45, 46.45 ], [ -90.55, 46.45 ], [ -90.55, 46.55 ] ] ] } },
{ "type": "Feature", "properties": { "lat": 46.5, "lng": -90.4 }, "geometry": { "type": "Polygon", "coordinates": [ [ [ -90.45, 46.55 ], [ -90.35, 46.55 ], [ -90.35, 46.45 ], [ -90.45, 46.45 ], [ -90.45, 46.55 ] ] ] } },
{ "type": "Feature", "properties": { "lat": 46.5, "lng": -90.3 }, "geometry": { "type": "Polygon", "coordinates": [ [ [ -90.35, 46.55 ], [ -90.25, 46.55 ], [ -90.25, 46.45 ], [ -90.35, 46.45 ], [ -90.35, 46.55 ] ] ] } },
{ "type": "Feature", "properties": { "lat": 46.5, "lng": -90.2 }, "geometry": { "type": "Polygon", "coordinates": [ [ [ -90.25, 46.55 ], [ -90.15, 46.55 ], [ -90.15, 46.45 ], [ -90.25, 46.45 ], [ -90.25, 46.55 ] ] ] } },
{ "type": "Feature", "properties": { "lat": 46.5, "lng": -90.1 }, "geometry": { "type": "Polygon", "coordinates": [ [ [ -90.15, 46.55 ], [ -90.05, 46.55 ], [ -90.05, 46.45 ], [ -90.15, 46.45 ], [ -90.15, 46.55 ] ] ] } },
{ "type": "Feature", "properties": { "lat": 46.5, "lng": -90.0 }, "geometry": { "type": "Polygon", "coordinates": [ [ [ -90.05, 46.55 ], [ -89.95, 46.55 ], [ -89.95, 46.45 ], [ -90.05, 46.45 ], [ -90.05, 46.55 ] ] ] } },
{ "type": "Feature", "properties": { "lat": 46.5, "lng": -89.9 }, "geometry": { "type": "Polygon", "coordinates": [ [ [ -89.95, 46.55 ], [ -89.85, 46.55 ], [ -89.85, 46.45 ], [ -89.95, 46.45 ], [ -89.95, 46.55 ] ] ] } },
{ "type": "Feature", "properties": { "lat": 46.5, "lng": -89.8 }, "geometry": { "type": "Polygon", "coordinates": [ [ [ -89.85, 46.55 ], [ -89.75, 46.55 ], [ -89.75, 46.45 ], [ -89.85, 46.45 ], [ -89.85, 46.55 ] ] ] } },
{ "type": "Feature", "properties": { "lat": 46.5, "lng": -89.7 }, "geometry": { "type": "Polygon", "coordinates": [ [ [ -89.75, 46.55 ], [ -89.65, 46.55 ], [ -89.65, 46.45 ], [ -89.75, 46.45 ], [ -89.75, 46.55 ] ] ] } },
{ "type": "Feature", "properties": { "lat": 46.5, "lng": -89.6 }, "geometry": { "type": "Polygon", "coordinates": [ [ [ -89.65, 46.55 ], [ -89.55, 46.55 ], [ -89.55, 46.45 ], [ -89.65, 46.45 ], [ -89.65, 46.55 ] ] ] } },
{ "type": "Feature", "properties": { "lat": 46.5, "lng": -89.5 }, "geometry": { "type": "Polygon", "coordinates": [ [ [ -89.55, 46.55 ], [ -89.45, 46.55 ], [ -89.45, 46.45 ], [ -89.55, 46.45 ], [ -89.55, 46.55 ] ] ] } },
{ "type": "Feature", "properties": { "lat": 46.5, "lng": -89.4 }, "geometry": { "type": "Polygon", "coordinates": [ [ [ -89.45, 46.55 ], [ -89.35, 46.55 ], [ -89.35, 46.45 ], [ -89.45, 46.45 ], [ -89.45, 46.55 ] ] ] } },
{ "type": "Feature", "properties": { "lat": 46.5, "lng": -89.3 }, "geometry": { "type": "Polygon", "coordinates": [ [ [ -89.35, 46.55 ], [ -89.25, 46.55 ], [ -89.25, 46.45 ], [ -89.35, 46.45 ], [ -89.35, 46.55 ] ] ] } },
{ "type": "Feature", "properties": { "lat": 46.5, "lng": -89.2 }, "geometry": { "type": "Polygon", "coordinates": [ [ [ -89.25, 46.55 ], [ -89.15, 46.55 ], [ -89.15, 46.45 ], [ -89.25, 46.45 ], [ -89.25, 46.55 ] ] ] } },
{ "type": "Feature", "properties": { "lat": 46.5, "lng": -89.1 }, "geometry": { "type": "Polygon", "coordinates": [ [ [ -89.15, 46.55 ], [ -89.05, 46.55 ], [ -89.05, 46.45 ], [ -89.15, 46.45 ], [ -89.15, 46.55 ] ] ] } },
{ "type": "Feature", "properties": { "lat": 46.5, "lng": -89.0 }, "geometry": { "type": "Polygon", "coordinates": [ [ [ -89.05, 46.55 ], [ -88.95, 46.55 ], [ -88.95, 46.45 ], [ -89.05, 46.45 ], [ -89.05, 46.55 ] ] ] } },
{ "type": "Feature", "properties": { "lat": 46.5, "lng": -88.9 }, "geometry": { "type": "Polygon", "coordinates": [ [ [ -88.95, 46.55 ], [ -88.85, 46.55 ], [ -88.85, 46.45 ], [ -88.95, 46.45 ], [ -88.95, 46.55 ] ] ] } },
{ "type": "Feature", "properties": { "lat": 46.5, "lng": -88.8 }, "geometry": { "type": "Polygon", "coordinates": [ [ [ -88.85, 46.55 ], [ -88.75, 46.55 ], [ -88.75, 46.45 ], [ -88.85, 46.45 ], [ -88.85, 46.55 ] ] ] } },
{ "type": "Feature", "properties": { "lat": 46.5, "lng": -88.7 }, "geometry": { "type": "Polygon", "coordinates": [ [ [ -88.75, 46.55 ], [ -88.65, 46.55 ], [ -88.65, 46.45 ], [ -88.75, 46.45 ], [ -88.75, 46.55 ] ] ] } },
{ "type": "Feature", "properties": { "lat": 46.5, "lng": -88.6 }, "geometry": { "type": "Polygon", "coordinates": [ [ [ -88.65, 46.55 ], [ -88.55, 46.55 ], [ -88.55, 46.45 ], [ -88.65, 46.45 ], [ -88.65, 46.55 ] ] ] } },
{ "type": "Feature", "properties": { "lat": 46.5, "lng": -88.5 }, "geometry": { "type": "Polygon", "coordinates": [ [ [ -88.55, 46.55 ], [ -88.45, 46.55 ], [ -88.45, 46.45 ], [ -88.55, 46.45 ], [ -88.55, 46.55 ] ] ] } },
{ "type": "Feature", "properties": { "lat": 46.5, "lng": -88.4 }, "geometry": { "type": "Polygon", "coordinates": [ [ [ -88.45, 46.55 ], [ -88.35, 46.55 ], [ -88.35, 46.45 ], [ -88.45, 46.45 ], [ -88.45, 46.55 ] ] ] } },
{ "type": "Feature", "properties": { "lat": 46.5, "lng": -88.3 }, "geometry": { "type": "Polygon", "coordinates": [ [ [ -88.35, 46.55 ], [ -88.25, 46.55 ], [ -88.25, 46.45 ], [ -88.35, 46.45 ], [ -88.35, 46.55 ] ] ] } },
{ "type": "Feature", "properties": { "lat": 46.5, "lng": -88.2 }, "geometry": { "type": "Polygon", "coordinates": [ [ [ -88.25, 46.55 ], [ -88.15, 46.55 ], [ -88.15, 46.45 ], [ -88.25, 46.45 ], [ -88.25, 46.55 ] ] ] } },
{ "type": "Feature", "properties": { "lat": 46.5, "lng": -88.1 }, "geometry": { "type": "Polygon", "coordinates": [ [ [ -88.15, 46.55 ], [ -88.05, 46.55 ], [ -88.05, 46.45 ], [ -88.15, 46.45 ], [ -88.15, 46.55 ] ] ] } },
{ "type": "Feature", "properties": { "lat": 46.5, "lng": -88.0 }, "geometry": { "type": "Polygon", "coordinates": [ [ [ -88.05, 46.55 ], [ -87.95, 46.55 ], [ -87.95, 46.45 ], [ -88.05, 46.45 ], [ -88.05, 46.55 ] ] ] } },
{ "type": "Feature", "properties": { "lat": 46.5, "lng": -87.9 }, "geometry": { "type": "Polygon", "coordinates": [ [ [ -87.95, 46.55 ], [ -87.85, 46.55 ], [ -87.85, 46.45 ], [ -87.95, 46.45 ], [ -87.95, 46.55 ] ] ] } },
{ "type": "Feature", "properties": { "lat": 46.5, "lng": -87.8 }, "geometry": { "type": "Polygon", "coordinates": [ [ [ -87.85, 46.55 ], [ -87.75, 46.55 ], [ -87.75, 46.45 ], [ -87.85, 46.45 ], [ -87.85, 46.55 ] ] ] } },
{ "type": "Feature", "properties": { "lat": 46.5, "lng": -87.7 }, "geometry": { "type": "Polygon", "coordinates": [ [ [ -87.75, 46.55 ], [ -87.65, 46.55 ], [ -87.65, 46.45 ], [ -87.75, 46.45 ], [ -87.75, 46.55 ] ] ] } },
{ "type": "Feature", "properties": { "lat": 46.5, "lng": -87.6 }, "geometry": { "type": "Polygon", "coordinates": [ [ [ -87.65, 46.55 ], [ -87.55, 46.55 ], [ -87.55, 46.45 ], [ -87.65, 46.45 ], [ -87.65, 46.55 ] ] ] } },
{ "type": "Feature", "properties": { "lat": 46.5, "lng": -87.5 }, "geometry": { "type": "Polygon", "coordinates": [ [ [ -87.55, 46.55 ], [ -87.45, 46.55 ], [ -87.45, 46.45 ], [ -87.55, 46.45 ], [ -87.55, 46.55 ] ] ] } },
{ "type": "Feature", "properties": { "lat": 46.5, "lng": -87.4 }, "geometry": { "type": "Polygon", "coordinates": [ [ [ -87.45, 46.55 ], [ -87.35, 46.55 ], [ -87.35, 46.45 ], [ -87.45, 46.45 ], [ -87.45, 46.55 ] ] ] } },
{ "type": "Feature", "properties": { "lat": 46.5, "lng": -87.3 }, "geometry": { "type": "Polygon", "coordinates": [ [ [ -87.35, 46.55 ], [ -87.25, 46.55 ], [ -87.25, 46.45 ], [ -87.35, 46.45 ], [ -87.35, 46.55 ] ] ] } },
{ "type": "Feature", "properties": { "lat": 46.5, "lng": -87.2 }, "geometry": { "type": "Polygon", "coordinates": [ [ [ -87.25, 46.55 ], [ -87.15, 46.55 ], [ -87.15, 46.45 ], [ -87.25, 46.45 ], [ -87.25, 46.55 ] ] ] } },
{ "type": "Feature", "properties": { "lat": 46.5, "lng": -87.1 }, "geometry": { "type": "Polygon", "coordinates": [ [ [ -87.15, 46.55 ], [ -87.05, 46.55 ], [ -87.05, 46.45 ], [ -87.15, 46.45 ], [ -87.15, 46.55 ] ] ] } },
{ "type": "Feature", "properties": { "lat": 46.5, "lng": -87.0 }, "geometry": { "type": "Polygon", "coordinates": [ [ [ -87.05, 46.55 ], [ -86.95, 46.55 ], [ -86.95, 46.45 ], [ -87.05, 46.45 ], [ -87.05, 46.55 ] ] ] } },
{ "type": "Feature", "properties": { "lat": 46.5, "lng": -86.9 }, "geometry": { "type": "Polygon", "coordinates": [ [ [ -86.95, 46.55 ], [ -86.85, 46.55 ], [ -86.85, 46.45 ], [ -86.95, 46.45 ], [ -86.95, 46.55 ] ] ] } },
{ "type": "Feature", "properties": { "lat": 46.5, "lng": -86.8 }, "geometry": { "type": "Polygon", "coordinates": [ [ [ -86.85, 46.55 ], [ -86.75, 46.55 ], [ -86.75, 46.45 ], [ -86.85, 46.45 ], [ -86.85, 46.55 ] ] ] } },
{ "type": "Feature", "properties": { "lat": 46.6, "lng": -93.0 }, "geometry": { "type": "Polygon", "coordinates": [ [ [ -93.05, 46.65 ], [ -92.95, 46.65 ], [ -92.95, 46.55 ], [ -93.05, 46.55 ], [ -93.05, 46.65 ] ] ] } },
{ "type": "Feature", "properties": { "lat": 46.6, "lng": -92.9 }, "geometry": { "type": "Polygon", "coordinates": [ [ [ -92.95, 46.65 ], [ -92.85, 46.65 ], [ -92.85, 46.55 ], [ -92.95, 46.55 ], [ -92.95, 46.65 ] ] ] } },
{ "type": "Feature", "properties": { "lat": 46.6, "lng": -92.8 }, "geometry": { "type": "Polygon", "coordinates": [ [ [ -92.85, 46.65 ], [ -92.75, 46.65 ], [ -92.75, 46.55 ], [ -92.85, 46.55 ], [ -92.85, 46.65 ] ] ] } },
{ "type": "Feature", "properties": { "lat": 46.6, "lng": -92.7 }, "geometry": { "type": "Polygon", "coordinates": [ [ [ -92.75, 46.65 ], [ -92.65, 46.65 ], [ -92.65, 46.55 ], [ -92.75, 46.55 ], [ -92.75, 46.65 ] ] ] } },
{ "type": "Feature", "properties": { "lat": 46.6, "lng": -92.6 }, "geometry": { "type": "Polygon", "coordinates": [ [ [ -92.65, 46.65 ], [ -92.55, 46.65 ], [ -92.55, 46.55 ], [ -92.65, 46.55 ], [ -92.65, 46.65 ] ] ] } },
{ "type": "Feature", "properties": { "lat": 46.6, "lng": -92.5 }, "geometry": { "type": "Polygon", "coordinates": [ [ [ -92.55, 46.65 ], [ -92.45, 46.65 ], [ -92.45, 46.55 ], [ -92.55, 46.55 ], [ -92.55, 46.65 ] ] ] } },
{ "type": "Feature", "properties": { "lat": 46.6, "lng": -92.4 }, "geometry": { "type": "Polygon", "coordinates": [ [ [ -92.45, 46.65 ], [ -92.35, 46.65 ], [ -92.35, 46.55 ], [ -92.45, 46.55 ], [ -92.45, 46.65 ] ] ] } },
{ "type": "Feature", "properties": { "lat": 46.6, "lng": -92.3 }, "geometry": { "type": "Polygon", "coordinates": [ [ [ -92.35, 46.65 ], [ -92.25, 46.65 ], [ -92.25, 46.55 ], [ -92.35, 46.55 ], [ -92.35, 46.65 ] ] ] } },
{ "type": "Feature", "properties": { "lat": 46.6, "lng": -92.2 }, "geometry": { "type": "Polygon", "coordinates": [ [ [ -92.25, 46.65 ], [ -92.15, 46.65 ], [ -92.15, 46.55 ], [ -92.25, 46.55 ], [ -92.25, 46.65 ] ] ] } },
{ "type": "Feature", "properties": { "lat": 46.6, "lng": -92.1 }, "geometry": { "type": "Polygon", "coordinates": [ [ [ -92.15, 46.65 ], [ -92.05, 46.65 ], [ -92.05, 46.55 ], [ -92.15, 46.55 ], [ -92.15, 46.65 ] ] ] } },
{ "type": "Feature", "properties": { "lat": 46.6, "lng": -92.0 }, "geometry": { "type": "Polygon", "coordinates": [ [ [ -92.05, 46.65 ], [ -91.95, 46.65 ], [ -91.95, 46.55 ], [ -92.05, 46.55 ], [ -92.05, 46.65 ] ] ] } },
{ "type": "Feature", "properties": { "lat": 46.6, "lng": -91.9 }, "geometry": { "type": "Polygon", "coordinates": [ [ [ -91.95, 46.65 ], [ -91.85, 46.65 ], [ -91.85, 46.55 ], [ -91.95, 46.55 ], [ -91.95, 46.65 ] ] ] } },
{ "type": "Feature", "properties": { "lat": 46.6, "lng": -91.8 }, "geometry": { "type": "Polygon", "coordinates": [ [ [ -91.85, 46.65 ], [ -91.75, 46.65 ], [ -91.75, 46.55 ], [ -91.85, 46.55 ], [ -91.85, 46.65 ] ] ] } },
{ "type": "Feature", "properties": { "lat": 46.6, "lng": -91.7 }, "geometry": { "type": "Polygon", "coordinates": [ [ [ -91.75, 46.65 ], [ -91.65, 46.65 ], [ -91.65, 46.55 ], [ -91.75, 46.55 ], [ -91.75, 46.65 ] ] ] } },
{ "type": "Feature", "properties": { "lat": 46.6, "lng": -91.6 }, "geometry": { "type": "Polygon", "coordinates": [ [ [ -91.65, 46.65 ], [ -91.55, 46.65 ], [ -91.55, 46.55 ], [ -91.65, 46.55 ], [ -91.65, 46.65 ] ] ] } },
{ "type": "Feature", "properties": { "lat": 46.6, "lng": -91.5 }, "geometry": { "type": "Polygon", "coordinates": [ [ [ -91.55, 46.65 ], [ -91.45, 46.65 ], [ -91.45, 46.55 ], [ -91.55, 46.55 ], [ -91.55, 46.65 ] ] ] } },
{ "type": "Feature", "properties": { "lat": 46.6, "lng": -91.4 }, "geometry": { "type": "Polygon", "coordinates": [ [ [ -91.45, 46.65 ], [ -91.35, 46.65 ], [ -91.35, 46.55 ], [ -91.45, 46.55 ], [ -91.45, 46.65 ] ] ] } },
{ "type": "Feature", "properties": { "lat": 46.6, "lng": -91.3 }, "geometry": { "type": "Polygon", "coordinates": [ [ [ -91.35, 46.65 ], [ -91.25, 46.65 ], [ -91.25, 46.55 ], [ -91.35, 46.55 ], [ -91.35, 46.65 ] ] ] } },
{ "type": "Feature", "properties": { "lat": 46.6, "lng": -91.2 }, "geometry": { "type": "Polygon", "coordinates": [ [ [ -91.25, 46.65 ], [ -91.15, 46.65 ], [ -91.15, 46.55 ], [ -91.25, 46.55 ], [ -91.25, 46.65 ] ] ] } },
{ "type": "Feature", "properties": { "lat": 46.6, "lng": -91.1 }, "geometry": { "type": "Polygon", "coordinates": [ [ [ -91.15, 46.65 ], [ -91.05, 46.65 ], [ -91.05, 46.55 ], [ -91.15, 46.55 ], [ -91.15, 46.65 ] ] ] } },
{ "type": "Feature", "properties": { "lat": 46.6, "lng": -91.0 }, "geometry": { "type": "Polygon", "coordinates": [ [ [ -91.05, 46.65 ], [ -90.95, 46.65 ], [ -90.95, 46.55 ], [ -91.05, 46.55 ], [ -91.05, 46.65 ] ] ] } },
{ "type": "Feature", "properties": { "lat": 46.6, "lng": -90.9 }, "geometry": { "type": "Polygon", "coordinates": [ [ [ -90.95, 46.65 ], [ -90.85, 46.65 ], [ -90.85, 46.55 ], [ -90.95, 46.55 ], [ -90.95, 46.65 ] ] ] } },
{ "type": "Feature", "properties": { "lat": 46.6, "lng": -90.8 }, "geometry": { "type": "Polygon", "coordinates": [ [ [ -90.85, 46.65 ], [ -90.75, 46.65 ], [ -90.75, 46.55 ], [ -90.85, 46.55 ], [ -90.85, 46.65 ] ] ] } },
{ "type": "Feature", "properties": { "lat": 46.6, "lng": -90.7 }, "geometry": { "type": "Polygon", "coordinates": [ [ [ -90.75, 46.65 ], [ -90.65, 46.65 ], [ -90.65, 46.55 ], [ -90.75, 46.55 ], [ -90.75, 46.65 ] ] ] } },
{ "type": "Feature", "properties": { "lat": 46.6, "lng": -90.6 }, "geometry": { "type": "Polygon", "coordinates": [ [ [ -90.65, 46.65 ], [ -90.55, 46.65 ], [ -90.55, 46.55 ], [ -90.65, 46.55 ], [ -90.65, 46.65 ] ] ] } },
{ "type": "Feature", "properties": { "lat": 46.6, "lng": -90.5 }, "geometry": { "type": "Polygon", "coordinates": [ [ [ -90.55, 46.65 ], [ -90.45, 46.65 ], [ -90.45, 46.55 ], [ -90.55, 46.55 ], [ -90.55, 46.65 ] ] ] } },
{ "type": "Feature", "properties": { "lat": 46.6, "lng": -90.4 }, "geometry": { "type": "Polygon", "coordinates": [ [ [ -90.45, 46.65 ], [ -90.35, 46.65 ], [ -90.35, 46.55 ], [ -90.45, 46.55 ], [ -90.45, 46.65 ] ] ] } },
{ "type": "Feature", "properties": { "lat": 46.6, "lng": -90.3 }, "geometry": { "type": "Polygon", "coordinates": [ [ [ -90.35, 46.65 ], [ -90.25, 46.65 ], [ -90.25, 46.55 ], [ -90.35, 46.55 ], [ -90.35, 46.65 ] ] ] } },
{ "type": "Feature", "properties": { "lat": 46.6, "lng": -90.2 }, "geometry": { "type": "Polygon", "coordinates": [ [ [ -90.25, 46.65 ], [ -90.15, 46.65 ], [ -90.15, 46.55 ], [ -90.25, 46.55 ], [ -90.25, 46.65 ] ] ] } },
{ "type": "Feature", "properties": { "lat": 46.6, "lng": -90.1 }, "geometry": { "type": "Polygon", "coordinates": [ [ [ -90.15, 46.65 ], [ -90.05, 46.65 ], [ -90.05, 46.55 ], [ -90.15, 46.55 ], [ -90.15, 46.65 ] ] ] } },
{ "type": "Feature", "properties": { "lat": 46.6, "lng": -90.0 }, "geometry": { "type": "Polygon", "coordinates": [ [ [ -90.05, 46.65 ], [ -89.95, 46.65 ], [ -89.95, 46.55 ], [ -90.05, 46.55 ], [ -90.05, 46.65 ] ] ] } },
{ "type": "Feature", "properties": { "lat": 46.6, "lng": -89.9 }, "geometry": { "type": "Polygon", "coordinates": [ [ [ -89.95, 46.65 ], [ -89.85, 46.65 ], [ -89.85, 46.55 ], [ -89.95, 46.55 ], [ -89.95, 46.65 ] ] ] } },
{ "type": "Feature", "properties": { "lat": 46.6, "lng": -89.8 }, "geometry": { "type": "Polygon", "coordinates": [ [ [ -89.85, 46.65 ], [ -89.75, 46.65 ], [ -89.75, 46.55 ], [ -89.85, 46.55 ], [ -89.85, 46.65 ] ] ] } },
{ "type": "Feature", "properties": { "lat": 46.6, "lng": -89.7 }, "geometry": { "type": "Polygon", "coordinates": [ [ [ -89.75, 46.65 ], [ -89.65, 46.65 ], [ -89.65, 46.55 ], [ -89.75, 46.55 ], [ -89.75, 46.65 ] ] ] } },
{ "type": "Feature", "properties": { "lat": 46.6, "lng": -89.6 }, "geometry": { "type": "Polygon", "coordinates": [ [ [ -89.65, 46.65 ], [ -89.55, 46.65 ], [ -89.55, 46.55 ], [ -89.65, 46.55 ], [ -89.65, 46.65 ] ] ] } },
{ "type": "Feature", "properties": { "lat": 46.6, "lng": -89.5 }, "geometry": { "type": "Polygon", "coordinates": [ [ [ -89.55, 46.65 ], [ -89.45, 46.65 ], [ -89.45, 46.55 ], [ -89.55, 46.55 ], [ -89.55, 46.65 ] ] ] } },
{ "type": "Feature", "properties": { "lat": 46.6, "lng": -89.4 }, "geometry": { "type": "Polygon", "coordinates": [ [ [ -89.45, 46.65 ], [ -89.35, 46.65 ], [ -89.35, 46.55 ], [ -89.45, 46.55 ], [ -89.45, 46.65 ] ] ] } },
{ "type": "Feature", "properties": { "lat": 46.6, "lng": -89.3 }, "geometry": { "type": "Polygon", "coordinates": [ [ [ -89.35, 46.65 ], [ -89.25, 46.65 ], [ -89.25, 46.55 ], [ -89.35, 46.55 ], [ -89.35, 46.65 ] ] ] } },
{ "type": "Feature", "properties": { "lat": 46.6, "lng": -89.2 }, "geometry": { "type": "Polygon", "coordinates": [ [ [ -89.25, 46.65 ], [ -89.15, 46.65 ], [ -89.15, 46.55 ], [ -89.25, 46.55 ], [ -89.25, 46.65 ] ] ] } },
{ "type": "Feature", "properties": { "lat": 46.6, "lng": -89.1 }, "geometry": { "type": "Polygon", "coordinates": [ [ [ -89.15, 46.65 ], [ -89.05, 46.65 ], [ -89.05, 46.55 ], [ -89.15, 46.55 ], [ -89.15, 46.65 ] ] ] } },
{ "type": "Feature", "properties": { "lat": 46.6, "lng": -89.0 }, "geometry": { "type": "Polygon", "coordinates": [ [ [ -89.05, 46.65 ], [ -88.95, 46.65 ], [ -88.95, 46.55 ], [ -89.05, 46.55 ], [ -89.05, 46.65 ] ] ] } },
{ "type": "Feature", "properties": { "lat": 46.6, "lng": -88.9 }, "geometry": { "type": "Polygon", "coordinates": [ [ [ -88.95, 46.65 ], [ -88.85, 46.65 ], [ -88.85, 46.55 ], [ -88.95, 46.55 ], [ -88.95, 46.65 ] ] ] } },
{ "type": "Feature", "properties": { "lat": 46.6, "lng": -88.8 }, "geometry": { "type": "Polygon", "coordinates": [ [ [ -88.85, 46.65 ], [ -88.75, 46.65 ], [ -88.75, 46.55 ], [ -88.85, 46.55 ], [ -88.85, 46.65 ] ] ] } },
{ "type": "Feature", "properties": { "lat": 46.6, "lng": -88.7 }, "geometry": { "type": "Polygon", "coordinates": [ [ [ -88.75, 46.65 ], [ -88.65, 46.65 ], [ -88.65, 46.55 ], [ -88.75, 46.55 ], [ -88.75, 46.65 ] ] ] } },
{ "type": "Feature", "properties": { "lat": 46.6, "lng": -88.6 }, "geometry": { "type": "Polygon", "coordinates": [ [ [ -88.65, 46.65 ], [ -88.55, 46.65 ], [ -88.55, 46.55 ], [ -88.65, 46.55 ], [ -88.65, 46.65 ] ] ] } },
{ "type": "Feature", "properties": { "lat": 46.6, "lng": -88.5 }, "geometry": { "type": "Polygon", "coordinates": [ [ [ -88.55, 46.65 ], [ -88.45, 46.65 ], [ -88.45, 46.55 ], [ -88.55, 46.55 ], [ -88.55, 46.65 ] ] ] } },
{ "type": "Feature", "properties": { "lat": 46.6, "lng": -88.4 }, "geometry": { "type": "Polygon", "coordinates": [ [ [ -88.45, 46.65 ], [ -88.35, 46.65 ], [ -88.35, 46.55 ], [ -88.45, 46.55 ], [ -88.45, 46.65 ] ] ] } },
{ "type": "Feature", "properties": { "lat": 46.6, "lng": -88.3 }, "geometry": { "type": "Polygon", "coordinates": [ [ [ -88.35, 46.65 ], [ -88.25, 46.65 ], [ -88.25, 46.55 ], [ -88.35, 46.55 ], [ -88.35, 46.65 ] ] ] } },
{ "type": "Feature", "properties": { "lat": 46.6, "lng": -88.2 }, "geometry": { "type": "Polygon", "coordinates": [ [ [ -88.25, 46.65 ], [ -88.15, 46.65 ], [ -88.15, 46.55 ], [ -88.25, 46.55 ], [ -88.25, 46.65 ] ] ] } },
{ "type": "Feature", "properties": { "lat": 46.6, "lng": -88.1 }, "geometry": { "type": "Polygon", "coordinates": [ [ [ -88.15, 46.65 ], [ -88.05, 46.65 ], [ -88.05, 46.55 ], [ -88.15, 46.55 ], [ -88.15, 46.65 ] ] ] } },
{ "type": "Feature", "properties": { "lat": 46.6, "lng": -88.0 }, "geometry": { "type": "Polygon", "coordinates": [ [ [ -88.05, 46.65 ], [ -87.95, 46.65 ], [ -87.95, 46.55 ], [ -88.05, 46.55 ], [ -88.05, 46.65 ] ] ] } },
{ "type": "Feature", "properties": { "lat": 46.6, "lng": -87.9 }, "geometry": { "type": "Polygon", "coordinates": [ [ [ -87.95, 46.65 ], [ -87.85, 46.65 ], [ -87.85, 46.55 ], [ -87.95, 46.55 ], [ -87.95, 46.65 ] ] ] } },
{ "type": "Feature", "properties": { "lat": 46.6, "lng": -87.8 }, "geometry": { "type": "Polygon", "coordinates": [ [ [ -87.85, 46.65 ], [ -87.75, 46.65 ], [ -87.75, 46.55 ], [ -87.85, 46.55 ], [ -87.85, 46.65 ] ] ] } },
{ "type": "Feature", "properties": { "lat": 46.6, "lng": -87.7 }, "geometry": { "type": "Polygon", "coordinates": [ [ [ -87.75, 46.65 ], [ -87.65, 46.65 ], [ -87.65, 46.55 ], [ -87.75, 46.55 ], [ -87.75, 46.65 ] ] ] } },
{ "type": "Feature", "properties": { "lat": 46.6, "lng": -87.6 }, "geometry": { "type": "Polygon", "coordinates": [ [ [ -87.65, 46.65 ], [ -87.55, 46.65 ], [ -87.55, 46.55 ], [ -87.65, 46.55 ], [ -87.65, 46.65 ] ] ] } },
{ "type": "Feature", "properties": { "lat": 46.6, "lng": -87.5 }, "geometry": { "type": "Polygon", "coordinates": [ [ [ -87.55, 46.65 ], [ -87.45, 46.65 ], [ -87.45, 46.55 ], [ -87.55, 46.55 ], [ -87.55, 46.65 ] ] ] } },
{ "type": "Feature", "properties": { "lat": 46.6, "lng": -87.4 }, "geometry": { "type": "Polygon", "coordinates": [ [ [ -87.45, 46.65 ], [ -87.35, 46.65 ], [ -87.35, 46.55 ], [ -87.45, 46.55 ], [ -87.45, 46.65 ] ] ] } },
{ "type": "Feature", "properties": { "lat": 46.6, "lng": -87.3 }, "geometry": { "type": "Polygon", "coordinates": [ [ [ -87.35, 46.65 ], [ -87.25, 46.65 ], [ -87.25, 46.55 ], [ -87.35, 46.55 ], [ -87.35, 46.65 ] ] ] } },
{ "type": "Feature", "properties": { "lat": 46.6, "lng": -87.2 }, "geometry": { "type": "Polygon", "coordinates": [ [ [ -87.25, 46.65 ], [ -87.15, 46.65 ], [ -87.15, 46.55 ], [ -87.25, 46.55 ], [ -87.25, 46.65 ] ] ] } },
{ "type": "Feature", "properties": { "lat": 46.6, "lng": -87.1 }, "geometry": { "type": "Polygon", "coordinates": [ [ [ -87.15, 46.65 ], [ -87.05, 46.65 ], [ -87.05, 46.55 ], [ -87.15, 46.55 ], [ -87.15, 46.65 ] ] ] } },
{ "type": "Feature", "properties": { "lat": 46.6, "lng": -87.0 }, "geometry": { "type": "Polygon", "coordinates": [ [ [ -87.05, 46.65 ], [ -86.95, 46.65 ], [ -86.95, 46.55 ], [ -87.05, 46.55 ], [ -87.05, 46.65 ] ] ] } },
{ "type": "Feature", "properties": { "lat": 46.6, "lng": -86.9 }, "geometry": { "type": "Polygon", "coordinates": [ [ [ -86.95, 46.65 ], [ -86.85, 46.65 ], [ -86.85, 46.55 ], [ -86.95, 46.55 ], [ -86.95, 46.65 ] ] ] } },
{ "type": "Feature", "properties": { "lat": 46.6, "lng": -86.8 }, "geometry": { "type": "Polygon", "coordinates": [ [ [ -86.85, 46.65 ], [ -86.75, 46.65 ], [ -86.75, 46.55 ], [ -86.85, 46.55 ], [ -86.85, 46.65 ] ] ] } },
{ "type": "Feature", "properties": { "lat": 46.7, "lng": -93.0 }, "geometry": { "type": "Polygon", "coordinates": [ [ [ -93.05, 46.75 ], [ -92.95, 46.75 ], [ -92.95, 46.65 ], [ -93.05, 46.65 ], [ -93.05, 46.75 ] ] ] } },
{ "type": "Feature", "properties": { "lat": 46.7, "lng": -92.9 }, "geometry": { "type": "Polygon", "coordinates": [ [ [ -92.95, 46.75 ], [ -92.85, 46.75 ], [ -92.85, 46.65 ], [ -92.95, 46.65 ], [ -92.95, 46.75 ] ] ] } },
{ "type": "Feature", "properties": { "lat": 46.7, "lng": -92.8 }, "geometry": { "type": "Polygon", "coordinates": [ [ [ -92.85, 46.75 ], [ -92.75, 46.75 ], [ -92.75, 46.65 ], [ -92.85, 46.65 ], [ -92.85, 46.75 ] ] ] } },
{ "type": "Feature", "properties": { "lat": 46.7, "lng": -92.7 }, "geometry": { "type": "Polygon", "coordinates": [ [ [ -92.75, 46.75 ], [ -92.65, 46.75 ], [ -92.65, 46.65 ], [ -92.75, 46.65 ], [ -92.75, 46.75 ] ] ] } },
{ "type": "Feature", "properties": { "lat": 46.7, "lng": -92.6 }, "geometry": { "type": "Polygon", "coordinates": [ [ [ -92.65, 46.75 ], [ -92.55, 46.75 ], [ -92.55, 46.65 ], [ -92.65, 46.65 ], [ -92.65, 46.75 ] ] ] } },
{ "type": "Feature", "properties": { "lat": 46.7, "lng": -92.5 }, "geometry": { "type": "Polygon", "coordinates": [ [ [ -92.55, 46.75 ], [ -92.45, 46.75 ], [ -92.45, 46.65 ], [ -92.55, 46.65 ], [ -92.55, 46.75 ] ] ] } },
{ "type": "Feature", "properties": { "lat": 46.7, "lng": -92.4 }, "geometry": { "type": "Polygon", "coordinates": [ [ [ -92.45, 46.75 ], [ -92.35, 46.75 ], [ -92.35, 46.65 ], [ -92.45, 46.65 ], [ -92.45, 46.75 ] ] ] } },
{ "type": "Feature", "properties": { "lat": 46.7, "lng": -92.3 }, "geometry": { "type": "Polygon", "coordinates": [ [ [ -92.35, 46.75 ], [ -92.25, 46.75 ], [ -92.25, 46.65 ], [ -92.35, 46.65 ], [ -92.35, 46.75 ] ] ] } },
{ "type": "Feature", "properties": { "lat": 46.7, "lng": -92.2 }, "geometry": { "type": "Polygon", "coordinates": [ [ [ -92.25, 46.75 ], [ -92.15, 46.75 ], [ -92.15, 46.65 ], [ -92.25, 46.65 ], [ -92.25, 46.75 ] ] ] } },
{ "type": "Feature", "properties": { "lat": 46.7, "lng": -92.1 }, "geometry": { "type": "Polygon", "coordinates": [ [ [ -92.15, 46.75 ], [ -92.05, 46.75 ], [ -92.05, 46.65 ], [ -92.15, 46.65 ], [ -92.15, 46.75 ] ] ] } },
{ "type": "Feature", "properties": { "lat": 46.7, "lng": -92.0 }, "geometry": { "type": "Polygon", "coordinates": [ [ [ -92.05, 46.75 ], [ -91.95, 46.75 ], [ -91.95, 46.65 ], [ -92.05, 46.65 ], [ -92.05, 46.75 ] ] ] } },
{ "type": "Feature", "properties": { "lat": 46.7, "lng": -91.9 }, "geometry": { "type": "Polygon", "coordinates": [ [ [ -91.95, 46.75 ], [ -91.85, 46.75 ], [ -91.85, 46.65 ], [ -91.95, 46.65 ], [ -91.95, 46.75 ] ] ] } },
{ "type": "Feature", "properties": { "lat": 46.7, "lng": -91.8 }, "geometry": { "type": "Polygon", "coordinates": [ [ [ -91.85, 46.75 ], [ -91.75, 46.75 ], [ -91.75, 46.65 ], [ -91.85, 46.65 ], [ -91.85, 46.75 ] ] ] } },
{ "type": "Feature", "properties": { "lat": 46.7, "lng": -91.7 }, "geometry": { "type": "Polygon", "coordinates": [ [ [ -91.75, 46.75 ], [ -91.65, 46.75 ], [ -91.65, 46.65 ], [ -91.75, 46.65 ], [ -91.75, 46.75 ] ] ] } },
{ "type": "Feature", "properties": { "lat": 46.7, "lng": -91.6 }, "geometry": { "type": "Polygon", "coordinates": [ [ [ -91.65, 46.75 ], [ -91.55, 46.75 ], [ -91.55, 46.65 ], [ -91.65, 46.65 ], [ -91.65, 46.75 ] ] ] } },
{ "type": "Feature", "properties": { "lat": 46.7, "lng": -91.5 }, "geometry": { "type": "Polygon", "coordinates": [ [ [ -91.55, 46.75 ], [ -91.45, 46.75 ], [ -91.45, 46.65 ], [ -91.55, 46.65 ], [ -91.55, 46.75 ] ] ] } },
{ "type": "Feature", "properties": { "lat": 46.7, "lng": -91.4 }, "geometry": { "type": "Polygon", "coordinates": [ [ [ -91.45, 46.75 ], [ -91.35, 46.75 ], [ -91.35, 46.65 ], [ -91.45, 46.65 ], [ -91.45, 46.75 ] ] ] } },
{ "type": "Feature", "properties": { "lat": 46.7, "lng": -91.3 }, "geometry": { "type": "Polygon", "coordinates": [ [ [ -91.35, 46.75 ], [ -91.25, 46.75 ], [ -91.25, 46.65 ], [ -91.35, 46.65 ], [ -91.35, 46.75 ] ] ] } },
{ "type": "Feature", "properties": { "lat": 46.7, "lng": -91.2 }, "geometry": { "type": "Polygon", "coordinates": [ [ [ -91.25, 46.75 ], [ -91.15, 46.75 ], [ -91.15, 46.65 ], [ -91.25, 46.65 ], [ -91.25, 46.75 ] ] ] } },
{ "type": "Feature", "properties": { "lat": 46.7, "lng": -91.1 }, "geometry": { "type": "Polygon", "coordinates": [ [ [ -91.15, 46.75 ], [ -91.05, 46.75 ], [ -91.05, 46.65 ], [ -91.15, 46.65 ], [ -91.15, 46.75 ] ] ] } },
{ "type": "Feature", "properties": { "lat": 46.7, "lng": -91.0 }, "geometry": { "type": "Polygon", "coordinates": [ [ [ -91.05, 46.75 ], [ -90.95, 46.75 ], [ -90.95, 46.65 ], [ -91.05, 46.65 ], [ -91.05, 46.75 ] ] ] } },
{ "type": "Feature", "properties": { "lat": 46.7, "lng": -90.9 }, "geometry": { "type": "Polygon", "coordinates": [ [ [ -90.95, 46.75 ], [ -90.85, 46.75 ], [ -90.85, 46.65 ], [ -90.95, 46.65 ], [ -90.95, 46.75 ] ] ] } },
{ "type": "Feature", "properties": { "lat": 46.7, "lng": -90.8 }, "geometry": { "type": "Polygon", "coordinates": [ [ [ -90.85, 46.75 ], [ -90.75, 46.75 ], [ -90.75, 46.65 ], [ -90.85, 46.65 ], [ -90.85, 46.75 ] ] ] } },
{ "type": "Feature", "properties": { "lat": 46.7, "lng": -90.7 }, "geometry": { "type": "Polygon", "coordinates": [ [ [ -90.75, 46.75 ], [ -90.65, 46.75 ], [ -90.65, 46.65 ], [ -90.75, 46.65 ], [ -90.75, 46.75 ] ] ] } },
{ "type": "Feature", "properties": { "lat": 46.7, "lng": -90.6 }, "geometry": { "type": "Polygon", "coordinates": [ [ [ -90.65, 46.75 ], [ -90.55, 46.75 ], [ -90.55, 46.65 ], [ -90.65, 46.65 ], [ -90.65, 46.75 ] ] ] } },
{ "type": "Feature", "properties": { "lat": 46.7, "lng": -90.5 }, "geometry": { "type": "Polygon", "coordinates": [ [ [ -90.55, 46.75 ], [ -90.45, 46.75 ], [ -90.45, 46.65 ], [ -90.55, 46.65 ], [ -90.55, 46.75 ] ] ] } },
{ "type": "Feature", "properties": { "lat": 46.7, "lng": -90.4 }, "geometry": { "type": "Polygon", "coordinates": [ [ [ -90.45, 46.75 ], [ -90.35, 46.75 ], [ -90.35, 46.65 ], [ -90.45, 46.65 ], [ -90.45, 46.75 ] ] ] } },
{ "type": "Feature", "properties": { "lat": 46.7, "lng": -90.3 }, "geometry": { "type": "Polygon", "coordinates": [ [ [ -90.35, 46.75 ], [ -90.25, 46.75 ], [ -90.25, 46.65 ], [ -90.35, 46.65 ], [ -90.35, 46.75 ] ] ] } },
{ "type": "Feature", "properties": { "lat": 46.7, "lng": -90.2 }, "geometry": { "type": "Polygon", "coordinates": [ [ [ -90.25, 46.75 ], [ -90.15, 46.75 ], [ -90.15, 46.65 ], [ -90.25, 46.65 ], [ -90.25, 46.75 ] ] ] } },
{ "type": "Feature", "properties": { "lat": 46.7, "lng": -90.1 }, "geometry": { "type": "Polygon", "coordinates": [ [ [ -90.15, 46.75 ], [ -90.05, 46.75 ], [ -90.05, 46.65 ], [ -90.15, 46.65 ], [ -90.15, 46.75 ] ] ] } },
{ "type": "Feature", "properties": { "lat": 46.7, "lng": -90.0 }, "geometry": { "type": "Polygon", "coordinates": [ [ [ -90.05, 46.75 ], [ -89.95, 46.75 ], [ -89.95, 46.65 ], [ -90.05, 46.65 ], [ -90.05, 46.75 ] ] ] } },
{ "type": "Feature", "properties": { "lat": 46.7, "lng": -89.9 }, "geometry": { "type": "Polygon", "coordinates": [ [ [ -89.95, 46.75 ], [ -89.85, 46.75 ], [ -89.85, 46.65 ], [ -89.95, 46.65 ], [ -89.95, 46.75 ] ] ] } },
{ "type": "Feature", "properties": { "lat": 46.7, "lng": -89.8 }, "geometry": { "type": "Polygon", "coordinates": [ [ [ -89.85, 46.75 ], [ -89.75, 46.75 ], [ -89.75, 46.65 ], [ -89.85, 46.65 ], [ -89.85, 46.75 ] ] ] } },
{ "type": "Feature", "properties": { "lat": 46.7, "lng": -89.7 }, "geometry": { "type": "Polygon", "coordinates": [ [ [ -89.75, 46.75 ], [ -89.65, 46.75 ], [ -89.65, 46.65 ], [ -89.75, 46.65 ], [ -89.75, 46.75 ] ] ] } },
{ "type": "Feature", "properties": { "lat": 46.7, "lng": -89.6 }, "geometry": { "type": "Polygon", "coordinates": [ [ [ -89.65, 46.75 ], [ -89.55, 46.75 ], [ -89.55, 46.65 ], [ -89.65, 46.65 ], [ -89.65, 46.75 ] ] ] } },
{ "type": "Feature", "properties": { "lat": 46.7, "lng": -89.5 }, "geometry": { "type": "Polygon", "coordinates": [ [ [ -89.55, 46.75 ], [ -89.45, 46.75 ], [ -89.45, 46.65 ], [ -89.55, 46.65 ], [ -89.55, 46.75 ] ] ] } },
{ "type": "Feature", "properties": { "lat": 46.7, "lng": -89.4 }, "geometry": { "type": "Polygon", "coordinates": [ [ [ -89.45, 46.75 ], [ -89.35, 46.75 ], [ -89.35, 46.65 ], [ -89.45, 46.65 ], [ -89.45, 46.75 ] ] ] } },
{ "type": "Feature", "properties": { "lat": 46.7, "lng": -89.3 }, "geometry": { "type": "Polygon", "coordinates": [ [ [ -89.35, 46.75 ], [ -89.25, 46.75 ], [ -89.25, 46.65 ], [ -89.35, 46.65 ], [ -89.35, 46.75 ] ] ] } },
{ "type": "Feature", "properties": { "lat": 46.7, "lng": -89.2 }, "geometry": { "type": "Polygon", "coordinates": [ [ [ -89.25, 46.75 ], [ -89.15, 46.75 ], [ -89.15, 46.65 ], [ -89.25, 46.65 ], [ -89.25, 46.75 ] ] ] } },
{ "type": "Feature", "properties": { "lat": 46.7, "lng": -89.1 }, "geometry": { "type": "Polygon", "coordinates": [ [ [ -89.15, 46.75 ], [ -89.05, 46.75 ], [ -89.05, 46.65 ], [ -89.15, 46.65 ], [ -89.15, 46.75 ] ] ] } },
{ "type": "Feature", "properties": { "lat": 46.7, "lng": -89.0 }, "geometry": { "type": "Polygon", "coordinates": [ [ [ -89.05, 46.75 ], [ -88.95, 46.75 ], [ -88.95, 46.65 ], [ -89.05, 46.65 ], [ -89.05, 46.75 ] ] ] } },
{ "type": "Feature", "properties": { "lat": 46.7, "lng": -88.9 }, "geometry": { "type": "Polygon", "coordinates": [ [ [ -88.95, 46.75 ], [ -88.85, 46.75 ], [ -88.85, 46.65 ], [ -88.95, 46.65 ], [ -88.95, 46.75 ] ] ] } },
{ "type": "Feature", "properties": { "lat": 46.7, "lng": -88.8 }, "geometry": { "type": "Polygon", "coordinates": [ [ [ -88.85, 46.75 ], [ -88.75, 46.75 ], [ -88.75, 46.65 ], [ -88.85, 46.65 ], [ -88.85, 46.75 ] ] ] } },
{ "type": "Feature", "properties": { "lat": 46.7, "lng": -88.7 }, "geometry": { "type": "Polygon", "coordinates": [ [ [ -88.75, 46.75 ], [ -88.65, 46.75 ], [ -88.65, 46.65 ], [ -88.75, 46.65 ], [ -88.75, 46.75 ] ] ] } },
{ "type": "Feature", "properties": { "lat": 46.7, "lng": -88.6 }, "geometry": { "type": "Polygon", "coordinates": [ [ [ -88.65, 46.75 ], [ -88.55, 46.75 ], [ -88.55, 46.65 ], [ -88.65, 46.65 ], [ -88.65, 46.75 ] ] ] } },
{ "type": "Feature", "properties": { "lat": 46.7, "lng": -88.5 }, "geometry": { "type": "Polygon", "coordinates": [ [ [ -88.55, 46.75 ], [ -88.45, 46.75 ], [ -88.45, 46.65 ], [ -88.55, 46.65 ], [ -88.55, 46.75 ] ] ] } },
{ "type": "Feature", "properties": { "lat": 46.7, "lng": -88.4 }, "geometry": { "type": "Polygon", "coordinates": [ [ [ -88.45, 46.75 ], [ -88.35, 46.75 ], [ -88.35, 46.65 ], [ -88.45, 46.65 ], [ -88.45, 46.75 ] ] ] } },
{ "type": "Feature", "properties": { "lat": 46.7, "lng": -88.3 }, "geometry": { "type": "Polygon", "coordinates": [ [ [ -88.35, 46.75 ], [ -88.25, 46.75 ], [ -88.25, 46.65 ], [ -88.35, 46.65 ], [ -88.35, 46.75 ] ] ] } },
{ "type": "Feature", "properties": { "lat": 46.7, "lng": -88.2 }, "geometry": { "type": "Polygon", "coordinates": [ [ [ -88.25, 46.75 ], [ -88.15, 46.75 ], [ -88.15, 46.65 ], [ -88.25, 46.65 ], [ -88.25, 46.75 ] ] ] } },
{ "type": "Feature", "properties": { "lat": 46.7, "lng": -88.1 }, "geometry": { "type": "Polygon", "coordinates": [ [ [ -88.15, 46.75 ], [ -88.05, 46.75 ], [ -88.05, 46.65 ], [ -88.15, 46.65 ], [ -88.15, 46.75 ] ] ] } },
{ "type": "Feature", "properties": { "lat": 46.7, "lng": -88.0 }, "geometry": { "type": "Polygon", "coordinates": [ [ [ -88.05, 46.75 ], [ -87.95, 46.75 ], [ -87.95, 46.65 ], [ -88.05, 46.65 ], [ -88.05, 46.75 ] ] ] } },
{ "type": "Feature", "properties": { "lat": 46.7, "lng": -87.9 }, "geometry": { "type": "Polygon", "coordinates": [ [ [ -87.95, 46.75 ], [ -87.85, 46.75 ], [ -87.85, 46.65 ], [ -87.95, 46.65 ], [ -87.95, 46.75 ] ] ] } },
{ "type": "Feature", "properties": { "lat": 46.7, "lng": -87.8 }, "geometry": { "type": "Polygon", "coordinates": [ [ [ -87.85, 46.75 ], [ -87.75, 46.75 ], [ -87.75, 46.65 ], [ -87.85, 46.65 ], [ -87.85, 46.75 ] ] ] } },
{ "type": "Feature", "properties": { "lat": 46.7, "lng": -87.7 }, "geometry": { "type": "Polygon", "coordinates": [ [ [ -87.75, 46.75 ], [ -87.65, 46.75 ], [ -87.65, 46.65 ], [ -87.75, 46.65 ], [ -87.75, 46.75 ] ] ] } },
{ "type": "Feature", "properties": { "lat": 46.7, "lng": -87.6 }, "geometry": { "type": "Polygon", "coordinates": [ [ [ -87.65, 46.75 ], [ -87.55, 46.75 ], [ -87.55, 46.65 ], [ -87.65, 46.65 ], [ -87.65, 46.75 ] ] ] } },
{ "type": "Feature", "properties": { "lat": 46.7, "lng": -87.5 }, "geometry": { "type": "Polygon", "coordinates": [ [ [ -87.55, 46.75 ], [ -87.45, 46.75 ], [ -87.45, 46.65 ], [ -87.55, 46.65 ], [ -87.55, 46.75 ] ] ] } },
{ "type": "Feature", "properties": { "lat": 46.7, "lng": -87.4 }, "geometry": { "type": "Polygon", "coordinates": [ [ [ -87.45, 46.75 ], [ -87.35, 46.75 ], [ -87.35, 46.65 ], [ -87.45, 46.65 ], [ -87.45, 46.75 ] ] ] } },
{ "type": "Feature", "properties": { "lat": 46.7, "lng": -87.3 }, "geometry": { "type": "Polygon", "coordinates": [ [ [ -87.35, 46.75 ], [ -87.25, 46.75 ], [ -87.25, 46.65 ], [ -87.35, 46.65 ], [ -87.35, 46.75 ] ] ] } },
{ "type": "Feature", "properties": { "lat": 46.7, "lng": -87.2 }, "geometry": { "type": "Polygon", "coordinates": [ [ [ -87.25, 46.75 ], [ -87.15, 46.75 ], [ -87.15, 46.65 ], [ -87.25, 46.65 ], [ -87.25, 46.75 ] ] ] } },
{ "type": "Feature", "properties": { "lat": 46.7, "lng": -87.1 }, "geometry": { "type": "Polygon", "coordinates": [ [ [ -87.15, 46.75 ], [ -87.05, 46.75 ], [ -87.05, 46.65 ], [ -87.15, 46.65 ], [ -87.15, 46.75 ] ] ] } },
{ "type": "Feature", "properties": { "lat": 46.7, "lng": -87.0 }, "geometry": { "type": "Polygon", "coordinates": [ [ [ -87.05, 46.75 ], [ -86.95, 46.75 ], [ -86.95, 46.65 ], [ -87.05, 46.65 ], [ -87.05, 46.75 ] ] ] } },
{ "type": "Feature", "properties": { "lat": 46.7, "lng": -86.9 }, "geometry": { "type": "Polygon", "coordinates": [ [ [ -86.95, 46.75 ], [ -86.85, 46.75 ], [ -86.85, 46.65 ], [ -86.95, 46.65 ], [ -86.95, 46.75 ] ] ] } },
{ "type": "Feature", "properties": { "lat": 46.7, "lng": -86.8 }, "geometry": { "type": "Polygon", "coordinates": [ [ [ -86.85, 46.75 ], [ -86.75, 46.75 ], [ -86.75, 46.65 ], [ -86.85, 46.65 ], [ -86.85, 46.75 ] ] ] } },
{ "type": "Feature", "properties": { "lat": 46.8, "lng": -93.0 }, "geometry": { "type": "Polygon", "coordinates": [ [ [ -93.05, 46.85 ], [ -92.95, 46.85 ], [ -92.95, 46.75 ], [ -93.05, 46.75 ], [ -93.05, 46.85 ] ] ] } },
{ "type": "Feature", "properties": { "lat": 46.8, "lng": -92.9 }, "geometry": { "type": "Polygon", "coordinates": [ [ [ -92.95, 46.85 ], [ -92.85, 46.85 ], [ -92.85, 46.75 ], [ -92.95, 46.75 ], [ -92.95, 46.85 ] ] ] } },
{ "type": "Feature", "properties": { "lat": 46.8, "lng": -92.8 }, "geometry": { "type": "Polygon", "coordinates": [ [ [ -92.85, 46.85 ], [ -92.75, 46.85 ], [ -92.75, 46.75 ], [ -92.85, 46.75 ], [ -92.85, 46.85 ] ] ] } },
{ "type": "Feature", "properties": { "lat": 46.8, "lng": -92.7 }, "geometry": { "type": "Polygon", "coordinates": [ [ [ -92.75, 46.85 ], [ -92.65, 46.85 ], [ -92.65, 46.75 ], [ -92.75, 46.75 ], [ -92.75, 46.85 ] ] ] } },
{ "type": "Feature", "properties": { "lat": 46.8, "lng": -92.6 }, "geometry": { "type": "Polygon", "coordinates": [ [ [ -92.65, 46.85 ], [ -92.55, 46.85 ], [ -92.55, 46.75 ], [ -92.65, 46.75 ], [ -92.65, 46.85 ] ] ] } },
{ "type": "Feature", "properties": { "lat": 46.8, "lng": -92.5 }, "geometry": { "type": "Polygon", "coordinates": [ [ [ -92.55, 46.85 ], [ -92.45, 46.85 ], [ -92.45, 46.75 ], [ -92.55, 46.75 ], [ -92.55, 46.85 ] ] ] } },
{ "type": "Feature", "properties": { "lat": 46.8, "lng": -92.4 }, "geometry": { "type": "Polygon", "coordinates": [ [ [ -92.45, 46.85 ], [ -92.35, 46.85 ], [ -92.35, 46.75 ], [ -92.45, 46.75 ], [ -92.45, 46.85 ] ] ] } },
{ "type": "Feature", "properties": { "lat": 46.8, "lng": -92.3 }, "geometry": { "type": "Polygon", "coordinates": [ [ [ -92.35, 46.85 ], [ -92.25, 46.85 ], [ -92.25, 46.75 ], [ -92.35, 46.75 ], [ -92.35, 46.85 ] ] ] } },
{ "type": "Feature", "properties": { "lat": 46.8, "lng": -92.2 }, "geometry": { "type": "Polygon", "coordinates": [ [ [ -92.25, 46.85 ], [ -92.15, 46.85 ], [ -92.15, 46.75 ], [ -92.25, 46.75 ], [ -92.25, 46.85 ] ] ] } },
{ "type": "Feature", "properties": { "lat": 46.8, "lng": -92.1 }, "geometry": { "type": "Polygon", "coordinates": [ [ [ -92.15, 46.85 ], [ -92.05, 46.85 ], [ -92.05, 46.75 ], [ -92.15, 46.75 ], [ -92.15, 46.85 ] ] ] } },
{ "type": "Feature", "properties": { "lat": 46.8, "lng": -92.0 }, "geometry": { "type": "Polygon", "coordinates": [ [ [ -92.05, 46.85 ], [ -91.95, 46.85 ], [ -91.95, 46.75 ], [ -92.05, 46.75 ], [ -92.05, 46.85 ] ] ] } },
{ "type": "Feature", "properties": { "lat": 46.8, "lng": -91.9 }, "geometry": { "type": "Polygon", "coordinates": [ [ [ -91.95, 46.85 ], [ -91.85, 46.85 ], [ -91.85, 46.75 ], [ -91.95, 46.75 ], [ -91.95, 46.85 ] ] ] } },
{ "type": "Feature", "properties": { "lat": 46.8, "lng": -91.8 }, "geometry": { "type": "Polygon", "coordinates": [ [ [ -91.85, 46.85 ], [ -91.75, 46.85 ], [ -91.75, 46.75 ], [ -91.85, 46.75 ], [ -91.85, 46.85 ] ] ] } },
{ "type": "Feature", "properties": { "lat": 46.8, "lng": -91.7 }, "geometry": { "type": "Polygon", "coordinates": [ [ [ -91.75, 46.85 ], [ -91.65, 46.85 ], [ -91.65, 46.75 ], [ -91.75, 46.75 ], [ -91.75, 46.85 ] ] ] } },
{ "type": "Feature", "properties": { "lat": 46.8, "lng": -91.6 }, "geometry": { "type": "Polygon", "coordinates": [ [ [ -91.65, 46.85 ], [ -91.55, 46.85 ], [ -91.55, 46.75 ], [ -91.65, 46.75 ], [ -91.65, 46.85 ] ] ] } },
{ "type": "Feature", "properties": { "lat": 46.8, "lng": -91.5 }, "geometry": { "type": "Polygon", "coordinates": [ [ [ -91.55, 46.85 ], [ -91.45, 46.85 ], [ -91.45, 46.75 ], [ -91.55, 46.75 ], [ -91.55, 46.85 ] ] ] } },
{ "type": "Feature", "properties": { "lat": 46.8, "lng": -91.4 }, "geometry": { "type": "Polygon", "coordinates": [ [ [ -91.45, 46.85 ], [ -91.35, 46.85 ], [ -91.35, 46.75 ], [ -91.45, 46.75 ], [ -91.45, 46.85 ] ] ] } },
{ "type": "Feature", "properties": { "lat": 46.8, "lng": -91.3 }, "geometry": { "type": "Polygon", "coordinates": [ [ [ -91.35, 46.85 ], [ -91.25, 46.85 ], [ -91.25, 46.75 ], [ -91.35, 46.75 ], [ -91.35, 46.85 ] ] ] } },
{ "type": "Feature", "properties": { "lat": 46.8, "lng": -91.2 }, "geometry": { "type": "Polygon", "coordinates": [ [ [ -91.25, 46.85 ], [ -91.15, 46.85 ], [ -91.15, 46.75 ], [ -91.25, 46.75 ], [ -91.25, 46.85 ] ] ] } },
{ "type": "Feature", "properties": { "lat": 46.8, "lng": -91.1 }, "geometry": { "type": "Polygon", "coordinates": [ [ [ -91.15, 46.85 ], [ -91.05, 46.85 ], [ -91.05, 46.75 ], [ -91.15, 46.75 ], [ -91.15, 46.85 ] ] ] } },
{ "type": "Feature", "properties": { "lat": 46.8, "lng": -91.0 }, "geometry": { "type": "Polygon", "coordinates": [ [ [ -91.05, 46.85 ], [ -90.95, 46.85 ], [ -90.95, 46.75 ], [ -91.05, 46.75 ], [ -91.05, 46.85 ] ] ] } },
{ "type": "Feature", "properties": { "lat": 46.8, "lng": -90.9 }, "geometry": { "type": "Polygon", "coordinates": [ [ [ -90.95, 46.85 ], [ -90.85, 46.85 ], [ -90.85, 46.75 ], [ -90.95, 46.75 ], [ -90.95, 46.85 ] ] ] } },
{ "type": "Feature", "properties": { "lat": 46.8, "lng": -90.8 }, "geometry": { "type": "Polygon", "coordinates": [ [ [ -90.85, 46.85 ], [ -90.75, 46.85 ], [ -90.75, 46.75 ], [ -90.85, 46.75 ], [ -90.85, 46.85 ] ] ] } },
{ "type": "Feature", "properties": { "lat": 46.8, "lng": -90.7 }, "geometry": { "type": "Polygon", "coordinates": [ [ [ -90.75, 46.85 ], [ -90.65, 46.85 ], [ -90.65, 46.75 ], [ -90.75, 46.75 ], [ -90.75, 46.85 ] ] ] } },
{ "type": "Feature", "properties": { "lat": 46.8, "lng": -90.6 }, "geometry": { "type": "Polygon", "coordinates": [ [ [ -90.65, 46.85 ], [ -90.55, 46.85 ], [ -90.55, 46.75 ], [ -90.65, 46.75 ], [ -90.65, 46.85 ] ] ] } },
{ "type": "Feature", "properties": { "lat": 46.8, "lng": -90.5 }, "geometry": { "type": "Polygon", "coordinates": [ [ [ -90.55, 46.85 ], [ -90.45, 46.85 ], [ -90.45, 46.75 ], [ -90.55, 46.75 ], [ -90.55, 46.85 ] ] ] } },
{ "type": "Feature", "properties": { "lat": 46.8, "lng": -90.4 }, "geometry": { "type": "Polygon", "coordinates": [ [ [ -90.45, 46.85 ], [ -90.35, 46.85 ], [ -90.35, 46.75 ], [ -90.45, 46.75 ], [ -90.45, 46.85 ] ] ] } },
{ "type": "Feature", "properties": { "lat": 46.8, "lng": -90.3 }, "geometry": { "type": "Polygon", "coordinates": [ [ [ -90.35, 46.85 ], [ -90.25, 46.85 ], [ -90.25, 46.75 ], [ -90.35, 46.75 ], [ -90.35, 46.85 ] ] ] } },
{ "type": "Feature", "properties": { "lat": 46.8, "lng": -90.2 }, "geometry": { "type": "Polygon", "coordinates": [ [ [ -90.25, 46.85 ], [ -90.15, 46.85 ], [ -90.15, 46.75 ], [ -90.25, 46.75 ], [ -90.25, 46.85 ] ] ] } },
{ "type": "Feature", "properties": { "lat": 46.8, "lng": -90.1 }, "geometry": { "type": "Polygon", "coordinates": [ [ [ -90.15, 46.85 ], [ -90.05, 46.85 ], [ -90.05, 46.75 ], [ -90.15, 46.75 ], [ -90.15, 46.85 ] ] ] } },
{ "type": "Feature", "properties": { "lat": 46.8, "lng": -90.0 }, "geometry": { "type": "Polygon", "coordinates": [ [ [ -90.05, 46.85 ], [ -89.95, 46.85 ], [ -89.95, 46.75 ], [ -90.05, 46.75 ], [ -90.05, 46.85 ] ] ] } },
{ "type": "Feature", "properties": { "lat": 46.8, "lng": -89.9 }, "geometry": { "type": "Polygon", "coordinates": [ [ [ -89.95, 46.85 ], [ -89.85, 46.85 ], [ -89.85, 46.75 ], [ -89.95, 46.75 ], [ -89.95, 46.85 ] ] ] } },
{ "type": "Feature", "properties": { "lat": 46.8, "lng": -89.8 }, "geometry": { "type": "Polygon", "coordinates": [ [ [ -89.85, 46.85 ], [ -89.75, 46.85 ], [ -89.75, 46.75 ], [ -89.85, 46.75 ], [ -89.85, 46.85 ] ] ] } },
{ "type": "Feature", "properties": { "lat": 46.8, "lng": -89.7 }, "geometry": { "type": "Polygon", "coordinates": [ [ [ -89.75, 46.85 ], [ -89.65, 46.85 ], [ -89.65, 46.75 ], [ -89.75, 46.75 ], [ -89.75, 46.85 ] ] ] } },
{ "type": "Feature", "properties": { "lat": 46.8, "lng": -89.6 }, "geometry": { "type": "Polygon", "coordinates": [ [ [ -89.65, 46.85 ], [ -89.55, 46.85 ], [ -89.55, 46.75 ], [ -89.65, 46.75 ], [ -89.65, 46.85 ] ] ] } },
{ "type": "Feature", "properties": { "lat": 46.8, "lng": -89.5 }, "geometry": { "type": "Polygon", "coordinates": [ [ [ -89.55, 46.85 ], [ -89.45, 46.85 ], [ -89.45, 46.75 ], [ -89.55, 46.75 ], [ -89.55, 46.85 ] ] ] } },
{ "type": "Feature", "properties": { "lat": 46.8, "lng": -89.4 }, "geometry": { "type": "Polygon", "coordinates": [ [ [ -89.45, 46.85 ], [ -89.35, 46.85 ], [ -89.35, 46.75 ], [ -89.45, 46.75 ], [ -89.45, 46.85 ] ] ] } },
{ "type": "Feature", "properties": { "lat": 46.8, "lng": -89.3 }, "geometry": { "type": "Polygon", "coordinates": [ [ [ -89.35, 46.85 ], [ -89.25, 46.85 ], [ -89.25, 46.75 ], [ -89.35, 46.75 ], [ -89.35, 46.85 ] ] ] } },
{ "type": "Feature", "properties": { "lat": 46.8, "lng": -89.2 }, "geometry": { "type": "Polygon", "coordinates": [ [ [ -89.25, 46.85 ], [ -89.15, 46.85 ], [ -89.15, 46.75 ], [ -89.25, 46.75 ], [ -89.25, 46.85 ] ] ] } },
{ "type": "Feature", "properties": { "lat": 46.8, "lng": -89.1 }, "geometry": { "type": "Polygon", "coordinates": [ [ [ -89.15, 46.85 ], [ -89.05, 46.85 ], [ -89.05, 46.75 ], [ -89.15, 46.75 ], [ -89.15, 46.85 ] ] ] } },
{ "type": "Feature", "properties": { "lat": 46.8, "lng": -89.0 }, "geometry": { "type": "Polygon", "coordinates": [ [ [ -89.05, 46.85 ], [ -88.95, 46.85 ], [ -88.95, 46.75 ], [ -89.05, 46.75 ], [ -89.05, 46.85 ] ] ] } },
{ "type": "Feature", "properties": { "lat": 46.8, "lng": -88.9 }, "geometry": { "type": "Polygon", "coordinates": [ [ [ -88.95, 46.85 ], [ -88.85, 46.85 ], [ -88.85, 46.75 ], [ -88.95, 46.75 ], [ -88.95, 46.85 ] ] ] } },
{ "type": "Feature", "properties": { "lat": 46.8, "lng": -88.8 }, "geometry": { "type": "Polygon", "coordinates": [ [ [ -88.85, 46.85 ], [ -88.75, 46.85 ], [ -88.75, 46.75 ], [ -88.85, 46.75 ], [ -88.85, 46.85 ] ] ] } },
{ "type": "Feature", "properties": { "lat": 46.8, "lng": -88.7 }, "geometry": { "type": "Polygon", "coordinates": [ [ [ -88.75, 46.85 ], [ -88.65, 46.85 ], [ -88.65, 46.75 ], [ -88.75, 46.75 ], [ -88.75, 46.85 ] ] ] } },
{ "type": "Feature", "properties": { "lat": 46.8, "lng": -88.6 }, "geometry": { "type": "Polygon", "coordinates": [ [ [ -88.65, 46.85 ], [ -88.55, 46.85 ], [ -88.55, 46.75 ], [ -88.65, 46.75 ], [ -88.65, 46.85 ] ] ] } },
{ "type": "Feature", "properties": { "lat": 46.8, "lng": -88.5 }, "geometry": { "type": "Polygon", "coordinates": [ [ [ -88.55, 46.85 ], [ -88.45, 46.85 ], [ -88.45, 46.75 ], [ -88.55, 46.75 ], [ -88.55, 46.85 ] ] ] } },
{ "type": "Feature", "properties": { "lat": 46.8, "lng": -88.4 }, "geometry": { "type": "Polygon", "coordinates": [ [ [ -88.45, 46.85 ], [ -88.35, 46.85 ], [ -88.35, 46.75 ], [ -88.45, 46.75 ], [ -88.45, 46.85 ] ] ] } },
{ "type": "Feature", "properties": { "lat": 46.8, "lng": -88.3 }, "geometry": { "type": "Polygon", "coordinates": [ [ [ -88.35, 46.85 ], [ -88.25, 46.85 ], [ -88.25, 46.75 ], [ -88.35, 46.75 ], [ -88.35, 46.85 ] ] ] } },
{ "type": "Feature", "properties": { "lat": 46.8, "lng": -88.2 }, "geometry": { "type": "Polygon", "coordinates": [ [ [ -88.25, 46.85 ], [ -88.15, 46.85 ], [ -88.15, 46.75 ], [ -88.25, 46.75 ], [ -88.25, 46.85 ] ] ] } },
{ "type": "Feature", "properties": { "lat": 46.8, "lng": -88.1 }, "geometry": { "type": "Polygon", "coordinates": [ [ [ -88.15, 46.85 ], [ -88.05, 46.85 ], [ -88.05, 46.75 ], [ -88.15, 46.75 ], [ -88.15, 46.85 ] ] ] } },
{ "type": "Feature", "properties": { "lat": 46.8, "lng": -88.0 }, "geometry": { "type": "Polygon", "coordinates": [ [ [ -88.05, 46.85 ], [ -87.95, 46.85 ], [ -87.95, 46.75 ], [ -88.05, 46.75 ], [ -88.05, 46.85 ] ] ] } },
{ "type": "Feature", "properties": { "lat": 46.8, "lng": -87.9 }, "geometry": { "type": "Polygon", "coordinates": [ [ [ -87.95, 46.85 ], [ -87.85, 46.85 ], [ -87.85, 46.75 ], [ -87.95, 46.75 ], [ -87.95, 46.85 ] ] ] } },
{ "type": "Feature", "properties": { "lat": 46.8, "lng": -87.8 }, "geometry": { "type": "Polygon", "coordinates": [ [ [ -87.85, 46.85 ], [ -87.75, 46.85 ], [ -87.75, 46.75 ], [ -87.85, 46.75 ], [ -87.85, 46.85 ] ] ] } },
{ "type": "Feature", "properties": { "lat": 46.8, "lng": -87.7 }, "geometry": { "type": "Polygon", "coordinates": [ [ [ -87.75, 46.85 ], [ -87.65, 46.85 ], [ -87.65, 46.75 ], [ -87.75, 46.75 ], [ -87.75, 46.85 ] ] ] } },
{ "type": "Feature", "properties": { "lat": 46.8, "lng": -87.6 }, "geometry": { "type": "Polygon", "coordinates": [ [ [ -87.65, 46.85 ], [ -87.55, 46.85 ], [ -87.55, 46.75 ], [ -87.65, 46.75 ], [ -87.65, 46.85 ] ] ] } },
{ "type": "Feature", "properties": { "lat": 46.8, "lng": -87.5 }, "geometry": { "type": "Polygon", "coordinates": [ [ [ -87.55, 46.85 ], [ -87.45, 46.85 ], [ -87.45, 46.75 ], [ -87.55, 46.75 ], [ -87.55, 46.85 ] ] ] } },
{ "type": "Feature", "properties": { "lat": 46.8, "lng": -87.4 }, "geometry": { "type": "Polygon", "coordinates": [ [ [ -87.45, 46.85 ], [ -87.35, 46.85 ], [ -87.35, 46.75 ], [ -87.45, 46.75 ], [ -87.45, 46.85 ] ] ] } },
{ "type": "Feature", "properties": { "lat": 46.8, "lng": -87.3 }, "geometry": { "type": "Polygon", "coordinates": [ [ [ -87.35, 46.85 ], [ -87.25, 46.85 ], [ -87.25, 46.75 ], [ -87.35, 46.75 ], [ -87.35, 46.85 ] ] ] } },
{ "type": "Feature", "properties": { "lat": 46.8, "lng": -87.2 }, "geometry": { "type": "Polygon", "coordinates": [ [ [ -87.25, 46.85 ], [ -87.15, 46.85 ], [ -87.15, 46.75 ], [ -87.25, 46.75 ], [ -87.25, 46.85 ] ] ] } },
{ "type": "Feature", "properties": { "lat": 46.8, "lng": -87.1 }, "geometry": { "type": "Polygon", "coordinates": [ [ [ -87.15, 46.85 ], [ -87.05, 46.85 ], [ -87.05, 46.75 ], [ -87.15, 46.75 ], [ -87.15, 46.85 ] ] ] } },
{ "type": "Feature", "properties": { "lat": 46.8, "lng": -87.0 }, "geometry": { "type": "Polygon", "coordinates": [ [ [ -87.05, 46.85 ], [ -86.95, 46.85 ], [ -86.95, 46.75 ], [ -87.05, 46.75 ], [ -87.05, 46.85 ] ] ] } },
{ "type": "Feature", "properties": { "lat": 46.8, "lng": -86.9 }, "geometry": { "type": "Polygon", "coordinates": [ [ [ -86.95, 46.85 ], [ -86.85, 46.85 ], [ -86.85, 46.75 ], [ -86.95, 46.75 ], [ -86.95, 46.85 ] ] ] } },
{ "type": "Feature", "properties": { "lat": 46.8, "lng": -86.8 }, "geometry": { "type": "Polygon", "coordinates": [ [ [ -86.85, 46.85 ], [ -86.75, 46.85 ], [ -86.75, 46.75 ], [ -86.85, 46.75 ], [ -86.85, 46.85 ] ] ] } },
{ "type": "Feature", "properties": { "lat": 46.9, "lng": -93.0 }, "geometry": { "type": "Polygon", "coordinates": [ [ [ -93.05, 46.95 ], [ -92.95, 46.95 ], [ -92.95, 46.85 ], [ -93.05, 46.85 ], [ -93.05, 46.95 ] ] ] } },
{ "type": "Feature", "properties": { "lat": 46.9, "lng": -92.9 }, "geometry": { "type": "Polygon", "coordinates": [ [ [ -92.95, 46.95 ], [ -92.85, 46.95 ], [ -92.85, 46.85 ], [ -92.95, 46.85 ], [ -92.95, 46.95 ] ] ] } },
{ "type": "Feature", "properties": { "lat": 46.9, "lng": -92.8 }, "geometry": { "type": "Polygon", "coordinates": [ [ [ -92.85, 46.95 ], [ -92.75, 46.95 ], [ -92.75, 46.85 ], [ -92.85, 46.85 ], [ -92.85, 46.95 ] ] ] } },
{ "type": "Feature", "properties": { "lat": 46.9, "lng": -92.7 }, "geometry": { "type": "Polygon", "coordinates": [ [ [ -92.75, 46.95 ], [ -92.65, 46.95 ], [ -92.65, 46.85 ], [ -92.75, 46.85 ], [ -92.75, 46.95 ] ] ] } },
{ "type": "Feature", "properties": { "lat": 46.9, "lng": -92.6 }, "geometry": { "type": "Polygon", "coordinates": [ [ [ -92.65, 46.95 ], [ -92.55, 46.95 ], [ -92.55, 46.85 ], [ -92.65, 46.85 ], [ -92.65, 46.95 ] ] ] } },
{ "type": "Feature", "properties": { "lat": 46.9, "lng": -92.5 }, "geometry": { "type": "Polygon", "coordinates": [ [ [ -92.55, 46.95 ], [ -92.45, 46.95 ], [ -92.45, 46.85 ], [ -92.55, 46.85 ], [ -92.55, 46.95 ] ] ] } },
{ "type": "Feature", "properties": { "lat": 46.9, "lng": -92.4 }, "geometry": { "type": "Polygon", "coordinates": [ [ [ -92.45, 46.95 ], [ -92.35, 46.95 ], [ -92.35, 46.85 ], [ -92.45, 46.85 ], [ -92.45, 46.95 ] ] ] } },
{ "type": "Feature", "properties": { "lat": 46.9, "lng": -92.3 }, "geometry": { "type": "Polygon", "coordinates": [ [ [ -92.35, 46.95 ], [ -92.25, 46.95 ], [ -92.25, 46.85 ], [ -92.35, 46.85 ], [ -92.35, 46.95 ] ] ] } },
{ "type": "Feature", "properties": { "lat": 46.9, "lng": -92.2 }, "geometry": { "type": "Polygon", "coordinates": [ [ [ -92.25, 46.95 ], [ -92.15, 46.95 ], [ -92.15, 46.85 ], [ -92.25, 46.85 ], [ -92.25, 46.95 ] ] ] } },
{ "type": "Feature", "properties": { "lat": 46.9, "lng": -92.1 }, "geometry": { "type": "Polygon", "coordinates": [ [ [ -92.15, 46.95 ], [ -92.05, 46.95 ], [ -92.05, 46.85 ], [ -92.15, 46.85 ], [ -92.15, 46.95 ] ] ] } },
{ "type": "Feature", "properties": { "lat": 46.9, "lng": -92.0 }, "geometry": { "type": "Polygon", "coordinates": [ [ [ -92.05, 46.95 ], [ -91.95, 46.95 ], [ -91.95, 46.85 ], [ -92.05, 46.85 ], [ -92.05, 46.95 ] ] ] } },
{ "type": "Feature", "properties": { "lat": 46.9, "lng": -91.9 }, "geometry": { "type": "Polygon", "coordinates": [ [ [ -91.95, 46.95 ], [ -91.85, 46.95 ], [ -91.85, 46.85 ], [ -91.95, 46.85 ], [ -91.95, 46.95 ] ] ] } },
{ "type": "Feature", "properties": { "lat": 46.9, "lng": -91.8 }, "geometry": { "type": "Polygon", "coordinates": [ [ [ -91.85, 46.95 ], [ -91.75, 46.95 ], [ -91.75, 46.85 ], [ -91.85, 46.85 ], [ -91.85, 46.95 ] ] ] } },
{ "type": "Feature", "properties": { "lat": 46.9, "lng": -91.7 }, "geometry": { "type": "Polygon", "coordinates": [ [ [ -91.75, 46.95 ], [ -91.65, 46.95 ], [ -91.65, 46.85 ], [ -91.75, 46.85 ], [ -91.75, 46.95 ] ] ] } },
{ "type": "Feature", "properties": { "lat": 46.9, "lng": -91.6 }, "geometry": { "type": "Polygon", "coordinates": [ [ [ -91.65, 46.95 ], [ -91.55, 46.95 ], [ -91.55, 46.85 ], [ -91.65, 46.85 ], [ -91.65, 46.95 ] ] ] } },
{ "type": "Feature", "properties": { "lat": 46.9, "lng": -91.5 }, "geometry": { "type": "Polygon", "coordinates": [ [ [ -91.55, 46.95 ], [ -91.45, 46.95 ], [ -91.45, 46.85 ], [ -91.55, 46.85 ], [ -91.55, 46.95 ] ] ] } },
{ "type": "Feature", "properties": { "lat": 46.9, "lng": -91.4 }, "geometry": { "type": "Polygon", "coordinates": [ [ [ -91.45, 46.95 ], [ -91.35, 46.95 ], [ -91.35, 46.85 ], [ -91.45, 46.85 ], [ -91.45, 46.95 ] ] ] } },
{ "type": "Feature", "properties": { "lat": 46.9, "lng": -91.3 }, "geometry": { "type": "Polygon", "coordinates": [ [ [ -91.35, 46.95 ], [ -91.25, 46.95 ], [ -91.25, 46.85 ], [ -91.35, 46.85 ], [ -91.35, 46.95 ] ] ] } },
{ "type": "Feature", "properties": { "lat": 46.9, "lng": -91.2 }, "geometry": { "type": "Polygon", "coordinates": [ [ [ -91.25, 46.95 ], [ -91.15, 46.95 ], [ -91.15, 46.85 ], [ -91.25, 46.85 ], [ -91.25, 46.95 ] ] ] } },
{ "type": "Feature", "properties": { "lat": 46.9, "lng": -91.1 }, "geometry": { "type": "Polygon", "coordinates": [ [ [ -91.15, 46.95 ], [ -91.05, 46.95 ], [ -91.05, 46.85 ], [ -91.15, 46.85 ], [ -91.15, 46.95 ] ] ] } },
{ "type": "Feature", "properties": { "lat": 46.9, "lng": -91.0 }, "geometry": { "type": "Polygon", "coordinates": [ [ [ -91.05, 46.95 ], [ -90.95, 46.95 ], [ -90.95, 46.85 ], [ -91.05, 46.85 ], [ -91.05, 46.95 ] ] ] } },
{ "type": "Feature", "properties": { "lat": 46.9, "lng": -90.9 }, "geometry": { "type": "Polygon", "coordinates": [ [ [ -90.95, 46.95 ], [ -90.85, 46.95 ], [ -90.85, 46.85 ], [ -90.95, 46.85 ], [ -90.95, 46.95 ] ] ] } },
{ "type": "Feature", "properties": { "lat": 46.9, "lng": -90.8 }, "geometry": { "type": "Polygon", "coordinates": [ [ [ -90.85, 46.95 ], [ -90.75, 46.95 ], [ -90.75, 46.85 ], [ -90.85, 46.85 ], [ -90.85, 46.95 ] ] ] } },
{ "type": "Feature", "properties": { "lat": 46.9, "lng": -90.7 }, "geometry": { "type": "Polygon", "coordinates": [ [ [ -90.75, 46.95 ], [ -90.65, 46.95 ], [ -90.65, 46.85 ], [ -90.75, 46.85 ], [ -90.75, 46.95 ] ] ] } },
{ "type": "Feature", "properties": { "lat": 46.9, "lng": -90.6 }, "geometry": { "type": "Polygon", "coordinates": [ [ [ -90.65, 46.95 ], [ -90.55, 46.95 ], [ -90.55, 46.85 ], [ -90.65, 46.85 ], [ -90.65, 46.95 ] ] ] } },
{ "type": "Feature", "properties": { "lat": 46.9, "lng": -90.5 }, "geometry": { "type": "Polygon", "coordinates": [ [ [ -90.55, 46.95 ], [ -90.45, 46.95 ], [ -90.45, 46.85 ], [ -90.55, 46.85 ], [ -90.55, 46.95 ] ] ] } },
{ "type": "Feature", "properties": { "lat": 46.9, "lng": -90.4 }, "geometry": { "type": "Polygon", "coordinates": [ [ [ -90.45, 46.95 ], [ -90.35, 46.95 ], [ -90.35, 46.85 ], [ -90.45, 46.85 ], [ -90.45, 46.95 ] ] ] } },
{ "type": "Feature", "properties": { "lat": 46.9, "lng": -90.3 }, "geometry": { "type": "Polygon", "coordinates": [ [ [ -90.35, 46.95 ], [ -90.25, 46.95 ], [ -90.25, 46.85 ], [ -90.35, 46.85 ], [ -90.35, 46.95 ] ] ] } },
{ "type": "Feature", "properties": { "lat": 46.9, "lng": -90.2 }, "geometry": { "type": "Polygon", "coordinates": [ [ [ -90.25, 46.95 ], [ -90.15, 46.95 ], [ -90.15, 46.85 ], [ -90.25, 46.85 ], [ -90.25, 46.95 ] ] ] } },
{ "type": "Feature", "properties": { "lat": 46.9, "lng": -90.1 }, "geometry": { "type": "Polygon", "coordinates": [ [ [ -90.15, 46.95 ], [ -90.05, 46.95 ], [ -90.05, 46.85 ], [ -90.15, 46.85 ], [ -90.15, 46.95 ] ] ] } },
{ "type": "Feature", "properties": { "lat": 46.9, "lng": -90.0 }, "geometry": { "type": "Polygon", "coordinates": [ [ [ -90.05, 46.95 ], [ -89.95, 46.95 ], [ -89.95, 46.85 ], [ -90.05, 46.85 ], [ -90.05, 46.95 ] ] ] } },
{ "type": "Feature", "properties": { "lat": 46.9, "lng": -89.9 }, "geometry": { "type": "Polygon", "coordinates": [ [ [ -89.95, 46.95 ], [ -89.85, 46.95 ], [ -89.85, 46.85 ], [ -89.95, 46.85 ], [ -89.95, 46.95 ] ] ] } },
{ "type": "Feature", "properties": { "lat": 46.9, "lng": -89.8 }, "geometry": { "type": "Polygon", "coordinates": [ [ [ -89.85, 46.95 ], [ -89.75, 46.95 ], [ -89.75, 46.85 ], [ -89.85, 46.85 ], [ -89.85, 46.95 ] ] ] } },
{ "type": "Feature", "properties": { "lat": 46.9, "lng": -89.7 }, "geometry": { "type": "Polygon", "coordinates": [ [ [ -89.75, 46.95 ], [ -89.65, 46.95 ], [ -89.65, 46.85 ], [ -89.75, 46.85 ], [ -89.75, 46.95 ] ] ] } },
{ "type": "Feature", "properties": { "lat": 46.9, "lng": -89.6 }, "geometry": { "type": "Polygon", "coordinates": [ [ [ -89.65, 46.95 ], [ -89.55, 46.95 ], [ -89.55, 46.85 ], [ -89.65, 46.85 ], [ -89.65, 46.95 ] ] ] } },
{ "type": "Feature", "properties": { "lat": 46.9, "lng": -89.5 }, "geometry": { "type": "Polygon", "coordinates": [ [ [ -89.55, 46.95 ], [ -89.45, 46.95 ], [ -89.45, 46.85 ], [ -89.55, 46.85 ], [ -89.55, 46.95 ] ] ] } },
{ "type": "Feature", "properties": { "lat": 46.9, "lng": -89.4 }, "geometry": { "type": "Polygon", "coordinates": [ [ [ -89.45, 46.95 ], [ -89.35, 46.95 ], [ -89.35, 46.85 ], [ -89.45, 46.85 ], [ -89.45, 46.95 ] ] ] } },
{ "type": "Feature", "properties": { "lat": 46.9, "lng": -89.3 }, "geometry": { "type": "Polygon", "coordinates": [ [ [ -89.35, 46.95 ], [ -89.25, 46.95 ], [ -89.25, 46.85 ], [ -89.35, 46.85 ], [ -89.35, 46.95 ] ] ] } },
{ "type": "Feature", "properties": { "lat": 46.9, "lng": -89.2 }, "geometry": { "type": "Polygon", "coordinates": [ [ [ -89.25, 46.95 ], [ -89.15, 46.95 ], [ -89.15, 46.85 ], [ -89.25, 46.85 ], [ -89.25, 46.95 ] ] ] } },
{ "type": "Feature", "properties": { "lat": 46.9, "lng": -89.1 }, "geometry": { "type": "Polygon", "coordinates": [ [ [ -89.15, 46.95 ], [ -89.05, 46.95 ], [ -89.05, 46.85 ], [ -89.15, 46.85 ], [ -89.15, 46.95 ] ] ] } },
{ "type": "Feature", "properties": { "lat": 46.9, "lng": -89.0 }, "geometry": { "type": "Polygon", "coordinates": [ [ [ -89.05, 46.95 ], [ -88.95, 46.95 ], [ -88.95, 46.85 ], [ -89.05, 46.85 ], [ -89.05, 46.95 ] ] ] } },
{ "type": "Feature", "properties": { "lat": 46.9, "lng": -88.9 }, "geometry": { "type": "Polygon", "coordinates": [ [ [ -88.95, 46.95 ], [ -88.85, 46.95 ], [ -88.85, 46.85 ], [ -88.95, 46.85 ], [ -88.95, 46.95 ] ] ] } },
{ "type": "Feature", "properties": { "lat": 46.9, "lng": -88.8 }, "geometry": { "type": "Polygon", "coordinates": [ [ [ -88.85, 46.95 ], [ -88.75, 46.95 ], [ -88.75, 46.85 ], [ -88.85, 46.85 ], [ -88.85, 46.95 ] ] ] } },
{ "type": "Feature", "properties": { "lat": 46.9, "lng": -88.7 }, "geometry": { "type": "Polygon", "coordinates": [ [ [ -88.75, 46.95 ], [ -88.65, 46.95 ], [ -88.65, 46.85 ], [ -88.75, 46.85 ], [ -88.75, 46.95 ] ] ] } },
{ "type": "Feature", "properties": { "lat": 46.9, "lng": -88.6 }, "geometry": { "type": "Polygon", "coordinates": [ [ [ -88.65, 46.95 ], [ -88.55, 46.95 ], [ -88.55, 46.85 ], [ -88.65, 46.85 ], [ -88.65, 46.95 ] ] ] } },
{ "type": "Feature", "properties": { "lat": 46.9, "lng": -88.5 }, "geometry": { "type": "Polygon", "coordinates": [ [ [ -88.55, 46.95 ], [ -88.45, 46.95 ], [ -88.45, 46.85 ], [ -88.55, 46.85 ], [ -88.55, 46.95 ] ] ] } },
{ "type": "Feature", "properties": { "lat": 46.9, "lng": -88.4 }, "geometry": { "type": "Polygon", "coordinates": [ [ [ -88.45, 46.95 ], [ -88.35, 46.95 ], [ -88.35, 46.85 ], [ -88.45, 46.85 ], [ -88.45, 46.95 ] ] ] } },
{ "type": "Feature", "properties": { "lat": 46.9, "lng": -88.3 }, "geometry": { "type": "Polygon", "coordinates": [ [ [ -88.35, 46.95 ], [ -88.25, 46.95 ], [ -88.25, 46.85 ], [ -88.35, 46.85 ], [ -88.35, 46.95 ] ] ] } },
{ "type": "Feature", "properties": { "lat": 46.9, "lng": -88.2 }, "geometry": { "type": "Polygon", "coordinates": [ [ [ -88.25, 46.95 ], [ -88.15, 46.95 ], [ -88.15, 46.85 ], [ -88.25, 46.85 ], [ -88.25, 46.95 ] ] ] } },
{ "type": "Feature", "properties": { "lat": 46.9, "lng": -88.1 }, "geometry": { "type": "Polygon", "coordinates": [ [ [ -88.15, 46.95 ], [ -88.05, 46.95 ], [ -88.05, 46.85 ], [ -88.15, 46.85 ], [ -88.15, 46.95 ] ] ] } },
{ "type": "Feature", "properties": { "lat": 46.9, "lng": -88.0 }, "geometry": { "type": "Polygon", "coordinates": [ [ [ -88.05, 46.95 ], [ -87.95, 46.95 ], [ -87.95, 46.85 ], [ -88.05, 46.85 ], [ -88.05, 46.95 ] ] ] } },
{ "type": "Feature", "properties": { "lat": 46.9, "lng": -87.9 }, "geometry": { "type": "Polygon", "coordinates": [ [ [ -87.95, 46.95 ], [ -87.85, 46.95 ], [ -87.85, 46.85 ], [ -87.95, 46.85 ], [ -87.95, 46.95 ] ] ] } },
{ "type": "Feature", "properties": { "lat": 46.9, "lng": -87.8 }, "geometry": { "type": "Polygon", "coordinates": [ [ [ -87.85, 46.95 ], [ -87.75, 46.95 ], [ -87.75, 46.85 ], [ -87.85, 46.85 ], [ -87.85, 46.95 ] ] ] } },
{ "type": "Feature", "properties": { "lat": 46.9, "lng": -87.7 }, "geometry": { "type": "Polygon", "coordinates": [ [ [ -87.75, 46.95 ], [ -87.65, 46.95 ], [ -87.65, 46.85 ], [ -87.75, 46.85 ], [ -87.75, 46.95 ] ] ] } },
{ "type": "Feature", "properties": { "lat": 46.9, "lng": -87.6 }, "geometry": { "type": "Polygon", "coordinates": [ [ [ -87.65, 46.95 ], [ -87.55, 46.95 ], [ -87.55, 46.85 ], [ -87.65, 46.85 ], [ -87.65, 46.95 ] ] ] } },
{ "type": "Feature", "properties": { "lat": 46.9, "lng": -87.5 }, "geometry": { "type": "Polygon", "coordinates": [ [ [ -87.55, 46.95 ], [ -87.45, 46.95 ], [ -87.45, 46.85 ], [ -87.55, 46.85 ], [ -87.55, 46.95 ] ] ] } },
{ "type": "Feature", "properties": { "lat": 46.9, "lng": -87.4 }, "geometry": { "type": "Polygon", "coordinates": [ [ [ -87.45, 46.95 ], [ -87.35, 46.95 ], [ -87.35, 46.85 ], [ -87.45, 46.85 ], [ -87.45, 46.95 ] ] ] } },
{ "type": "Feature", "properties": { "lat": 46.9, "lng": -87.3 }, "geometry": { "type": "Polygon", "coordinates": [ [ [ -87.35, 46.95 ], [ -87.25, 46.95 ], [ -87.25, 46.85 ], [ -87.35, 46.85 ], [ -87.35, 46.95 ] ] ] } },
{ "type": "Feature", "properties": { "lat": 46.9, "lng": -87.2 }, "geometry": { "type": "Polygon", "coordinates": [ [ [ -87.25, 46.95 ], [ -87.15, 46.95 ], [ -87.15, 46.85 ], [ -87.25, 46.85 ], [ -87.25, 46.95 ] ] ] } },
{ "type": "Feature", "properties": { "lat": 46.9, "lng": -87.1 }, "geometry": { "type": "Polygon", "coordinates": [ [ [ -87.15, 46.95 ], [ -87.05, 46.95 ], [ -87.05, 46.85 ], [ -87.15, 46.85 ], [ -87.15, 46.95 ] ] ] } },
{ "type": "Feature", "properties": { "lat": 46.9, "lng": -87.0 }, "geometry": { "type": "Polygon", "coordinates": [ [ [ -87.05, 46.95 ], [ -86.95, 46.95 ], [ -86.95, 46.85 ], [ -87.05, 46.85 ], [ -87.05, 46.95 ] ] ] } },
{ "type": "Feature", "properties": { "lat": 46.9, "lng": -86.9 }, "geometry": { "type": "Polygon", "coordinates": [ [ [ -86.95, 46.95 ], [ -86.85, 46.95 ], [ -86.85, 46.85 ], [ -86.95, 46.85 ], [ -86.95, 46.95 ] ] ] } },
{ "type": "Feature", "properties": { "lat": 46.9, "lng": -86.8 }, "geometry": { "type": "Polygon", "coordinates": [ [ [ -86.85, 46.95 ], [ -86.75, 46.95 ], [ -86.75, 46.85 ], [ -86.85, 46.85 ], [ -86.85, 46.95 ] ] ] } },
{ "type": "Feature", "properties": { "lat": 47.0, "lng": -93.0 }, "geometry": { "type": "Polygon", "coordinates": [ [ [ -93.05, 47.05 ], [ -92.95, 47.05 ], [ -92.95, 46.95 ], [ -93.05, 46.95 ], [ -93.05, 47.05 ] ] ] } },
{ "type": "Feature", "properties": { "lat": 47.0, "lng": -92.9 }, "geometry": { "type": "Polygon", "coordinates": [ [ [ -92.95, 47.05 ], [ -92.85, 47.05 ], [ -92.85, 46.95 ], [ -92.95, 46.95 ], [ -92.95, 47.05 ] ] ] } },
{ "type": "Feature", "properties": { "lat": 47.0, "lng": -92.8 }, "geometry": { "type": "Polygon", "coordinates": [ [ [ -92.85, 47.05 ], [ -92.75, 47.05 ], [ -92.75, 46.95 ], [ -92.85, 46.95 ], [ -92.85, 47.05 ] ] ] } },
{ "type": "Feature", "properties": { "lat": 47.0, "lng": -92.7 }, "geometry": { "type": "Polygon", "coordinates": [ [ [ -92.75, 47.05 ], [ -92.65, 47.05 ], [ -92.65, 46.95 ], [ -92.75, 46.95 ], [ -92.75, 47.05 ] ] ] } },
{ "type": "Feature", "properties": { "lat": 47.0, "lng": -92.6 }, "geometry": { "type": "Polygon", "coordinates": [ [ [ -92.65, 47.05 ], [ -92.55, 47.05 ], [ -92.55, 46.95 ], [ -92.65, 46.95 ], [ -92.65, 47.05 ] ] ] } },
{ "type": "Feature", "properties": { "lat": 47.0, "lng": -92.5 }, "geometry": { "type": "Polygon", "coordinates": [ [ [ -92.55, 47.05 ], [ -92.45, 47.05 ], [ -92.45, 46.95 ], [ -92.55, 46.95 ], [ -92.55, 47.05 ] ] ] } },
{ "type": "Feature", "properties": { "lat": 47.0, "lng": -92.4 }, "geometry": { "type": "Polygon", "coordinates": [ [ [ -92.45, 47.05 ], [ -92.35, 47.05 ], [ -92.35, 46.95 ], [ -92.45, 46.95 ], [ -92.45, 47.05 ] ] ] } },
{ "type": "Feature", "properties": { "lat": 47.0, "lng": -92.3 }, "geometry": { "type": "Polygon", "coordinates": [ [ [ -92.35, 47.05 ], [ -92.25, 47.05 ], [ -92.25, 46.95 ], [ -92.35, 46.95 ], [ -92.35, 47.05 ] ] ] } },
{ "type": "Feature", "properties": { "lat": 47.0, "lng": -92.2 }, "geometry": { "type": "Polygon", "coordinates": [ [ [ -92.25, 47.05 ], [ -92.15, 47.05 ], [ -92.15, 46.95 ], [ -92.25, 46.95 ], [ -92.25, 47.05 ] ] ] } },
{ "type": "Feature", "properties": { "lat": 47.0, "lng": -92.1 }, "geometry": { "type": "Polygon", "coordinates": [ [ [ -92.15, 47.05 ], [ -92.05, 47.05 ], [ -92.05, 46.95 ], [ -92.15, 46.95 ], [ -92.15, 47.05 ] ] ] } },
{ "type": "Feature", "properties": { "lat": 47.0, "lng": -92.0 }, "geometry": { "type": "Polygon", "coordinates": [ [ [ -92.05, 47.05 ], [ -91.95, 47.05 ], [ -91.95, 46.95 ], [ -92.05, 46.95 ], [ -92.05, 47.05 ] ] ] } },
{ "type": "Feature", "properties": { "lat": 47.0, "lng": -91.9 }, "geometry": { "type": "Polygon", "coordinates": [ [ [ -91.95, 47.05 ], [ -91.85, 47.05 ], [ -91.85, 46.95 ], [ -91.95, 46.95 ], [ -91.95, 47.05 ] ] ] } },
{ "type": "Feature", "properties": { "lat": 47.0, "lng": -91.8 }, "geometry": { "type": "Polygon", "coordinates": [ [ [ -91.85, 47.05 ], [ -91.75, 47.05 ], [ -91.75, 46.95 ], [ -91.85, 46.95 ], [ -91.85, 47.05 ] ] ] } },
{ "type": "Feature", "properties": { "lat": 47.0, "lng": -91.7 }, "geometry": { "type": "Polygon", "coordinates": [ [ [ -91.75, 47.05 ], [ -91.65, 47.05 ], [ -91.65, 46.95 ], [ -91.75, 46.95 ], [ -91.75, 47.05 ] ] ] } },
{ "type": "Feature", "properties": { "lat": 47.0, "lng": -91.6 }, "geometry": { "type": "Polygon", "coordinates": [ [ [ -91.65, 47.05 ], [ -91.55, 47.05 ], [ -91.55, 46.95 ], [ -91.65, 46.95 ], [ -91.65, 47.05 ] ] ] } },
{ "type": "Feature", "properties": { "lat": 47.0, "lng": -91.5 }, "geometry": { "type": "Polygon", "coordinates": [ [ [ -91.55, 47.05 ], [ -91.45, 47.05 ], [ -91.45, 46.95 ], [ -91.55, 46.95 ], [ -91.55, 47.05 ] ] ] } },
{ "type": "Feature", "properties": { "lat": 47.0, "lng": -91.4 }, "geometry": { "type": "Polygon", "coordinates": [ [ [ -91.45, 47.05 ], [ -91.35, 47.05 ], [ -91.35, 46.95 ], [ -91.45, 46.95 ], [ -91.45, 47.05 ] ] ] } },
{ "type": "Feature", "properties": { "lat": 47.0, "lng": -91.3 }, "geometry": { "type": "Polygon", "coordinates": [ [ [ -91.35, 47.05 ], [ -91.25, 47.05 ], [ -91.25, 46.95 ], [ -91.35, 46.95 ], [ -91.35, 47.05 ] ] ] } },
{ "type": "Feature", "properties": { "lat": 47.0, "lng": -91.2 }, "geometry": { "type": "Polygon", "coordinates": [ [ [ -91.25, 47.05 ], [ -91.15, 47.05 ], [ -91.15, 46.95 ], [ -91.25, 46.95 ], [ -91.25, 47.05 ] ] ] } },
{ "type": "Feature", "properties": { "lat": 47.0, "lng": -91.1 }, "geometry": { "type": "Polygon", "coordinates": [ [ [ -91.15, 47.05 ], [ -91.05, 47.05 ], [ -91.05, 46.95 ], [ -91.15, 46.95 ], [ -91.15, 47.05 ] ] ] } },
{ "type": "Feature", "properties": { "lat": 47.0, "lng": -91.0 }, "geometry": { "type": "Polygon", "coordinates": [ [ [ -91.05, 47.05 ], [ -90.95, 47.05 ], [ -90.95, 46.95 ], [ -91.05, 46.95 ], [ -91.05, 47.05 ] ] ] } },
{ "type": "Feature", "properties": { "lat": 47.0, "lng": -90.9 }, "geometry": { "type": "Polygon", "coordinates": [ [ [ -90.95, 47.05 ], [ -90.85, 47.05 ], [ -90.85, 46.95 ], [ -90.95, 46.95 ], [ -90.95, 47.05 ] ] ] } },
{ "type": "Feature", "properties": { "lat": 47.0, "lng": -90.8 }, "geometry": { "type": "Polygon", "coordinates": [ [ [ -90.85, 47.05 ], [ -90.75, 47.05 ], [ -90.75, 46.95 ], [ -90.85, 46.95 ], [ -90.85, 47.05 ] ] ] } },
{ "type": "Feature", "properties": { "lat": 47.0, "lng": -90.7 }, "geometry": { "type": "Polygon", "coordinates": [ [ [ -90.75, 47.05 ], [ -90.65, 47.05 ], [ -90.65, 46.95 ], [ -90.75, 46.95 ], [ -90.75, 47.05 ] ] ] } },
{ "type": "Feature", "properties": { "lat": 47.0, "lng": -90.6 }, "geometry": { "type": "Polygon", "coordinates": [ [ [ -90.65, 47.05 ], [ -90.55, 47.05 ], [ -90.55, 46.95 ], [ -90.65, 46.95 ], [ -90.65, 47.05 ] ] ] } },
{ "type": "Feature", "properties": { "lat": 47.0, "lng": -90.5 }, "geometry": { "type": "Polygon", "coordinates": [ [ [ -90.55, 47.05 ], [ -90.45, 47.05 ], [ -90.45, 46.95 ], [ -90.55, 46.95 ], [ -90.55, 47.05 ] ] ] } },
{ "type": "Feature", "properties": { "lat": 47.0, "lng": -90.4 }, "geometry": { "type": "Polygon", "coordinates": [ [ [ -90.45, 47.05 ], [ -90.35, 47.05 ], [ -90.35, 46.95 ], [ -90.45, 46.95 ], [ -90.45, 47.05 ] ] ] } },
{ "type": "Feature", "properties": { "lat": 47.0, "lng": -90.3 }, "geometry": { "type": "Polygon", "coordinates": [ [ [ -90.35, 47.05 ], [ -90.25, 47.05 ], [ -90.25, 46.95 ], [ -90.35, 46.95 ], [ -90.35, 47.05 ] ] ] } },
{ "type": "Feature", "properties": { "lat": 47.0, "lng": -90.2 }, "geometry": { "type": "Polygon", "coordinates": [ [ [ -90.25, 47.05 ], [ -90.15, 47.05 ], [ -90.15, 46.95 ], [ -90.25, 46.95 ], [ -90.25, 47.05 ] ] ] } },
{ "type": "Feature", "properties": { "lat": 47.0, "lng": -90.1 }, "geometry": { "type": "Polygon", "coordinates": [ [ [ -90.15, 47.05 ], [ -90.05, 47.05 ], [ -90.05, 46.95 ], [ -90.15, 46.95 ], [ -90.15, 47.05 ] ] ] } },
{ "type": "Feature", "properties": { "lat": 47.0, "lng": -90.0 }, "geometry": { "type": "Polygon", "coordinates": [ [ [ -90.05, 47.05 ], [ -89.95, 47.05 ], [ -89.95, 46.95 ], [ -90.05, 46.95 ], [ -90.05, 47.05 ] ] ] } },
{ "type": "Feature", "properties": { "lat": 47.0, "lng": -89.9 }, "geometry": { "type": "Polygon", "coordinates": [ [ [ -89.95, 47.05 ], [ -89.85, 47.05 ], [ -89.85, 46.95 ], [ -89.95, 46.95 ], [ -89.95, 47.05 ] ] ] } },
{ "type": "Feature", "properties": { "lat": 47.0, "lng": -89.8 }, "geometry": { "type": "Polygon", "coordinates": [ [ [ -89.85, 47.05 ], [ -89.75, 47.05 ], [ -89.75, 46.95 ], [ -89.85, 46.95 ], [ -89.85, 47.05 ] ] ] } },
{ "type": "Feature", "properties": { "lat": 47.0, "lng": -89.7 }, "geometry": { "type": "Polygon", "coordinates": [ [ [ -89.75, 47.05 ], [ -89.65, 47.05 ], [ -89.65, 46.95 ], [ -89.75, 46.95 ], [ -89.75, 47.05 ] ] ] } },
{ "type": "Feature", "properties": { "lat": 47.0, "lng": -89.6 }, "geometry": { "type": "Polygon", "coordinates": [ [ [ -89.65, 47.05 ], [ -89.55, 47.05 ], [ -89.55, 46.95 ], [ -89.65, 46.95 ], [ -89.65, 47.05 ] ] ] } },
{ "type": "Feature", "properties": { "lat": 47.0, "lng": -89.5 }, "geometry": { "type": "Polygon", "coordinates": [ [ [ -89.55, 47.05 ], [ -89.45, 47.05 ], [ -89.45, 46.95 ], [ -89.55, 46.95 ], [ -89.55, 47.05 ] ] ] } },
{ "type": "Feature", "properties": { "lat": 47.0, "lng": -89.4 }, "geometry": { "type": "Polygon", "coordinates": [ [ [ -89.45, 47.05 ], [ -89.35, 47.05 ], [ -89.35, 46.95 ], [ -89.45, 46.95 ], [ -89.45, 47.05 ] ] ] } },
{ "type": "Feature", "properties": { "lat": 47.0, "lng": -89.3 }, "geometry": { "type": "Polygon", "coordinates": [ [ [ -89.35, 47.05 ], [ -89.25, 47.05 ], [ -89.25, 46.95 ], [ -89.35, 46.95 ], [ -89.35, 47.05 ] ] ] } },
{ "type": "Feature", "properties": { "lat": 47.0, "lng": -89.2 }, "geometry": { "type": "Polygon", "coordinates": [ [ [ -89.25, 47.05 ], [ -89.15, 47.05 ], [ -89.15, 46.95 ], [ -89.25, 46.95 ], [ -89.25, 47.05 ] ] ] } },
{ "type": "Feature", "properties": { "lat": 47.0, "lng": -89.1 }, "geometry": { "type": "Polygon", "coordinates": [ [ [ -89.15, 47.05 ], [ -89.05, 47.05 ], [ -89.05, 46.95 ], [ -89.15, 46.95 ], [ -89.15, 47.05 ] ] ] } },
{ "type": "Feature", "properties": { "lat": 47.0, "lng": -89.0 }, "geometry": { "type": "Polygon", "coordinates": [ [ [ -89.05, 47.05 ], [ -88.95, 47.05 ], [ -88.95, 46.95 ], [ -89.05, 46.95 ], [ -89.05, 47.05 ] ] ] } },
{ "type": "Feature", "properties": { "lat": 47.0, "lng": -88.9 }, "geometry": { "type": "Polygon", "coordinates": [ [ [ -88.95, 47.05 ], [ -88.85, 47.05 ], [ -88.85, 46.95 ], [ -88.95, 46.95 ], [ -88.95, 47.05 ] ] ] } },
{ "type": "Feature", "properties": { "lat": 47.0, "lng": -88.8 }, "geometry": { "type": "Polygon", "coordinates": [ [ [ -88.85, 47.05 ], [ -88.75, 47.05 ], [ -88.75, 46.95 ], [ -88.85, 46.95 ], [ -88.85, 47.05 ] ] ] } },
{ "type": "Feature", "properties": { "lat": 47.0, "lng": -88.7 }, "geometry": { "type": "Polygon", "coordinates": [ [ [ -88.75, 47.05 ], [ -88.65, 47.05 ], [ -88.65, 46.95 ], [ -88.75, 46.95 ], [ -88.75, 47.05 ] ] ] } },
{ "type": "Feature", "properties": { "lat": 47.0, "lng": -88.6 }, "geometry": { "type": "Polygon", "coordinates": [ [ [ -88.65, 47.05 ], [ -88.55, 47.05 ], [ -88.55, 46.95 ], [ -88.65, 46.95 ], [ -88.65, 47.05 ] ] ] } },
{ "type": "Feature", "properties": { "lat": 47.0, "lng": -88.5 }, "geometry": { "type": "Polygon", "coordinates": [ [ [ -88.55, 47.05 ], [ -88.45, 47.05 ], [ -88.45, 46.95 ], [ -88.55, 46.95 ], [ -88.55, 47.05 ] ] ] } },
{ "type": "Feature", "properties": { "lat": 47.0, "lng": -88.4 }, "geometry": { "type": "Polygon", "coordinates": [ [ [ -88.45, 47.05 ], [ -88.35, 47.05 ], [ -88.35, 46.95 ], [ -88.45, 46.95 ], [ -88.45, 47.05 ] ] ] } },
{ "type": "Feature", "properties": { "lat": 47.0, "lng": -88.3 }, "geometry": { "type": "Polygon", "coordinates": [ [ [ -88.35, 47.05 ], [ -88.25, 47.05 ], [ -88.25, 46.95 ], [ -88.35, 46.95 ], [ -88.35, 47.05 ] ] ] } },
{ "type": "Feature", "properties": { "lat": 47.0, "lng": -88.2 }, "geometry": { "type": "Polygon", "coordinates": [ [ [ -88.25, 47.05 ], [ -88.15, 47.05 ], [ -88.15, 46.95 ], [ -88.25, 46.95 ], [ -88.25, 47.05 ] ] ] } },
{ "type": "Feature", "properties": { "lat": 47.0, "lng": -88.1 }, "geometry": { "type": "Polygon", "coordinates": [ [ [ -88.15, 47.05 ], [ -88.05, 47.05 ], [ -88.05, 46.95 ], [ -88.15, 46.95 ], [ -88.15, 47.05 ] ] ] } },
{ "type": "Feature", "properties": { "lat": 47.0, "lng": -88.0 }, "geometry": { "type": "Polygon", "coordinates": [ [ [ -88.05, 47.05 ], [ -87.95, 47.05 ], [ -87.95, 46.95 ], [ -88.05, 46.95 ], [ -88.05, 47.05 ] ] ] } },
{ "type": "Feature", "properties": { "lat": 47.0, "lng": -87.9 }, "geometry": { "type": "Polygon", "coordinates": [ [ [ -87.95, 47.05 ], [ -87.85, 47.05 ], [ -87.85, 46.95 ], [ -87.95, 46.95 ], [ -87.95, 47.05 ] ] ] } },
{ "type": "Feature", "properties": { "lat": 47.0, "lng": -87.8 }, "geometry": { "type": "Polygon", "coordinates": [ [ [ -87.85, 47.05 ], [ -87.75, 47.05 ], [ -87.75, 46.95 ], [ -87.85, 46.95 ], [ -87.85, 47.05 ] ] ] } },
{ "type": "Feature", "properties": { "lat": 47.0, "lng": -87.7 }, "geometry": { "type": "Polygon", "coordinates": [ [ [ -87.75, 47.05 ], [ -87.65, 47.05 ], [ -87.65, 46.95 ], [ -87.75, 46.95 ], [ -87.75, 47.05 ] ] ] } },
{ "type": "Feature", "properties": { "lat": 47.0, "lng": -87.6 }, "geometry": { "type": "Polygon", "coordinates": [ [ [ -87.65, 47.05 ], [ -87.55, 47.05 ], [ -87.55, 46.95 ], [ -87.65, 46.95 ], [ -87.65, 47.05 ] ] ] } },
{ "type": "Feature", "properties": { "lat": 47.0, "lng": -87.5 }, "geometry": { "type": "Polygon", "coordinates": [ [ [ -87.55, 47.05 ], [ -87.45, 47.05 ], [ -87.45, 46.95 ], [ -87.55, 46.95 ], [ -87.55, 47.05 ] ] ] } },
{ "type": "Feature", "properties": { "lat": 47.0, "lng": -87.4 }, "geometry": { "type": "Polygon", "coordinates": [ [ [ -87.45, 47.05 ], [ -87.35, 47.05 ], [ -87.35, 46.95 ], [ -87.45, 46.95 ], [ -87.45, 47.05 ] ] ] } },
{ "type": "Feature", "properties": { "lat": 47.0, "lng": -87.3 }, "geometry": { "type": "Polygon", "coordinates": [ [ [ -87.35, 47.05 ], [ -87.25, 47.05 ], [ -87.25, 46.95 ], [ -87.35, 46.95 ], [ -87.35, 47.05 ] ] ] } },
{ "type": "Feature", "properties": { "lat": 47.0, "lng": -87.2 }, "geometry": { "type": "Polygon", "coordinates": [ [ [ -87.25, 47.05 ], [ -87.15, 47.05 ], [ -87.15, 46.95 ], [ -87.25, 46.95 ], [ -87.25, 47.05 ] ] ] } },
{ "type": "Feature", "properties": { "lat": 47.0, "lng": -87.1 }, "geometry": { "type": "Polygon", "coordinates": [ [ [ -87.15, 47.05 ], [ -87.05, 47.05 ], [ -87.05, 46.95 ], [ -87.15, 46.95 ], [ -87.15, 47.05 ] ] ] } },
{ "type": "Feature", "properties": { "lat": 47.0, "lng": -87.0 }, "geometry": { "type": "Polygon", "coordinates": [ [ [ -87.05, 47.05 ], [ -86.95, 47.05 ], [ -86.95, 46.95 ], [ -87.05, 46.95 ], [ -87.05, 47.05 ] ] ] } },
{ "type": "Feature", "properties": { "lat": 47.0, "lng": -86.9 }, "geometry": { "type": "Polygon", "coordinates": [ [ [ -86.95, 47.05 ], [ -86.85, 47.05 ], [ -86.85, 46.95 ], [ -86.95, 46.95 ], [ -86.95, 47.05 ] ] ] } },
{ "type": "Feature", "properties": { "lat": 47.0, "lng": -86.8 }, "geometry": { "type": "Polygon", "coordinates": [ [ [ -86.85, 47.05 ], [ -86.75, 47.05 ], [ -86.75, 46.95 ], [ -86.85, 46.95 ], [ -86.85, 47.05 ] ] ] } },
{ "type": "Feature", "properties": { "lat": 47.1, "lng": -93.0 }, "geometry": { "type": "Polygon", "coordinates": [ [ [ -93.05, 47.15 ], [ -92.95, 47.15 ], [ -92.95, 47.05 ], [ -93.05, 47.05 ], [ -93.05, 47.15 ] ] ] } },
{ "type": "Feature", "properties": { "lat": 47.1, "lng": -92.9 }, "geometry": { "type": "Polygon", "coordinates": [ [ [ -92.95, 47.15 ], [ -92.85, 47.15 ], [ -92.85, 47.05 ], [ -92.95, 47.05 ], [ -92.95, 47.15 ] ] ] } },
{ "type": "Feature", "properties": { "lat": 47.1, "lng": -92.8 }, "geometry": { "type": "Polygon", "coordinates": [ [ [ -92.85, 47.15 ], [ -92.75, 47.15 ], [ -92.75, 47.05 ], [ -92.85, 47.05 ], [ -92.85, 47.15 ] ] ] } },
{ "type": "Feature", "properties": { "lat": 47.1, "lng": -92.7 }, "geometry": { "type": "Polygon", "coordinates": [ [ [ -92.75, 47.15 ], [ -92.65, 47.15 ], [ -92.65, 47.05 ], [ -92.75, 47.05 ], [ -92.75, 47.15 ] ] ] } },
{ "type": "Feature", "properties": { "lat": 47.1, "lng": -92.6 }, "geometry": { "type": "Polygon", "coordinates": [ [ [ -92.65, 47.15 ], [ -92.55, 47.15 ], [ -92.55, 47.05 ], [ -92.65, 47.05 ], [ -92.65, 47.15 ] ] ] } },
{ "type": "Feature", "properties": { "lat": 47.1, "lng": -92.5 }, "geometry": { "type": "Polygon", "coordinates": [ [ [ -92.55, 47.15 ], [ -92.45, 47.15 ], [ -92.45, 47.05 ], [ -92.55, 47.05 ], [ -92.55, 47.15 ] ] ] } },
{ "type": "Feature", "properties": { "lat": 47.1, "lng": -92.4 }, "geometry": { "type": "Polygon", "coordinates": [ [ [ -92.45, 47.15 ], [ -92.35, 47.15 ], [ -92.35, 47.05 ], [ -92.45, 47.05 ], [ -92.45, 47.15 ] ] ] } },
{ "type": "Feature", "properties": { "lat": 47.1, "lng": -92.3 }, "geometry": { "type": "Polygon", "coordinates": [ [ [ -92.35, 47.15 ], [ -92.25, 47.15 ], [ -92.25, 47.05 ], [ -92.35, 47.05 ], [ -92.35, 47.15 ] ] ] } },
{ "type": "Feature", "properties": { "lat": 47.1, "lng": -92.2 }, "geometry": { "type": "Polygon", "coordinates": [ [ [ -92.25, 47.15 ], [ -92.15, 47.15 ], [ -92.15, 47.05 ], [ -92.25, 47.05 ], [ -92.25, 47.15 ] ] ] } },
{ "type": "Feature", "properties": { "lat": 47.1, "lng": -92.1 }, "geometry": { "type": "Polygon", "coordinates": [ [ [ -92.15, 47.15 ], [ -92.05, 47.15 ], [ -92.05, 47.05 ], [ -92.15, 47.05 ], [ -92.15, 47.15 ] ] ] } },
{ "type": "Feature", "properties": { "lat": 47.1, "lng": -92.0 }, "geometry": { "type": "Polygon", "coordinates": [ [ [ -92.05, 47.15 ], [ -91.95, 47.15 ], [ -91.95, 47.05 ], [ -92.05, 47.05 ], [ -92.05, 47.15 ] ] ] } },
{ "type": "Feature", "properties": { "lat": 47.1, "lng": -91.9 }, "geometry": { "type": "Polygon", "coordinates": [ [ [ -91.95, 47.15 ], [ -91.85, 47.15 ], [ -91.85, 47.05 ], [ -91.95, 47.05 ], [ -91.95, 47.15 ] ] ] } },
{ "type": "Feature", "properties": { "lat": 47.1, "lng": -91.8 }, "geometry": { "type": "Polygon", "coordinates": [ [ [ -91.85, 47.15 ], [ -91.75, 47.15 ], [ -91.75, 47.05 ], [ -91.85, 47.05 ], [ -91.85, 47.15 ] ] ] } },
{ "type": "Feature", "properties": { "lat": 47.1, "lng": -91.7 }, "geometry": { "type": "Polygon", "coordinates": [ [ [ -91.75, 47.15 ], [ -91.65, 47.15 ], [ -91.65, 47.05 ], [ -91.75, 47.05 ], [ -91.75, 47.15 ] ] ] } },
{ "type": "Feature", "properties": { "lat": 47.1, "lng": -91.6 }, "geometry": { "type": "Polygon", "coordinates": [ [ [ -91.65, 47.15 ], [ -91.55, 47.15 ], [ -91.55, 47.05 ], [ -91.65, 47.05 ], [ -91.65, 47.15 ] ] ] } },
{ "type": "Feature", "properties": { "lat": 47.1, "lng": -91.5 }, "geometry": { "type": "Polygon", "coordinates": [ [ [ -91.55, 47.15 ], [ -91.45, 47.15 ], [ -91.45, 47.05 ], [ -91.55, 47.05 ], [ -91.55, 47.15 ] ] ] } },
{ "type": "Feature", "properties": { "lat": 47.1, "lng": -91.4 }, "geometry": { "type": "Polygon", "coordinates": [ [ [ -91.45, 47.15 ], [ -91.35, 47.15 ], [ -91.35, 47.05 ], [ -91.45, 47.05 ], [ -91.45, 47.15 ] ] ] } },
{ "type": "Feature", "properties": { "lat": 47.1, "lng": -91.3 }, "geometry": { "type": "Polygon", "coordinates": [ [ [ -91.35, 47.15 ], [ -91.25, 47.15 ], [ -91.25, 47.05 ], [ -91.35, 47.05 ], [ -91.35, 47.15 ] ] ] } },
{ "type": "Feature", "properties": { "lat": 47.1, "lng": -91.2 }, "geometry": { "type": "Polygon", "coordinates": [ [ [ -91.25, 47.15 ], [ -91.15, 47.15 ], [ -91.15, 47.05 ], [ -91.25, 47.05 ], [ -91.25, 47.15 ] ] ] } },
{ "type": "Feature", "properties": { "lat": 47.1, "lng": -91.1 }, "geometry": { "type": "Polygon", "coordinates": [ [ [ -91.15, 47.15 ], [ -91.05, 47.15 ], [ -91.05, 47.05 ], [ -91.15, 47.05 ], [ -91.15, 47.15 ] ] ] } },
{ "type": "Feature", "properties": { "lat": 47.1, "lng": -91.0 }, "geometry": { "type": "Polygon", "coordinates": [ [ [ -91.05, 47.15 ], [ -90.95, 47.15 ], [ -90.95, 47.05 ], [ -91.05, 47.05 ], [ -91.05, 47.15 ] ] ] } },
{ "type": "Feature", "properties": { "lat": 47.1, "lng": -90.9 }, "geometry": { "type": "Polygon", "coordinates": [ [ [ -90.95, 47.15 ], [ -90.85, 47.15 ], [ -90.85, 47.05 ], [ -90.95, 47.05 ], [ -90.95, 47.15 ] ] ] } },
{ "type": "Feature", "properties": { "lat": 47.1, "lng": -90.8 }, "geometry": { "type": "Polygon", "coordinates": [ [ [ -90.85, 47.15 ], [ -90.75, 47.15 ], [ -90.75, 47.05 ], [ -90.85, 47.05 ], [ -90.85, 47.15 ] ] ] } },
{ "type": "Feature", "properties": { "lat": 47.1, "lng": -90.7 }, "geometry": { "type": "Polygon", "coordinates": [ [ [ -90.75, 47.15 ], [ -90.65, 47.15 ], [ -90.65, 47.05 ], [ -90.75, 47.05 ], [ -90.75, 47.15 ] ] ] } },
{ "type": "Feature", "properties": { "lat": 47.1, "lng": -90.6 }, "geometry": { "type": "Polygon", "coordinates": [ [ [ -90.65, 47.15 ], [ -90.55, 47.15 ], [ -90.55, 47.05 ], [ -90.65, 47.05 ], [ -90.65, 47.15 ] ] ] } },
{ "type": "Feature", "properties": { "lat": 47.1, "lng": -90.5 }, "geometry": { "type": "Polygon", "coordinates": [ [ [ -90.55, 47.15 ], [ -90.45, 47.15 ], [ -90.45, 47.05 ], [ -90.55, 47.05 ], [ -90.55, 47.15 ] ] ] } },
{ "type": "Feature", "properties": { "lat": 47.1, "lng": -90.4 }, "geometry": { "type": "Polygon", "coordinates": [ [ [ -90.45, 47.15 ], [ -90.35, 47.15 ], [ -90.35, 47.05 ], [ -90.45, 47.05 ], [ -90.45, 47.15 ] ] ] } },
{ "type": "Feature", "properties": { "lat": 47.1, "lng": -90.3 }, "geometry": { "type": "Polygon", "coordinates": [ [ [ -90.35, 47.15 ], [ -90.25, 47.15 ], [ -90.25, 47.05 ], [ -90.35, 47.05 ], [ -90.35, 47.15 ] ] ] } },
{ "type": "Feature", "properties": { "lat": 47.1, "lng": -90.2 }, "geometry": { "type": "Polygon", "coordinates": [ [ [ -90.25, 47.15 ], [ -90.15, 47.15 ], [ -90.15, 47.05 ], [ -90.25, 47.05 ], [ -90.25, 47.15 ] ] ] } },
{ "type": "Feature", "properties": { "lat": 47.1, "lng": -90.1 }, "geometry": { "type": "Polygon", "coordinates": [ [ [ -90.15, 47.15 ], [ -90.05, 47.15 ], [ -90.05, 47.05 ], [ -90.15, 47.05 ], [ -90.15, 47.15 ] ] ] } },
{ "type": "Feature", "properties": { "lat": 47.1, "lng": -90.0 }, "geometry": { "type": "Polygon", "coordinates": [ [ [ -90.05, 47.15 ], [ -89.95, 47.15 ], [ -89.95, 47.05 ], [ -90.05, 47.05 ], [ -90.05, 47.15 ] ] ] } },
{ "type": "Feature", "properties": { "lat": 47.1, "lng": -89.9 }, "geometry": { "type": "Polygon", "coordinates": [ [ [ -89.95, 47.15 ], [ -89.85, 47.15 ], [ -89.85, 47.05 ], [ -89.95, 47.05 ], [ -89.95, 47.15 ] ] ] } },
{ "type": "Feature", "properties": { "lat": 47.1, "lng": -89.8 }, "geometry": { "type": "Polygon", "coordinates": [ [ [ -89.85, 47.15 ], [ -89.75, 47.15 ], [ -89.75, 47.05 ], [ -89.85, 47.05 ], [ -89.85, 47.15 ] ] ] } },
{ "type": "Feature", "properties": { "lat": 47.1, "lng": -89.7 }, "geometry": { "type": "Polygon", "coordinates": [ [ [ -89.75, 47.15 ], [ -89.65, 47.15 ], [ -89.65, 47.05 ], [ -89.75, 47.05 ], [ -89.75, 47.15 ] ] ] } },
{ "type": "Feature", "properties": { "lat": 47.1, "lng": -89.6 }, "geometry": { "type": "Polygon", "coordinates": [ [ [ -89.65, 47.15 ], [ -89.55, 47.15 ], [ -89.55, 47.05 ], [ -89.65, 47.05 ], [ -89.65, 47.15 ] ] ] } },
{ "type": "Feature", "properties": { "lat": 47.1, "lng": -89.5 }, "geometry": { "type": "Polygon", "coordinates": [ [ [ -89.55, 47.15 ], [ -89.45, 47.15 ], [ -89.45, 47.05 ], [ -89.55, 47.05 ], [ -89.55, 47.15 ] ] ] } },
{ "type": "Feature", "properties": { "lat": 47.1, "lng": -89.4 }, "geometry": { "type": "Polygon", "coordinates": [ [ [ -89.45, 47.15 ], [ -89.35, 47.15 ], [ -89.35, 47.05 ], [ -89.45, 47.05 ], [ -89.45, 47.15 ] ] ] } },
{ "type": "Feature", "properties": { "lat": 47.1, "lng": -89.3 }, "geometry": { "type": "Polygon", "coordinates": [ [ [ -89.35, 47.15 ], [ -89.25, 47.15 ], [ -89.25, 47.05 ], [ -89.35, 47.05 ], [ -89.35, 47.15 ] ] ] } },
{ "type": "Feature", "properties": { "lat": 47.1, "lng": -89.2 }, "geometry": { "type": "Polygon", "coordinates": [ [ [ -89.25, 47.15 ], [ -89.15, 47.15 ], [ -89.15, 47.05 ], [ -89.25, 47.05 ], [ -89.25, 47.15 ] ] ] } },
{ "type": "Feature", "properties": { "lat": 47.1, "lng": -89.1 }, "geometry": { "type": "Polygon", "coordinates": [ [ [ -89.15, 47.15 ], [ -89.05, 47.15 ], [ -89.05, 47.05 ], [ -89.15, 47.05 ], [ -89.15, 47.15 ] ] ] } },
{ "type": "Feature", "properties": { "lat": 47.1, "lng": -89.0 }, "geometry": { "type": "Polygon", "coordinates": [ [ [ -89.05, 47.15 ], [ -88.95, 47.15 ], [ -88.95, 47.05 ], [ -89.05, 47.05 ], [ -89.05, 47.15 ] ] ] } },
{ "type": "Feature", "properties": { "lat": 47.1, "lng": -88.9 }, "geometry": { "type": "Polygon", "coordinates": [ [ [ -88.95, 47.15 ], [ -88.85, 47.15 ], [ -88.85, 47.05 ], [ -88.95, 47.05 ], [ -88.95, 47.15 ] ] ] } },
{ "type": "Feature", "properties": { "lat": 47.1, "lng": -88.8 }, "geometry": { "type": "Polygon", "coordinates": [ [ [ -88.85, 47.15 ], [ -88.75, 47.15 ], [ -88.75, 47.05 ], [ -88.85, 47.05 ], [ -88.85, 47.15 ] ] ] } },
{ "type": "Feature", "properties": { "lat": 47.1, "lng": -88.7 }, "geometry": { "type": "Polygon", "coordinates": [ [ [ -88.75, 47.15 ], [ -88.65, 47.15 ], [ -88.65, 47.05 ], [ -88.75, 47.05 ], [ -88.75, 47.15 ] ] ] } },
{ "type": "Feature", "properties": { "lat": 47.1, "lng": -88.6 }, "geometry": { "type": "Polygon", "coordinates": [ [ [ -88.65, 47.15 ], [ -88.55, 47.15 ], [ -88.55, 47.05 ], [ -88.65, 47.05 ], [ -88.65, 47.15 ] ] ] } },
{ "type": "Feature", "properties": { "lat": 47.1, "lng": -88.5 }, "geometry": { "type": "Polygon", "coordinates": [ [ [ -88.55, 47.15 ], [ -88.45, 47.15 ], [ -88.45, 47.05 ], [ -88.55, 47.05 ], [ -88.55, 47.15 ] ] ] } },
{ "type": "Feature", "properties": { "lat": 47.1, "lng": -88.4 }, "geometry": { "type": "Polygon", "coordinates": [ [ [ -88.45, 47.15 ], [ -88.35, 47.15 ], [ -88.35, 47.05 ], [ -88.45, 47.05 ], [ -88.45, 47.15 ] ] ] } },
{ "type": "Feature", "properties": { "lat": 47.1, "lng": -88.3 }, "geometry": { "type": "Polygon", "coordinates": [ [ [ -88.35, 47.15 ], [ -88.25, 47.15 ], [ -88.25, 47.05 ], [ -88.35, 47.05 ], [ -88.35, 47.15 ] ] ] } },
{ "type": "Feature", "properties": { "lat": 47.1, "lng": -88.2 }, "geometry": { "type": "Polygon", "coordinates": [ [ [ -88.25, 47.15 ], [ -88.15, 47.15 ], [ -88.15, 47.05 ], [ -88.25, 47.05 ], [ -88.25, 47.15 ] ] ] } },
{ "type": "Feature", "properties": { "lat": 47.1, "lng": -88.1 }, "geometry": { "type": "Polygon", "coordinates": [ [ [ -88.15, 47.15 ], [ -88.05, 47.15 ], [ -88.05, 47.05 ], [ -88.15, 47.05 ], [ -88.15, 47.15 ] ] ] } },
{ "type": "Feature", "properties": { "lat": 47.1, "lng": -88.0 }, "geometry": { "type": "Polygon", "coordinates": [ [ [ -88.05, 47.15 ], [ -87.95, 47.15 ], [ -87.95, 47.05 ], [ -88.05, 47.05 ], [ -88.05, 47.15 ] ] ] } },
{ "type": "Feature", "properties": { "lat": 47.1, "lng": -87.9 }, "geometry": { "type": "Polygon", "coordinates": [ [ [ -87.95, 47.15 ], [ -87.85, 47.15 ], [ -87.85, 47.05 ], [ -87.95, 47.05 ], [ -87.95, 47.15 ] ] ] } },
{ "type": "Feature", "properties": { "lat": 47.1, "lng": -87.8 }, "geometry": { "type": "Polygon", "coordinates": [ [ [ -87.85, 47.15 ], [ -87.75, 47.15 ], [ -87.75, 47.05 ], [ -87.85, 47.05 ], [ -87.85, 47.15 ] ] ] } },
{ "type": "Feature", "properties": { "lat": 47.1, "lng": -87.7 }, "geometry": { "type": "Polygon", "coordinates": [ [ [ -87.75, 47.15 ], [ -87.65, 47.15 ], [ -87.65, 47.05 ], [ -87.75, 47.05 ], [ -87.75, 47.15 ] ] ] } },
{ "type": "Feature", "properties": { "lat": 47.1, "lng": -87.6 }, "geometry": { "type": "Polygon", "coordinates": [ [ [ -87.65, 47.15 ], [ -87.55, 47.15 ], [ -87.55, 47.05 ], [ -87.65, 47.05 ], [ -87.65, 47.15 ] ] ] } },
{ "type": "Feature", "properties": { "lat": 47.1, "lng": -87.5 }, "geometry": { "type": "Polygon", "coordinates": [ [ [ -87.55, 47.15 ], [ -87.45, 47.15 ], [ -87.45, 47.05 ], [ -87.55, 47.05 ], [ -87.55, 47.15 ] ] ] } },
{ "type": "Feature", "properties": { "lat": 47.1, "lng": -87.4 }, "geometry": { "type": "Polygon", "coordinates": [ [ [ -87.45, 47.15 ], [ -87.35, 47.15 ], [ -87.35, 47.05 ], [ -87.45, 47.05 ], [ -87.45, 47.15 ] ] ] } },
{ "type": "Feature", "properties": { "lat": 47.1, "lng": -87.3 }, "geometry": { "type": "Polygon", "coordinates": [ [ [ -87.35, 47.15 ], [ -87.25, 47.15 ], [ -87.25, 47.05 ], [ -87.35, 47.05 ], [ -87.35, 47.15 ] ] ] } },
{ "type": "Feature", "properties": { "lat": 47.1, "lng": -87.2 }, "geometry": { "type": "Polygon", "coordinates": [ [ [ -87.25, 47.15 ], [ -87.15, 47.15 ], [ -87.15, 47.05 ], [ -87.25, 47.05 ], [ -87.25, 47.15 ] ] ] } },
{ "type": "Feature", "properties": { "lat": 47.1, "lng": -87.1 }, "geometry": { "type": "Polygon", "coordinates": [ [ [ -87.15, 47.15 ], [ -87.05, 47.15 ], [ -87.05, 47.05 ], [ -87.15, 47.05 ], [ -87.15, 47.15 ] ] ] } },
{ "type": "Feature", "properties": { "lat": 47.1, "lng": -87.0 }, "geometry": { "type": "Polygon", "coordinates": [ [ [ -87.05, 47.15 ], [ -86.95, 47.15 ], [ -86.95, 47.05 ], [ -87.05, 47.05 ], [ -87.05, 47.15 ] ] ] } },
{ "type": "Feature", "properties": { "lat": 47.1, "lng": -86.9 }, "geometry": { "type": "Polygon", "coordinates": [ [ [ -86.95, 47.15 ], [ -86.85, 47.15 ], [ -86.85, 47.05 ], [ -86.95, 47.05 ], [ -86.95, 47.15 ] ] ] } },
{ "type": "Feature", "properties": { "lat": 47.1, "lng": -86.8 }, "geometry": { "type": "Polygon", "coordinates": [ [ [ -86.85, 47.15 ], [ -86.75, 47.15 ], [ -86.75, 47.05 ], [ -86.85, 47.05 ], [ -86.85, 47.15 ] ] ] } }
]
}
